{
  "materials": [
    {
      "item": {
        "type": "forge:partial_nbt",
        "item": "tacz:modern_kinetic_gun",
        "nbt": {
          "GunId": "tacz:vector45"
        }
      },
      "count": 1
    },
    {
      "item": {
        "type": "forge:partial_nbt",
        "item": "tacz:modern_kinetic_gun",
        "nbt": {
          "GunId": "tacz:aug"
        }
      },
      "count": 1
    }
  ],
  "result": {
    "type": "gun",
    "id": "murasamet:auv"
  },
  "type": "tacz:gun_smith_table_crafting"
}