{
  "materials": [
    {
      "item": {
        "tag": "forge:gems/diamond"
      },
      "count": 15
    },
    {
      "item": {
        "tag": "forge:ingots/gold"
      },
      "count": 60
    },
    {
      "item": {
        "tag": "forge:ingots/netherite"
      },
      "count": 1
    },
    {
      "item": {
        "tag": "forge:ingots/iron"
      },
      "count": 300
    },
    {
      "item": {
        "tag": "forge:rods/blaze"
      },
      "count": 5
    }
  ],
  "result": {
    "type": "gun",
    "id": "murasamet:tdf141ls",
    "attachments": {
      "scope": "murasamet:scope_rsi_4100",
      "laser": "murasamet:laser_module"
    }
  },
  "type": "tacz:gun_smith_table_crafting"
}