{
  "materials": [
    {
      "item": {
        "tag": "forge:gems/diamond"
      },
      "count": 5
    },
    {
      "item": {
        "tag": "forge:ingots/gold"
      },
      "count": 16
    },
    {
      "item": {
        "tag": "forge:ingots/iron"
      },
      "count": 72
    },
    {
      "item": {
        "tag": "forge:gems/quartz"
      },
      "count": 24
    }
  ],
  "result": {
    "type": "gun",
    "id": "murasamet:tdf74e",
    "attachments": {
      "scope": "murasamet:scope_pr3200",
      "laser": "murasamet:laser_module"
    }
  },
  "type": "tacz:gun_smith_table_crafting"
}