{
  "materials": [
    {
      "item": {
        "tag": "forge:gems/diamond"
      },
      "count": 3
    },
    {
      "item": {
        "tag": "forge:ingots/gold"
      },
      "count": 16
    },
    {
      "item": {
        "tag": "forge:ingots/iron"
      },
      "count": 64
    },
    {
      "item": {
        "tag": "forge:gems/quartz"
      },
      "count": 12
    }
  ],
  "result": {
    "type": "gun",
    "id": "murasamet:tdf97ar",
    "attachments": {
      "scope": "tacz:sight_coyote",
      "laser": "murasamet:laser_module"
    }
  },
  "type": "tacz:gun_smith_table_crafting"
}