{
	"format_version": "1.8.0",
	"animations": {
		"static_idle": {
			"loop": true,
			"bones": {
				"lefthand": {
					"rotation": [96.63479, -2.01565, 172.74579],
					"position": [7.675, -11.025, -13.775],
					"scale": [1, 1.5, 1]
				},
				"righthand": {
					"rotation": [92.5, -355, -180],
					"position": [-6.25, -10.5, -5],
					"scale": [1, 1.5, 1]
				},
				"constraint": {
					"rotation": [0.2, 0.2, 0.2],
					"position": [0.2, 0.2, 0.2]
				}
			}
		},
		"draw": {
			"loop": "hold_on_last_frame",
			"animation_length": 0.5417,
			"bones": {
				"lefthand": {
					"rotation": [96.63479, -2.01565, 172.74579],
					"position": [7.675, -11.025, -13.775],
					"scale": [1, 1.5, 1]
				},
				"righthand": {
					"rotation": [92.5, -355, -180],
					"position": [-6.25, -10.5, -5],
					"scale": [1, 1.5, 1]
				},
				"constraint": {
					"rotation": [0.2, 0.2, 0.2],
					"position": [0.2, 0.2, 0.2]
				},
				"root": {
					"rotation": {
						"0.0417": [23.94, -15.56, 9.09],
						"0.0833": [19.95, -13.2, 6.86],
						"0.125": [14.05, -9.72, 3.54],
						"0.1667": [7.55, -5.86, -0.08],
						"0.2083": [1.77, -2.38, -3.19],
						"0.25": [-2, 0, -5],
						"0.2917": [-3.25, 1.14, -4.92],
						"0.3333": [-2.19, 1.08, -3.24],
						"0.375": [-0.36, 0.52, -1.13],
						"0.4167": [0.76, 0.18, 0.25],
						"0.4583": [0.74, 0.14, 0.56],
						"0.5": [0.33, 0.06, 0.27],
						"0.5417": [0, 0, 0]
					},
					"position": {
						"0.0": [0, -5, 8],
						"0.0417": [0, -4.22, 6.7],
						"0.0833": [0, -3.06, 4.79],
						"0.125": [0, -1.79, 2.68],
						"0.1667": [0, -0.64, 0.78],
						"0.2083": [0, 0.12, -0.46],
						"0.25": [0, 0.41, -0.94],
						"0.2917": [0, 0.28, -0.69],
						"0.3333": [0, 0, -0.18],
						"0.375": [0, -0.17, 0.13],
						"0.4167": [0, -0.14, 0.14],
						"0.4583": [0, -0.06, 0.06],
						"0.5": [0, 0, 0]
					}
				},
				"camera": {
					"rotation": {
						"0.0": [0, 0, 0],
						"0.0417": [0.4, -0.07, -0.45],
						"0.0833": [0.66, -0.12, -0.75],
						"0.125": [0.37, -0.07, -0.45],
						"0.1667": [-0.11, 0.01, 0.05],
						"0.2083": [-0.41, 0.07, 0.38],
						"0.25": [-0.39, 0.08, 0.35],
						"0.2917": [-0.23, 0.08, 0.19],
						"0.3333": [-0.05, 0.08, 0],
						"0.375": [0.07, 0.07, -0.12],
						"0.4167": [0.09, 0.06, -0.13],
						"0.4583": [0.07, 0.04, -0.09],
						"0.5": [0.03, 0.01, -0.04],
						"0.5417": [0, 0, 0]
					}
				}
			}
		},
		"put_away": {
			"loop": "hold_on_last_frame",
			"animation_length": 0.3333,
			"bones": {
				"lefthand": {
					"rotation": {
						"0.0833": [96.63479, -2.01565, 172.74579],
						"0.2917": [87.39, -73.53, 209.2]
					},
					"position": [7.675, -11.025, -13.775],
					"scale": [1, 1.5, 1]
				},
				"righthand": {
					"rotation": [92.5, -355, -180],
					"position": [-6.25, -10.5, -5],
					"scale": [1, 1.5, 1]
				},
				"constraint": {
					"rotation": [0.2, 0.2, 0.2],
					"position": [0.2, 0.2, 0.2]
				},
				"root": {
					"rotation": {
						"0.0417": [0, 0, 0],
						"0.0833": [1.45, 1.05, -1.81],
						"0.125": [3.72, 2.14, -3.9],
						"0.1667": [7.49, 0.33, -2.48],
						"0.2083": [12.27, -4.89, 3.26],
						"0.25": [18.42, -12.55, 11.91],
						"0.2917": [24.34, -20.21, 20.64],
						"0.3333": [28.41, -25.46, 26.61]
					},
					"position": {
						"0.0": [0, 0, 0],
						"0.0417": [0, 0.22, 0.81],
						"0.0833": [0, 0.44, 1.96],
						"0.125": [0, 0, 3],
						"0.1667": [0, -1.22, 3.62],
						"0.2083": [0, -3, 4.19],
						"0.25": [0, -4.78, 4.66],
						"0.2917": [0, -6, 5]
					}
				},
				"camera": {
					"rotation": {
						"0.0": [0, 0, 0],
						"0.0417": [-0.21, 0, 0.22],
						"0.0833": [-0.36, 0, 0.36],
						"0.125": [-0.13, 0, 0.1],
						"0.1667": [0.13, 0, -0.19],
						"0.2083": [0.09, 0, -0.13],
						"0.25": [0, 0, 0],
						"0.2917": [-0.01, 0, 0.01],
						"0.3333": [0, 0, 0]
					}
				}
			}
		},
		"reload_tactical": {
			"animation_length": 4,
			"bones": {
				"3": {
					"scale": {
						"1.0417": [0, 0, 0],
						"1.0833": {"pre": [0, 0, 0], "post": [1, 1, 1]}
					}
				},
				"lefthand": {
					"rotation": {
						"0.0833": [96.63479, -2.01565, 172.74579],
						"0.2083": [130.80175, -22.89993, 138.38364],
						"0.375": [146.0488, 0.29718, 165.23612],
						"0.5833": [146.0488, 0.29718, 165.23612],
						"1.0833": [122.00358, -1.82467, 168.62746],
						"2.125": [122.00358, -1.82467, 168.62746],
						"2.3333": [122.00358, -1.82467, 168.62746],
						"2.4583": [122.00358, -1.82467, 168.62746],
						"2.5417": [91.64264, -42.90174, 235.19267],
						"2.7083": [77.21878, -47.64306, 254.42563],
						"2.75": [70.679, -25.1745, 261.71745],
						"2.9167": [72.34586, -39.38803, 259.89183],
						"3.125": [91.75274, -0.49438, 190.45295],
						"3.2083": [96.63479, -2.01565, 172.74579]
					},
					"position": {
						"0.0417": [7.675, -11.025, -13.775],
						"0.1667": [9.805, -10.7, -7.59],
						"0.2917": [7.68, -11.345, 1.695],
						"0.5": [7.68, -11.345, 1.695],
						"0.9583": [7.68, -11.345, 1.495],
						"2.0833": [7.68, -11.345, 1.495],
						"2.2917": [7.68, -11.345, 1.495],
						"2.4167": [7.68, -11.345, 1.495],
						"2.5": [8.03, -16.49, 0.35],
						"2.6667": [7.28, -19.34, 0.35],
						"2.7083": [6.43, -15.115, 0.35],
						"2.875": [6.83, -15.92, 0.35],
						"3.0833": [8.61, -11.4, -12.25],
						"3.1667": [7.675, -11.025, -13.775]
					},
					"scale": {
						"0.0": [1, 1.5, 1],
						"3.1667": [1, 1.5, 1]
					}
				},
				"righthand": {
					"rotation": {
						"0.2083": [92.5, -355, -180],
						"0.4583": [111.98024, -340.66628, -160.93146],
						"2.9583": [111.98024, -340.66628, -160.93146],
						"3.1667": [92.5, -355, -180]
					},
					"position": {
						"0.2083": [-6.25, -10.5, -5],
						"0.4583": [-6.6, -10.025, -4.7],
						"2.9583": [-6.6, -10.025, -4.7],
						"3.1667": [-6.25, -10.5, -5]
					},
					"scale": {
						"0.0": [1, 1.5, 1],
						"2.7917": [1, 1.5, 1]
					}
				},
				"constraint": {
					"rotation": {
						"0.0": [0, 0, 0],
						"0.0417": [0, 0, 0],
						"0.0833": [0.01, 0.01, 0.01],
						"0.1667": [0.01, 0.01, 0.01],
						"0.2083": [0.02, 0.02, 0.02],
						"0.25": [0.02, 0.02, 0.02],
						"0.2917": [0.02, 0.02, 0.02],
						"0.375": [0.03, 0.03, 0.03],
						"0.4167": [0.03, 0.03, 0.03],
						"0.4583": [0.03, 0.03, 0.03],
						"0.5": [0.04, 0.04, 0.04],
						"0.5833": [0.04, 0.04, 0.04],
						"0.6667": [0.05, 0.05, 0.05],
						"0.7917": [0.05, 0.05, 0.05],
						"0.875": [0.05, 0.05, 0.05],
						"0.9583": [0.07, 0.07, 0.07],
						"1.1667": [0.07, 0.07, 0.07],
						"1.2083": [0.08, 0.08, 0.08],
						"1.3333": [0.08, 0.08, 0.08],
						"1.4167": [0.08, 0.08, 0.08],
						"1.625": [0.09, 0.09, 0.09],
						"1.75": [0.09, 0.09, 0.09],
						"1.7917": [0.1, 0.1, 0.1],
						"1.9167": [0.1, 0.1, 0.1],
						"2.0": [0.11, 0.11, 0.11],
						"2.0417": [0.11, 0.11, 0.11],
						"2.0833": [0.12, 0.12, 0.12],
						"2.125": [0.12, 0.12, 0.12],
						"2.2083": [0.12, 0.12, 0.12],
						"2.25": [0.13, 0.13, 0.13],
						"2.2917": [0.13, 0.13, 0.13],
						"2.3333": [0.13, 0.13, 0.13],
						"2.4167": [0.14, 0.14, 0.14],
						"2.4583": [0.14, 0.14, 0.14],
						"2.5": [0.15, 0.15, 0.15],
						"2.5417": [0.15, 0.15, 0.15],
						"2.625": [0.15, 0.15, 0.15],
						"2.6667": [0.16, 0.16, 0.16],
						"2.7083": [0.16, 0.16, 0.16],
						"2.75": [0.17, 0.17, 0.17],
						"2.8333": [0.17, 0.17, 0.17],
						"2.875": [0.17, 0.17, 0.17],
						"2.9167": [0.18, 0.18, 0.18],
						"2.9583": [0.18, 0.18, 0.18],
						"3.0417": [0.18, 0.18, 0.18],
						"3.0833": [0.19, 0.19, 0.19],
						"3.125": [0.19, 0.19, 0.19],
						"3.1667": [0.2, 0.2, 0.2],
						"3.2083": [0.2, 0.2, 0.2]
					},
					"position": {
						"0.0": [0, 0, 0],
						"0.0417": [0, 0, 0],
						"0.0833": [0.01, 0.01, 0.01],
						"0.1667": [0.01, 0.01, 0.01],
						"0.2083": [0.02, 0.02, 0.02],
						"0.25": [0.02, 0.02, 0.02],
						"0.2917": [0.02, 0.02, 0.02],
						"0.375": [0.03, 0.03, 0.03],
						"0.4167": [0.03, 0.03, 0.03],
						"0.4583": [0.03, 0.03, 0.03],
						"0.5": [0.04, 0.04, 0.04],
						"0.5833": [0.04, 0.04, 0.04],
						"0.6667": [0.05, 0.05, 0.05],
						"0.7917": [0.05, 0.05, 0.05],
						"0.875": [0.05, 0.05, 0.05],
						"0.9583": [0.07, 0.07, 0.07],
						"1.1667": [0.07, 0.07, 0.07],
						"1.2083": [0.08, 0.08, 0.08],
						"1.3333": [0.08, 0.08, 0.08],
						"1.4167": [0.08, 0.08, 0.08],
						"1.625": [0.09, 0.09, 0.09],
						"1.75": [0.09, 0.09, 0.09],
						"1.7917": [0.1, 0.1, 0.1],
						"1.9167": [0.1, 0.1, 0.1],
						"2.0": [0.11, 0.11, 0.11],
						"2.0417": [0.11, 0.11, 0.11],
						"2.0833": [0.12, 0.12, 0.12],
						"2.125": [0.12, 0.12, 0.12],
						"2.2083": [0.12, 0.12, 0.12],
						"2.25": [0.13, 0.13, 0.13],
						"2.2917": [0.13, 0.13, 0.13],
						"2.3333": [0.13, 0.13, 0.13],
						"2.4167": [0.14, 0.14, 0.14],
						"2.4583": [0.14, 0.14, 0.14],
						"2.5": [0.15, 0.15, 0.15],
						"2.5417": [0.15, 0.15, 0.15],
						"2.625": [0.15, 0.15, 0.15],
						"2.6667": [0.16, 0.16, 0.16],
						"2.7083": [0.16, 0.16, 0.16],
						"2.75": [0.17, 0.17, 0.17],
						"2.8333": [0.17, 0.17, 0.17],
						"2.875": [0.17, 0.17, 0.17],
						"2.9167": [0.18, 0.18, 0.18],
						"2.9583": [0.18, 0.18, 0.18],
						"3.0417": [0.18, 0.18, 0.18],
						"3.0833": [0.19, 0.19, 0.19],
						"3.125": [0.19, 0.19, 0.19],
						"3.1667": [0.2, 0.2, 0.2],
						"3.2083": [0.2, 0.2, 0.2]
					}
				},
				"root": {
					"rotation": {
						"0.0417": {
							"pre": [0, 0, 0],
							"post": [0, 0, 0],
							"lerp_mode": "catmullrom"
						},
						"0.1667": {
							"post": [2.5, 0, 0],
							"lerp_mode": "catmullrom"
						},
						"0.2917": {
							"post": [-5.33, -4.8, -23.37],
							"lerp_mode": "catmullrom"
						},
						"0.4583": {
							"post": [-8.745, -6.73, -37.66],
							"lerp_mode": "catmullrom"
						},
						"0.6667": {
							"post": [-4.795, -5.16, -36.31],
							"lerp_mode": "catmullrom"
						},
						"0.7917": {
							"post": [-9.54131, -5.38038, -28.80396],
							"lerp_mode": "catmullrom"
						},
						"0.875": {
							"post": [-10.79799, -6.63854, -38.68136],
							"lerp_mode": "catmullrom"
						},
						"0.9583": {
							"post": [-11.96, -6.27, -37.745],
							"lerp_mode": "catmullrom"
						},
						"1.3333": {
							"post": [-10.365, -5.41, -36.45],
							"lerp_mode": "catmullrom"
						},
						"1.9167": {
							"post": [-7.33, -3.33, -43.12],
							"lerp_mode": "catmullrom"
						},
						"2.0417": {
							"post": [-10.16224, -7.3703, -46.05436],
							"lerp_mode": "catmullrom"
						},
						"2.0833": {
							"post": [-10.98734, -8.10449, -43.96957],
							"lerp_mode": "catmullrom"
						},
						"2.25": {
							"post": [-14.725, -13.11, -43.08],
							"lerp_mode": "catmullrom"
						},
						"2.2917": {
							"post": [-11.865, -11.685, -34.695],
							"lerp_mode": "catmullrom"
						},
						"2.3333": {
							"post": [-12.39, -12.66, -39.545],
							"lerp_mode": "catmullrom"
						},
						"2.4583": {
							"post": [-12.915, -13.64, -38.045],
							"lerp_mode": "catmullrom"
						},
						"2.5": {
							"post": [-15.28, -11.95, -36.55],
							"lerp_mode": "catmullrom"
						},
						"2.625": {
							"post": [-16.84, -11.19, -29.38],
							"lerp_mode": "catmullrom"
						},
						"2.7083": {
							"post": [-17.605, -11.36, -26.285],
							"lerp_mode": "catmullrom"
						},
						"2.75": {
							"post": [-12.26, -11.32, -34.25],
							"lerp_mode": "catmullrom"
						},
						"2.8333": {
							"post": [-14.52, -11.07, -27.18],
							"lerp_mode": "catmullrom"
						},
						"2.9167": {
							"post": [-16.79, -10.81, -32.01],
							"lerp_mode": "catmullrom"
						},
						"3.0417": {
							"post": [-14.335, -10.84, -27.575],
							"lerp_mode": "catmullrom"
						},
						"3.125": {
							"post": [-8.5, -6.56, -15.54],
							"lerp_mode": "catmullrom"
						},
						"3.1667": {
							"post": [1.77, -4.42, -9.53],
							"lerp_mode": "catmullrom"
						},
						"3.2917": {
							"post": [0.625, -0.14, 2.5],
							"lerp_mode": "catmullrom"
						},
						"3.3333": {
							"post": [4.15, 1.63, 5.18],
							"lerp_mode": "catmullrom"
						},
						"3.4167": {
							"post": [0.59, 0.41, -1.1425],
							"lerp_mode": "catmullrom"
						},
						"3.5417": {
							"post": [-0.62, -0.09, 1.21625],
							"lerp_mode": "catmullrom"
						},
						"3.7083": {
							"post": [-0.33125, 0, -0.35],
							"lerp_mode": "catmullrom"
						},
						"3.8333": {
							"post": [0, 0, 0],
							"lerp_mode": "catmullrom"
						}
					},
					"position": {
						"0.0": {
							"post": [0, 0, 0],
							"lerp_mode": "catmullrom"
						},
						"0.0833": {
							"post": [-0.35, -0.66, -0.22],
							"lerp_mode": "catmullrom"
						},
						"0.2083": {
							"post": [-0.715, -0.595, -0.57],
							"lerp_mode": "catmullrom"
						},
						"0.375": {
							"post": [-1.99375, 2.42625, -1.8425],
							"lerp_mode": "catmullrom"
						},
						"0.4583": {
							"post": [-2.81875, 3.39125, -2.3125],
							"lerp_mode": "catmullrom"
						},
						"0.6667": {
							"post": [-2.52375, 2.74625, -2.0025],
							"lerp_mode": "catmullrom"
						},
						"0.7917": {
							"post": [-2.31375, 3.14625, -2.0325],
							"lerp_mode": "catmullrom"
						},
						"1.1667": {
							"post": [-2.60875, 3.56125, -2.6325],
							"lerp_mode": "catmullrom"
						},
						"1.75": {
							"post": [-2.64375, 3.14625, -2.9025],
							"lerp_mode": "catmullrom"
						},
						"1.9167": {
							"post": [-2.75, 2.04, -3.7],
							"lerp_mode": "catmullrom"
						},
						"2.0417": {
							"post": [-2.76, 1.7, -4],
							"lerp_mode": "catmullrom"
						},
						"2.0833": {
							"post": [-2.78, 1.79, -4.04],
							"lerp_mode": "catmullrom"
						},
						"2.25": {
							"post": [-2.59375, 1.86625, -4.1025],
							"lerp_mode": "catmullrom"
						},
						"2.2917": {
							"post": [-2.29375, 1.37125, -3.7525],
							"lerp_mode": "catmullrom"
						},
						"2.4167": {
							"post": [-2.66375, 1.32625, -4.3225],
							"lerp_mode": "catmullrom"
						},
						"2.5417": {
							"post": [-2.81875, 2.32625, -4.5025],
							"lerp_mode": "catmullrom"
						},
						"2.7083": {
							"post": [-2.61875, 2.91125, -4.6025],
							"lerp_mode": "catmullrom"
						},
						"2.75": {
							"post": [-3.00875, 2.24625, -4.7725],
							"lerp_mode": "catmullrom"
						},
						"2.875": {
							"post": [-2.92875, 2.36125, -4.7725],
							"lerp_mode": "catmullrom"
						},
						"3.0417": {
							"post": [-2.89875, 1.54625, -4.5125],
							"lerp_mode": "catmullrom"
						},
						"3.1667": {
							"post": [-0.59, -0.03, -7.53],
							"lerp_mode": "catmullrom"
						},
						"3.2917": {
							"post": [0, -0.32, -2.3],
							"lerp_mode": "catmullrom"
						},
						"3.3333": {
							"post": [0, -0.21, 0.2],
							"lerp_mode": "catmullrom"
						},
						"3.4167": {
							"post": [0, 0.04, -0.15],
							"lerp_mode": "catmullrom"
						},
						"3.5417": {
							"post": [0, 0, 0.2],
							"lerp_mode": "catmullrom"
						},
						"3.7083": {
							"post": [0, 0, 0],
							"lerp_mode": "catmullrom"
						}
					}
				},
				"mag_and_lefthand": {
					"rotation": {
						"0.5833": [0, 0, 0],
						"0.875": [0, 0, 0],
						"0.9583": [-2.5, 0, 0],
						"1.1667": [-2.5, 0, 0],
						"1.2083": [-2.5, 0, 0],
						"1.3333": [-2.5, 0, 0],
						"1.4167": [-2.5, 0, 0],
						"1.625": [-2.5, 0, 0],
						"1.75": [-2.5, 0, 0],
						"1.7917": [-2.5, 0, 0],
						"1.9167": [-12.57284, 32.86527, -15.03904],
						"2.0417": [-8.31, 0, 0],
						"2.125": [-3.38, 0, 0],
						"2.25": [-1.25, 0, 0],
						"2.2917": [0, 0, 0],
						"3.2917": [0, 0, 0]
					},
					"position": {
						"0.5833": [0, 0, 0],
						"0.875": [0, -7, 2.75],
						"0.9583": [-3.76, -15.3, 4.41],
						"1.1667": [-4.03, -15.48, 4.48],
						"1.2083": [-4.28, -15.54, 4.52],
						"1.3333": [-4.5, -15.51, 4.52],
						"1.4167": [-4.69, -15.38, 4.49],
						"1.625": [-4.83, -15.17, 4.43],
						"1.75": [-4.9, -14.88, 4.32],
						"1.7917": [-4.81, -14.09, 4],
						"1.9167": [-2.52, -9.08, -2.995],
						"2.0417": [0.36, -4.95875, -1.2425],
						"2.125": [0.27, -5.6325, 1.995],
						"2.25": [0, -5.08375, 2.13125],
						"2.2917": [0, 0, 0],
						"3.2917": [0, 0, 0]
					}
				},
				"camera": {
					"relative_to": {
						"rotation": "entity"
					},
					"rotation": {
						"0.0": {
							"post": [0, 0, 0],
							"lerp_mode": "catmullrom"
						},
						"0.0833": {
							"post": [-0.32, 0, 0.39],
							"lerp_mode": "catmullrom"
						},
						"0.2083": {
							"post": [1.25, 0.25, 0.22],
							"lerp_mode": "catmullrom"
						},
						"0.2917": {
							"post": [2.3, 0.59, -0.06],
							"lerp_mode": "catmullrom"
						},
						"0.4167": {
							"post": [3.185, 0.82, -0.24],
							"lerp_mode": "catmullrom"
						},
						"0.5": {
							"post": [3.35, 0.81, -0.07],
							"lerp_mode": "catmullrom"
						},
						"0.6667": {
							"post": [3.01, 0.62, -0.02],
							"lerp_mode": "catmullrom"
						},
						"0.7917": {
							"post": [2.94, 0.01, -1.15],
							"lerp_mode": "catmullrom"
						},
						"1.1667": {
							"post": [3.05, 0.67, 0.21],
							"lerp_mode": "catmullrom"
						},
						"1.3333": {
							"post": [3.12, 0.5, 0.065],
							"lerp_mode": "catmullrom"
						},
						"1.625": {
							"post": [3.2, 0.23, 0.27],
							"lerp_mode": "catmullrom"
						},
						"1.7917": {
							"post": [3.28, -0.07, 0.34],
							"lerp_mode": "catmullrom"
						},
						"1.9167": {
							"post": [3.34, -0.3, 0.39],
							"lerp_mode": "catmullrom"
						},
						"2.0417": {
							"post": [3.33, -0.43, 0.41],
							"lerp_mode": "catmullrom"
						},
						"2.125": {
							"post": [3.22, -0.37, 0.33],
							"lerp_mode": "catmullrom"
						},
						"2.25": {
							"post": [3.15, -0.27, 0.41],
							"lerp_mode": "catmullrom"
						},
						"2.2917": {
							"post": [3.31, -0.09, 1.38],
							"lerp_mode": "catmullrom"
						},
						"2.3333": {
							"post": [3.11, -0.27, -0.055],
							"lerp_mode": "catmullrom"
						},
						"2.4167": {
							"post": [3.3, -0.38, 0.12],
							"lerp_mode": "catmullrom"
						},
						"2.4583": {
							"post": [3.51, -0.51, 0.71],
							"lerp_mode": "catmullrom"
						},
						"2.5417": {
							"post": [3.52, -0.66, 0.125],
							"lerp_mode": "catmullrom"
						},
						"2.6667": {
							"post": [3.48, -0.81, 0.62],
							"lerp_mode": "catmullrom"
						},
						"2.7083": {
							"post": [3.46, -0.84, 0.71],
							"lerp_mode": "catmullrom"
						},
						"2.75": {
							"post": [3.45, -0.57, 1.6],
							"lerp_mode": "catmullrom"
						},
						"2.8333": {
							"post": [3.64, -0.49, 1.185],
							"lerp_mode": "catmullrom"
						},
						"2.875": {
							"post": [3.45, -0.57, 0.07],
							"lerp_mode": "catmullrom"
						},
						"2.9583": {
							"post": [2.91, -0.51, 1.025],
							"lerp_mode": "catmullrom"
						},
						"3.0833": {
							"post": [2.09, -0.39, 0.41],
							"lerp_mode": "catmullrom"
						},
						"3.1667": {
							"post": [0.97, -0.21, 0.12],
							"lerp_mode": "catmullrom"
						},
						"3.2917": {
							"post": [-0.23, -0.04, -0.19],
							"lerp_mode": "catmullrom"
						},
						"3.3333": {
							"post": [-0.62, 0.015, 0.62],
							"lerp_mode": "catmullrom"
						},
						"3.4167": {
							"post": [-0.15, -0.005, -0.385],
							"lerp_mode": "catmullrom"
						},
						"3.5417": {
							"post": [0.18, -0.06, 0.06],
							"lerp_mode": "catmullrom"
						},
						"3.7083": {
							"post": [0, 0, 0],
							"lerp_mode": "catmullrom"
						}
					}
				}
			},
			"sound_effects": {
				"0.0": {
					"effect": "tacz:aug/aug_reload_raise"
				},
				"0.4167": {
					"effect": "tacz:aug/aug_inspect_maggrab"
				},
				"0.625": {
					"effect": "tacz:aug/aug_reload_magout"
				},
				"2.2083": {
					"effect": "tacz:aug/aug_reload_magin"
				},
				"2.6667": {
					"effect": "tacz:aug/aug_reload_end"
				},
				"2.75": {
					"effect": "tacz:aug/aug_reload_maghitwell"
				}
			}
		},
		"reload_empty": {
			"animation_length": 4.625,
			"bones": {
				"3": {
					"scale": {
						"0.0": [0, 0, 0],
						"1.4583": [0, 0, 0],
						"1.5417": {"pre": [0, 0, 0], "post": [1, 1, 1]}
					}
				},
				"lefthand": {
					"rotation": {
						"0.0": [96.63479, -2.01565, 172.74579],
						"0.0833": [112.99326, -16.95203, 175.34103],
						"0.1667": [105.78563, -59.5896, 223.9238],
						"0.25": [110.85921, -47.92788, 228.76589],
						"0.375": [110.8886, -71.08494, 227.9639],
						"0.4167": [110.8886, -71.08494, 227.9639],
						"0.4583": [141.98, -49.94, 186.72],
						"0.5417": [157.53021, -39.3683, 166.10044],
						"0.6667": [157.53021, -39.3683, 166.10044],
						"0.7917": [136.16579, 13.36401, 151.27904],
						"0.875": [124.79, -2.05, 139.74],
						"1.0": [146.0488, 0.29718, 165.23612],
						"1.25": [146.0488, 0.29718, 165.23612],
						"1.6667": [146.0488, 0.29718, 165.23612],
						"1.75": [122.00358, -1.82467, 168.62746],
						"2.3333": [122.00358, -1.82467, 168.62746],
						"2.5417": [122.00358, -1.82467, 168.62746],
						"2.6667": [122.00358, -1.82467, 168.62746],
						"2.8333": [91.64264, -42.90174, 235.19267],
						"3.0417": [77.21878, -47.64306, 254.42563],
						"3.0833": [70.679, -25.1745, 261.71745],
						"3.25": [72.34586, -39.38803, 259.89183],
						"3.2917": [127.42, -15.49, 163.19],
						"3.5": [159.54705, 13.09954, 136.75819],
						"3.5833": [133.80229, 3.8566, 146.43193],
						"3.7083": [134.41692, 2.9508, 146.98693],
						"3.8333": [123.66049, -10.5021, 117.70561],
						"3.875": [132.94995, -15.85086, 99.2739],
						"4.0833": [96.63479, -2.01565, 172.74579],
						"4.2917": [96.63479, -2.01565, 172.74579]
					},
					"position": {
						"0.0": [7.675, -11.025, -13.775],
						"0.0833": [9.965, -7.79, -12.93],
						"0.1667": [9.5, -6.125, -12.09],
						"0.25": [9.28789, -7.73976, -14.63719],
						"0.375": [8.70172, -7.17233, -9.90644],
						"0.4167": [8.6633, -7.52934, -9.3156],
						"0.4583": [8.71777, -7.43963, -9.18278],
						"0.5417": [8.59194, -6.6735, -8.89205],
						"0.6667": [8.74, -5.105, -6.51],
						"0.7917": [10.11823, -8.99185, -3.76372],
						"0.875": [9.25835, -11.96862, -2.30298],
						"1.0": [7.68, -11.47, 1.695],
						"1.25": [7.68, -11.47, 1.695],
						"1.6667": [7.68, -11.47, 1.695],
						"1.75": [7.68, -11.47, 1.495],
						"2.3333": [7.68, -11.47, 1.495],
						"2.5417": [7.68, -11.47, 1.495],
						"2.6667": [7.68, -11.47, 1.495],
						"2.8333": [8.03, -16.615, 0.35],
						"3.0417": [7.28, -19.465, 0.35],
						"3.0833": [6.43, -15.24, 0.35],
						"3.25": [6.83, -16.045, 0.35],
						"3.2917": [7.06, -13.155, 0.64],
						"3.5": [7.96473, -3.46985, -9.33545],
						"3.7083": [8.99594, -5.18991, -7.00135],
						"3.8333": [11.07782, -9.02971, -1.33731],
						"4.0417": [10.085, -9.945, -9.63],
						"4.125": [7.675, -10.4, -13.775],
						"4.2917": [7.675, -11.025, -13.775]
					},
					"scale": {
						"0.0": [1, 1.5, 1],
						"4.2917": [1, 1.5, 1]
					}
				},
				"righthand": {
					"rotation": {
						"0.0": [92.5, -355, -180],
						"0.5833": [92.5, -355, -180],
						"0.6667": [92.5, -355, -180],
						"0.8333": [99.90365, -338.28728, -172.31745],
						"1.4167": [99.90365, -338.28728, -172.31745],
						"1.6667": [111.98024, -340.66628, -160.93146],
						"3.25": [111.98024, -340.66628, -160.93146],
						"3.4583": [92.5, -355, -180]
					},
					"position": {
						"0.0": [-6.25, -10.5, -5],
						"0.5833": [-6.25, -10.25, -5],
						"0.6667": [-6.25, -10.25, -5],
						"0.8333": [-7.25, -10.025, -4.7],
						"1.4167": [-6.475, -10.025, -4.7],
						"1.6667": [-6.6, -10.025, -4.7],
						"3.25": [-6.6, -10.025, -4.7],
						"3.4583": [-6.25, -10.5, -5]
					},
					"scale": {
						"0.0": [1, 1.5, 1],
						"3.4583": [1, 1.5, 1]
					}
				},
				"constraint": {
					"rotation": [0.2, 0.2, 0.2],
					"position": [0.2, 0.2, 0.2]
				},
				"root": {
					"rotation": {
						"0.0417": {
							"pre": [0, 0, 0],
							"post": [0, 0, 0],
							"lerp_mode": "catmullrom"
						},
						"0.1667": {
							"post": [-3.15, -0.16, -3.66],
							"lerp_mode": "catmullrom"
						},
						"0.3333": {
							"post": [-3.08, -0.15, -11.405],
							"lerp_mode": "catmullrom"
						},
						"0.4583": {
							"post": [-10.44, -0.04, -10.375],
							"lerp_mode": "catmullrom"
						},
						"0.5833": {
							"post": [-9.76, 0.05, -6.475],
							"lerp_mode": "catmullrom"
						},
						"0.6667": {
							"post": [-8.23, 0.24, -6.455],
							"lerp_mode": "catmullrom"
						},
						"0.7917": {
							"post": [-7.83, -2.65, -16.735],
							"lerp_mode": "catmullrom"
						},
						"0.9583": {
							"post": [-9.695, -4.65, -26.47],
							"lerp_mode": "catmullrom"
						},
						"1.0417": {
							"post": [-10.91, -5.79, -34.12],
							"lerp_mode": "catmullrom"
						},
						"1.1667": {
							"post": [-9.28, -5.65, -31.57],
							"lerp_mode": "catmullrom"
						},
						"1.2083": {
							"post": [-11.86, -5.07, -30.29],
							"lerp_mode": "catmullrom"
						},
						"1.25": {
							"post": [-14.6637, -2.82827, -23.61944],
							"lerp_mode": "catmullrom"
						},
						"1.3333": {
							"post": [-11.40525, -3.25733, -32.37294],
							"lerp_mode": "catmullrom"
						},
						"1.4583": {
							"post": [-11.57068, -2.35728, -28.84643],
							"lerp_mode": "catmullrom"
						},
						"1.6667": {
							"post": [-11.57188, -3.53749, -34.99875],
							"lerp_mode": "catmullrom"
						},
						"1.75": {
							"post": [-12.02, -4.36, -38.17],
							"lerp_mode": "catmullrom"
						},
						"2.125": {
							"post": [-13.91, -6, -38.32],
							"lerp_mode": "catmullrom"
						},
						"2.1667": {
							"post": [-12.67909, -6.68278, -40.23284],
							"lerp_mode": "catmullrom"
						},
						"2.4167": {
							"post": [-13.72797, -7.15956, -40.28455],
							"lerp_mode": "catmullrom"
						},
						"2.5417": {
							"post": [-10.8917, -4.68029, -29.83801],
							"lerp_mode": "catmullrom"
						},
						"2.625": {
							"post": [-9.8116, -5.87823, -37.86916],
							"lerp_mode": "catmullrom"
						},
						"2.6667": {
							"post": [-10.36754, -5.46076, -33.72286],
							"lerp_mode": "catmullrom"
						},
						"2.7917": {
							"post": [-13.11043, -4.02237, -29.96119],
							"lerp_mode": "catmullrom"
						},
						"2.875": {
							"post": [-14.88, -5.35, -35.65],
							"lerp_mode": "catmullrom"
						},
						"3.0417": {
							"post": [-15.06537, -5.28242, -37.37791],
							"lerp_mode": "catmullrom"
						},
						"3.0833": {
							"post": [-10.9437, -2.73501, -29.39355],
							"lerp_mode": "catmullrom"
						},
						"3.125": {
							"post": [-10.01432, -3.90537, -34.63541],
							"lerp_mode": "catmullrom"
						},
						"3.2083": {
							"post": [-9.08107, -3.30729, -30.04966],
							"lerp_mode": "catmullrom"
						},
						"3.2917": {
							"post": [-1.015, 2.12, -6.565],
							"lerp_mode": "catmullrom"
						},
						"3.4167": {
							"post": [0.865, 3.91, 2.67],
							"lerp_mode": "catmullrom"
						},
						"3.5": {
							"post": [-5.11, 3.31, 3.725],
							"lerp_mode": "catmullrom"
						},
						"3.5833": {
							"post": [-0.48, 0.6, 8.48],
							"lerp_mode": "catmullrom"
						},
						"3.7083": {
							"post": [0.16726, 5.14954, 26.67424],
							"lerp_mode": "catmullrom"
						},
						"3.9167": {
							"post": [-4.11, 0.91, -2.97],
							"lerp_mode": "catmullrom"
						},
						"4.0833": {
							"post": [2.365, 0.5, -2.42],
							"lerp_mode": "catmullrom"
						},
						"4.2083": {
							"post": [2.36, -0.3, -3.49],
							"lerp_mode": "catmullrom"
						},
						"4.5": {
							"post": [0, 0, 0],
							"lerp_mode": "catmullrom"
						}
					},
					"position": {
						"0.0": {
							"post": [0, 0, 0],
							"lerp_mode": "catmullrom"
						},
						"0.1667": {
							"post": [-0.285, -0.46, -0.41],
							"lerp_mode": "catmullrom"
						},
						"0.25": {
							"post": [-0.285, -0.46, -0.41],
							"lerp_mode": "catmullrom"
						},
						"0.375": {
							"post": [-0.285, -0.42, -0.41],
							"lerp_mode": "catmullrom"
						},
						"0.4583": {
							"post": [-0.285, -0.7, 0.54],
							"lerp_mode": "catmullrom"
						},
						"0.5833": {
							"post": [-0.315, -0.51, 0.26],
							"lerp_mode": "catmullrom"
						},
						"0.6667": {
							"post": [-0.92, -0.125, -0.915],
							"lerp_mode": "catmullrom"
						},
						"0.7917": {
							"post": [-1.835, 1.19, -3.23],
							"lerp_mode": "catmullrom"
						},
						"0.875": {
							"post": [-1.96, 1.815, -3.545],
							"lerp_mode": "catmullrom"
						},
						"1.0": {
							"post": [-1.895, 1.975, -3.195],
							"lerp_mode": "catmullrom"
						},
						"1.0833": {
							"post": [-1.885, 1.875, -2.855],
							"lerp_mode": "catmullrom"
						},
						"1.1667": {
							"post": [-1.72, 1.01, -2.92],
							"lerp_mode": "catmullrom"
						},
						"1.2083": {
							"post": [-1.575, 0.765, -3.025],
							"lerp_mode": "catmullrom"
						},
						"1.2917": {
							"post": [-1.765, 1.32, -3.035],
							"lerp_mode": "catmullrom"
						},
						"1.4583": {
							"post": [-2.015, 1.84, -3.375],
							"lerp_mode": "catmullrom"
						},
						"1.7083": {
							"post": [-2.255, 1.735, -3.355],
							"lerp_mode": "catmullrom"
						},
						"1.9167": {
							"post": [-2.28, 1.11, -3.17],
							"lerp_mode": "catmullrom"
						},
						"2.125": {
							"post": [-2.24, 1.385, -2.985],
							"lerp_mode": "catmullrom"
						},
						"2.1667": {
							"post": [-2.17, 1.66, -2.97],
							"lerp_mode": "catmullrom"
						},
						"2.4167": {
							"post": [-1.945, 1.5, -2.995],
							"lerp_mode": "catmullrom"
						},
						"2.625": {
							"post": [-2.205, 0.605, -3.315],
							"lerp_mode": "catmullrom"
						},
						"2.7083": {
							"post": [-2.035, 1.64, -3.055],
							"lerp_mode": "catmullrom"
						},
						"2.8333": {
							"post": [-1.915, 1.47, -3.02],
							"lerp_mode": "catmullrom"
						},
						"3.0417": {
							"post": [-1.925, 1.91, -3.24],
							"lerp_mode": "catmullrom"
						},
						"3.0833": {
							"post": [-1.69, 2.62, -3.21],
							"lerp_mode": "catmullrom"
						},
						"3.25": {
							"post": [-1.455, 1.7, -2.26],
							"lerp_mode": "catmullrom"
						},
						"3.3333": {
							"post": [-0.79, 0.615, -1.055],
							"lerp_mode": "catmullrom"
						},
						"3.4583": {
							"post": [-0.515, -0.09, -0.515],
							"lerp_mode": "catmullrom"
						},
						"3.5417": {
							"post": [-0.365, -0.645, -0.705],
							"lerp_mode": "catmullrom"
						},
						"3.7083": {
							"post": [-0.525, -1.6, -3.15],
							"lerp_mode": "catmullrom"
						},
						"3.9167": {
							"post": [0.06, -1.27, -3.445],
							"lerp_mode": "catmullrom"
						},
						"4.125": {
							"post": [-0.01, -0.955, -2.82],
							"lerp_mode": "catmullrom"
						},
						"4.2917": {
							"post": [0, -0.35, 0.025],
							"lerp_mode": "catmullrom"
						},
						"4.4583": {
							"post": [0, 0, -0.2],
							"lerp_mode": "catmullrom"
						},
						"4.5417": {
							"post": [0, 0, 0.15],
							"lerp_mode": "catmullrom"
						},
						"4.6667": {
							"post": [0, 0, 0],
							"lerp_mode": "catmullrom"
						}
					}
				},
				"mag_and_lefthand": {
					"rotation": {
						"1.0417": [0, 0, 0],
						"1.2083": [0, 0, 0],
						"1.25": [-2.5, 0, 0],
						"1.2917": [-2.5, 0, 0],
						"1.3333": [-2.5, 0, 0],
						"1.4167": [-2.5, 0, 0],
						"1.4583": [-2.5, 0, 0],
						"1.5417": [-2.5, 0, 0],
						"1.6667": [-2.5, 0, 0],
						"1.7083": [-2.5, 0, 0],
						"1.75": [-2.5, 0, 0],
						"1.8333": [-2.5, 0, 0],
						"1.9167": [-2.5, 0, 0],
						"2.0833": [-12.57284, 32.86527, -15.03904],
						"2.1667": [-8.31, 0, 0],
						"2.3333": [-3.38, 0, 0],
						"2.5417": [-1.25, 0, 0],
						"2.625": [0, 0, 0]
					},
					"position": {
						"1.0417": [0, 0, 0],
						"1.2083": [0, -7, 2.75],
						"1.25": [-3, -14.09, 4],
						"1.2917": [-3.23, -14.62, 4.16],
						"1.3333": [-3.49, -15.02, 4.3],
						"1.4167": [-3.76, -15.3, 4.41],
						"1.4583": [-4.03, -15.48, 4.48],
						"1.5417": [-4.28, -15.54, 4.52],
						"1.6667": [-4.5, -15.51, 4.52],
						"1.7083": [-4.69, -15.38, 4.49],
						"1.75": [-4.83, -15.17, 4.43],
						"1.8333": [-4.9, -14.88, 4.32],
						"1.9167": [-4.81, -14.09, 4],
						"2.0833": [-2.52, -9.08, -2.995],
						"2.1667": [0.36, -4.95875, -1.2425],
						"2.3333": [0.27, -5.6325, 1.995],
						"2.5417": [0, -5.08375, 2.13125],
						"2.625": [0, 0, 0]
					}
				},
				"aug_charge": {
					"rotation": {
						"0.4583": {
							"pre": [0, 0, 0],
							"post": [0, 0, 0],
							"lerp_mode": "catmullrom"
						},
						"0.5833": [0, 0, -7.5],
						"3.5417": [0, 0, -7.5],
						"3.625": {
							"pre": [0, 0, 0],
							"post": [0, 0, 0],
							"lerp_mode": "catmullrom"
						}
					},
					"position": {
						"0.25": {
							"pre": [0, 0, 0],
							"post": [0, 0, 0],
							"lerp_mode": "catmullrom"
						},
						"0.4167": {
							"post": [0, 0, 5.25],
							"lerp_mode": "catmullrom"
						},
						"0.5833": [0, 0, 5],
						"3.5417": [0, 0, 5],
						"3.7083": {
							"pre": [0, 0, 5.25],
							"post": [0, 0, 5.25],
							"lerp_mode": "catmullrom"
						},
						"3.8333": {
							"post": [0, 0, 0],
							"lerp_mode": "catmullrom"
						}
					}
				},
				"camera": {
					"rotation": {
						"0.0": [0, 0, 0],
						"0.0417": [0.22, -0.13, -0.19],
						"0.0833": [0.53, -0.3, -0.46],
						"0.1667": [0.75, -0.43, -0.65],
						"0.2083": [0.83, -0.46, -0.74],
						"0.25": [0.86, -0.47, -0.81],
						"0.3333": [0.84, -0.45, -0.8],
						"0.375": [0.75, -0.43, -0.65],
						"0.4167": [-0.27, -0.28, 1.2],
						"0.4583": [0.25, -0.28, -0.93],
						"0.5417": [-0.29, -0.17, -0.61],
						"0.5833": [0.14, 0.04, -0.09],
						"0.625": [0.96, 0.14, -0.11],
						"0.6667": [2.15, 0.26, -0.19],
						"0.7083": [3.56, 0.39, -0.31],
						"0.7917": [5.04, 0.53, -0.44],
						"0.8333": [6.45, 0.65, -0.56],
						"0.875": [7.65, 0.75, -0.66],
						"0.9583": [8.47, 0.81, -0.72],
						"1.0": [9.02, 0.83, -0.75],
						"1.0417": [9.11, 0.81, -0.75],
						"1.0833": [8.92, 0.75, -0.71],
						"1.1667": [8.65, 0.66, -0.62],
						"1.2083": [8.47, 0.55, -0.46],
						"1.25": [7.76, -0.39, 1.29],
						"1.2917": [7.95, -0.22, 0.35],
						"1.3333": [8.03, 0.07, -0.7],
						"1.4167": [7.37, 0.14, -0.36],
						"1.4583": [6.5, 0.14, 0.24],
						"1.5417": [5.62, 0.15, 0.31],
						"1.6667": [5.04, 0.07, 0.24],
						"1.7083": [5.08, -0.03, 0.2],
						"1.75": [5.26, -0.17, 0.14],
						"1.8333": [5.51, -0.32, 0.08],
						"1.9167": [5.74, -0.46, 0.03],
						"2.0": [5.89, -0.54, 0.01],
						"2.0833": [5.93, -0.57, 0.04],
						"2.125": [5.93, -0.57, 0.11],
						"2.1667": [5.9, -0.56, 0.2],
						"2.25": [5.86, -0.53, 0.28],
						"2.3333": [5.8, -0.5, 0.3],
						"2.4167": [5.75, -0.48, 0.24],
						"2.5417": [5.21, -0.36, -1.26],
						"2.625": [5.51, -0.36, 0.82],
						"2.6667": [5.55, -0.36, 0.39],
						"2.7083": [5.54, -0.36, -0.26],
						"2.7917": [5.54, -0.36, -0.25],
						"2.8333": [5.54, -0.35, -0.13],
						"2.875": [5.54, -0.35, 0.03],
						"2.9167": [5.53, -0.35, 0.15],
						"2.9583": [5.51, -0.36, 0.15],
						"3.0417": [5.3, -0.54, -1.02],
						"3.0833": [5.48, -0.48, -0.48],
						"3.125": [5.42, -0.36, 0.17],
						"3.2083": [4.69, -0.26, 0.07],
						"3.25": [3.32, -0.12, -0.08],
						"3.2917": [2.15, 0, 0.05],
						"3.3333": [0.68, 0.15, 0.26],
						"3.4167": [-0.73, 0.29, 0.48],
						"3.4583": [-1.7, 0.39, 0.64],
						"3.5": [-2.12, 0.43, 0.62],
						"3.5417": [-1.98, 0.41, 0.52],
						"3.5833": [-1.7, 0.39, 0.64],
						"3.6667": [-0.38, 0.39, 2.64],
						"3.7083": [-0.37, 0.4, 1.27],
						"3.75": [-0.61, 0.41, -0.16],
						"3.8333": [-1.06, 0.44, 0.5],
						"3.875": [-1.27, 0.39, 1.32],
						"3.9167": [-0.79, 0.2, 0.97],
						"3.9583": [-0.05, -0.05, 0.29],
						"4.0417": [0.44, -0.2, -0.2],
						"4.0833": [0.41, -0.14, -0.21],
						"4.125": [0.13, 0.02, -0.01],
						"4.1667": [-0.09, 0.13, 0.13],
						"4.2083": [-0.1, 0.11, 0.11],
						"4.2917": [-0.05, 0.05, 0.05],
						"4.3333": [0, 0, 0]
					}
				}
			},
			"sound_effects": {
				"0.0": {
					"effect": "tacz:aug/aug_reload_empty_raise"
				},
				"0.3333": {
					"effect": "tacz:aug/aug_reload_empty_boltlock"
				},
				"0.8333": {
					"effect": "tacz:aug/aug_reload_empty_raise"
				},
				"0.9583": {
					"effect": "tacz:aug/aug_inspect_maggrab"
				},
				"1.0417": {
					"effect": "tacz:aug/aug_reload_empty_magout"
				},
				"1.8333": {
					"effect": "tacz:mag_drop_sound/mag_drop_ar_poly_dirt"
				},
				"2.125": {
					"effect": "tacz:aug/aug_reload_empty_maghit"
				},
				"2.4167": {
					"effect": "tacz:aug/aug_reload_empty_magin"
				},
				"3.0417": {
					"effect": "tacz:aug/aug_reload_maghitwell"
				},
				"3.5": {
					"effect": "tacz:aug/aug_reload_empty_boltclose"
				},
				"3.8333": {
					"effect": "tacz:aug/aug_reload_empty_end"
				}
			}
		},
		"shoot": {
			"loop": true,
			"animation_length": 0.625,
			"bones": {
				"constraint": {
					"rotation": {
						"0.125": [0.2, 0.2, 0.2],
						"0.1667": [0.17, 0.17, 0.17],
						"0.2083": [0.13, 0.13, 0.13],
						"0.25": [0.1, 0.1, 0.1],
						"0.2917": [0.07, 0.07, 0.07],
						"0.3333": [0.03, 0.03, 0.03],
						"0.375": [0, 0, 0]
					},
					"position": {
						"0.125": [0.2, 0.2, 0.2],
						"0.1667": [0.17, 0.17, 0.17],
						"0.2083": [0.13, 0.13, 0.13],
						"0.25": [0.1, 0.1, 0.1],
						"0.2917": [0.07, 0.07, 0.07],
						"0.3333": [0.03, 0.03, 0.03],
						"0.375": [0, 0, 0]
					}
				},
				"camera": {
					"rotation": {
						"0.0": [0, 0, 0],
						"0.0417": [0, 0, 0.6],
						"0.0833": [0, 0, -0.07],
						"0.125": [0, 0, 0.33],
						"0.1667": [0, 0, 0.08],
						"0.2083": [0, 0, -0.22],
						"0.25": [0, 0, -0.15],
						"0.2917": [0, 0, 0.02],
						"0.3333": [0, 0, 0.01],
						"0.375": [0, 0, 0]
					}
				},
				"shellwin": {
					"position": {
						"0.0833": [0, 0, 0],
						"0.125": [0, 0, 1.625],
						"0.1667": [0, 0, 0]
					}
				},
				"mag_and_lefthand": {
					"rotation": {
						"0.0": [0, 0, 0],
						"0.0417": [1.23, 0, 0.73],
						"0.0833": [-1.99, 0, -1.23],
						"0.125": [-0.91, 0, -0.35],
						"0.1667": [0.18, 0, 0.53],
						"0.2083": [0.27, 0, 0.27],
						"0.25": [0.36, 0, 0.01],
						"0.2917": [0.38, -0.07, -0.08],
						"0.3333": [0.3, -0.13, 0.08],
						"0.375": [0.23, -0.2, 0.25],
						"0.4167": [0.14, -0.14, 0.09],
						"0.4583": [0.1, -0.11, 0.01],
						"0.5": [0.06, -0.07, -0.07],
						"0.5417": [0.04, -0.06, -0.06],
						"0.5833": [0.01, -0.02, -0.02],
						"0.625": [0, 0, 0]
					},
					"position": {
						"0.0": [0, 0, 0],
						"0.0417": [0, -0.02, 1.73],
						"0.0833": [0, -0.05, 0.67],
						"0.125": [0, -0.05, -0.04],
						"0.1667": [0, -0.04, -0.01],
						"0.2083": [0, -0.04, 0.03],
						"0.25": [0, -0.03, 0.06],
						"0.2917": [0, -0.02, 0.07],
						"0.3333": [0, -0.01, 0.03],
						"0.375": [0, 0, 0]
					}
				},
				"gun_and_righthand": {
					"rotation": {
						"0.0": [0, 0, 0],
						"0.0417": [1.23, 0, 0.73],
						"0.0833": [-1.99, 0, -1.23],
						"0.125": [-0.91, 0, -0.35],
						"0.1667": [0.18, 0, 0.53],
						"0.2083": [0.27, 0, 0.27],
						"0.25": [0.36, 0, 0.01],
						"0.2917": [0.38, -0.07, -0.08],
						"0.3333": [0.3, -0.13, 0.08],
						"0.375": [0.23, -0.2, 0.25],
						"0.4167": [0.14, -0.14, 0.09],
						"0.4583": [0.1, -0.11, 0.01],
						"0.5": [0.06, -0.07, -0.07],
						"0.5417": [0.04, -0.06, -0.06],
						"0.5833": [0.01, -0.02, -0.02],
						"0.625": [0, 0, 0]
					},
					"position": {
						"0.0": [0, 0, 0],
						"0.0417": [0, -0.02, 1.73],
						"0.0833": [0, -0.05, 0.67],
						"0.125": [0, -0.05, -0.04],
						"0.1667": [0, -0.04, -0.01],
						"0.2083": [0, -0.04, 0.03],
						"0.25": [0, -0.03, 0.06],
						"0.2917": [0, -0.02, 0.07],
						"0.3333": [0, -0.01, 0.03],
						"0.375": [0, 0, 0]
					}
				},
				"aug": {
					"rotation": {
						"0.0": [0, 0, 0],
						"0.0417": [1.23, 0, 0.73],
						"0.0833": [-1.99, 0, -1.23],
						"0.125": [-0.91, 0, -0.35],
						"0.1667": [0.18, 0, 0.53],
						"0.2083": [0.27, 0, 0.27],
						"0.25": [0.36, 0, 0.01],
						"0.2917": [0.38, -0.07, -0.08],
						"0.3333": [0.3, -0.13, 0.08],
						"0.375": [0.23, -0.2, 0.25],
						"0.4167": [0.14, -0.14, 0.09],
						"0.4583": [0.1, -0.11, 0.01],
						"0.5": [0.06, -0.07, -0.07],
						"0.5417": [0.04, -0.06, -0.06],
						"0.5833": [0.01, -0.02, -0.02],
						"0.625": [0, 0, 0]
					},
					"position": {
						"0.0": [0, 0, 0],
						"0.0417": [0, -0.02, 1.73],
						"0.0833": [0, -0.05, 0.67],
						"0.125": [0, -0.05, -0.04],
						"0.1667": [0, -0.04, -0.01],
						"0.2083": [0, -0.04, 0.03],
						"0.25": [0, -0.03, 0.06],
						"0.2917": [0, -0.02, 0.07],
						"0.3333": [0, -0.01, 0.03],
						"0.375": [0, 0, 0]
					}
				}
			}
		},
		"inspect_empty": {
			"loop": "hold_on_last_frame",
			"animation_length": 5.25,
			"bones": {
				"lefthand": {
					"rotation": {
						"0.0": [96.63479, -2.01565, 172.74579],
						"0.25": [107.15, -24.51, 208.77],
						"0.2917": [110.64, -24.99, 208.46],
						"0.3333": [113.92, -25.44, 208.17],
						"0.375": [116.84, -25.84, 207.91],
						"0.4167": [119.27, -26.18, 207.69],
						"0.4583": [121.06, -26.42, 207.54],
						"0.5": [122.88, -26.69, 207.37],
						"0.5417": [123.4, -26.79, 207.3],
						"0.5833": [123.05, -26.77, 207.31],
						"0.625": [122.25, -26.68, 207.37],
						"0.6667": [121.45, -26.54, 207.46],
						"0.7083": [121.06, -26.42, 207.54],
						"0.75": [121.04, -26.33, 207.6],
						"0.7917": [121.03, -26.21, 207.68],
						"0.8333": [121.03, -26.05, 207.78],
						"0.875": [121.01, -25.88, 207.9],
						"0.9167": [121, -25.71, 208.01],
						"0.9583": [120.97, -25.54, 208.12],
						"1.0": [120.93, -25.39, 208.23],
						"1.0417": [120.87, -25.26, 208.31],
						"1.0833": [120.79, -25.17, 208.37],
						"1.125": [120.69, -25.13, 208.39],
						"1.1667": [120.6, -25.14, 208.39],
						"1.2083": [120.49, -25.17, 208.37],
						"1.25": [120.37, -25.21, 208.34],
						"1.2917": [120.23, -25.28, 208.3],
						"1.3333": [120.09, -25.36, 208.25],
						"1.375": [119.93, -25.44, 208.19],
						"1.4167": [119.77, -25.54, 208.13],
						"1.4583": [119.61, -25.64, 208.06],
						"1.5": [119.46, -25.74, 207.99],
						"1.5417": [119.31, -25.84, 207.93],
						"1.5833": [119.17, -25.93, 207.86],
						"1.625": [119.04, -26.02, 207.81],
						"1.6667": [118.92, -26.1, 207.76],
						"1.7083": [118.82, -26.16, 207.71],
						"1.75": [118.75, -26.21, 207.68],
						"1.7917": [118.94, -26.25, 207.65],
						"1.8333": [119.58, -26.28, 207.64],
						"1.875": [120.49, -26.29, 207.63],
						"1.9167": [121.48, -26.28, 207.63],
						"1.9583": [122.36, -26.27, 207.64],
						"2.0": [122.96, -26.26, 207.65],
						"2.0417": [123.08, -26.24, 207.66],
						"2.0833": [122.54, -26.23, 207.67],
						"2.125": [121.16, -26.21, 207.68],
						"2.1667": [118.75, -26.21, 207.68],
						"2.2083": [111.61, -26.07, 207.57],
						"2.25": [101.23, -25.78, 207.34],
						"2.2917": [89.18, -25.48, 207.11],
						"2.3333": [77.06, -25.34, 207.01],
						"2.375": [66.47, -25.53, 207.15],
						"2.4167": [59, -26.21, 207.68],
						"2.4583": [54.93, -27.64, 208.79],
						"2.5": [53.05, -29.76, 210.44],
						"2.5417": [52.69, -32.2, 212.33],
						"2.5833": [53.2, -34.61, 214.2],
						"2.625": [53.9, -36.63, 215.78],
						"2.6667": [54.14, -37.92, 216.77],
						"2.7083": [54.09, -38.24, 217.01],
						"2.75": [54.16, -38.36, 217.09],
						"2.7917": [54.32, -38.3, 217.02],
						"2.8333": [54.55, -38.1, 216.86],
						"2.875": [54.83, -37.8, 216.61],
						"2.9167": [55.15, -37.43, 216.3],
						"2.9583": [55.48, -37.03, 215.98],
						"3.0": [55.79, -36.64, 215.66],
						"3.0417": [56.07, -36.29, 215.37],
						"3.0833": [56.29, -36.01, 215.15],
						"3.125": [56.44, -35.85, 215.02],
						"3.1667": [56.57, -35.89, 215.02],
						"3.2083": [56.58, -36.2, 215.23],
						"3.25": [56.53, -36.56, 215.49],
						"3.2917": [56.46, -36.77, 215.65],
						"3.3333": [56.42, -36.61, 215.54],
						"3.375": [56.44, -35.85, 215.02],
						"3.4167": [56.61, -33.11, 213.12],
						"3.4583": [56.86, -29.1, 210.35],
						"3.5": [57.1, -25.1, 207.58],
						"3.5417": [57.27, -22.35, 205.68],
						"3.5833": [57.25, -22.04, 205.46],
						"3.625": [57.15, -21.79, 205.27],
						"3.6667": [56.98, -21.6, 205.11],
						"3.7083": [56.76, -21.47, 204.99],
						"3.75": [56.5, -21.4, 204.9],
						"3.7917": [56.23, -21.36, 204.83],
						"3.8333": [55.94, -21.37, 204.8],
						"3.875": [55.67, -21.41, 204.78],
						"3.9167": [55.41, -21.48, 204.79],
						"3.9583": [55.19, -21.57, 204.83],
						"4.0": [55.03, -21.68, 204.87],
						"4.0417": [54.93, -21.79, 204.94],
						"4.0833": [54.9, -21.91, 205.02],
						"4.125": [54.98, -22.02, 205.11],
						"4.1667": [55.16, -22.13, 205.21],
						"4.2083": [55.46, -22.22, 205.32],
						"4.25": [55.91, -22.29, 205.44],
						"4.2917": [56.51, -22.34, 205.56],
						"4.3333": [57.27, -22.35, 205.68],
						"4.375": [59.99, -22.33, 206.07],
						"4.6667": [96.63479, -2.01565, 172.74579]
					},
					"position": {
						"0.0": [7.675, -11.025, -13.775],
						"4.6667": [7.675, -11.025, -13.775]
					},
					"scale": {
						"0.0": [1, 1.5, 1],
						"4.6667": [1, 1.5, 1]
					}
				},
				"righthand": {
					"rotation": {
						"0.0": [92.5, -355, -180],
						"0.2083": [92.69548, -337.51768, -179.18663],
						"4.7083": [92.69548, -337.51768, -179.18663],
						"4.875": [92.5, -355, -180]
					},
					"position": {
						"0.0": [-6.25, -10.5, -5],
						"0.2083": [-7, -10.25, -5],
						"4.7083": [-7, -10.25, -5],
						"4.875": [-6.25, -10.5, -5]
					},
					"scale": {
						"0.0": [1, 1.5, 1],
						"4.875": [1, 1.5, 1]
					}
				},
				"constraint": {
					"rotation": [0.2, 0.2, 0.2],
					"position": [0.2, 0.2, 0.2]
				},
				"root": {
					"rotation": {
						"0.0": [0, 0, 0],
						"0.0417": [-1.15, 0.01, -0.57],
						"0.0833": [-2.8, 0.11, -1.25],
						"0.125": [-4.67, -0.36, -2.89],
						"0.1667": [-6.5, -2.07, -6.35],
						"0.2083": [-8.7, -5.62, -12.48],
						"0.25": [-11.25, -10.49, -20.61],
						"0.2917": [-13.25, -15.76, -29.32],
						"0.3333": [-13.79, -20.46, -37.21],
						"0.375": [-12.04, -24.63, -44.41],
						"0.4167": [-8.68, -28.68, -51.5],
						"0.4583": [-5.08, -32.24, -57.74],
						"0.5": [-2.6, -34.94, -62.39],
						"0.5417": [-1.81, -36.28, -64.57],
						"0.5833": [-1.62, -36.99, -65.62],
						"0.625": [-1.77, -37.31, -65.94],
						"0.6667": [-1.99, -37.45, -65.98],
						"0.7083": [-2.02, -37.63, -66.14],
						"0.75": [-1.93, -37.76, -66.3],
						"0.7917": [-1.83, -37.84, -66.37],
						"0.8333": [-1.71, -37.87, -66.38],
						"0.875": [-1.59, -37.87, -66.34],
						"0.9167": [-1.48, -37.85, -66.28],
						"0.9583": [-1.36, -37.83, -66.2],
						"1.0": [-1.26, -37.8, -66.14],
						"1.0417": [-1.18, -37.78, -66.1],
						"1.0833": [-1.11, -37.79, -66.11],
						"1.125": [-1.04, -37.83, -66.2],
						"1.1667": [-1.02, -37.87, -66.34],
						"1.2083": [-1.03, -37.92, -66.5],
						"1.25": [-1.05, -37.96, -66.66],
						"1.2917": [-1.05, -37.98, -66.79],
						"1.3333": [-1.05, -37.99, -66.88],
						"1.375": [-1.05, -38, -66.96],
						"1.4167": [-1.05, -37.99, -67.03],
						"1.4583": [-1.05, -37.98, -67.1],
						"1.5": [-1.05, -37.97, -67.18],
						"1.5417": [-1.05, -37.97, -67.26],
						"1.5833": [-1.06, -37.96, -67.41],
						"1.625": [-1.06, -37.95, -67.59],
						"1.6667": [-1.07, -37.94, -67.77],
						"1.7083": [-1.07, -37.92, -67.87],
						"1.75": [-1.07, -37.9, -67.83],
						"1.7917": [-1.08, -37.89, -67.79],
						"1.8333": [-1.09, -37.87, -67.77],
						"1.875": [-1.09, -37.84, -67.69],
						"1.9167": [-1.1, -37.82, -67.45],
						"1.9583": [-1.11, -37.8, -66.96],
						"2.0": [-1.11, -37.79, -66.11],
						"2.0417": [-0.77, -38.16, -64.83],
						"2.0833": [-0.2, -38.8, -63.37],
						"2.125": [-0.09, -38.94, -60.53],
						"2.1667": [-1.11, -37.79, -55.11],
						"2.2083": [-7.29, -30.97, -34.42],
						"2.25": [-15.62, -21.36, -9.19],
						"2.2917": [-25, -10.06, 16],
						"2.3333": [-32.91, 0.97, 38.17],
						"2.375": [-34.65, 5.41, 45.94],
						"2.4167": [-35.29, 9.45, 52.05],
						"2.4583": [-35.41, 12.79, 56.66],
						"2.5": [-35.64, 15.19, 59.92],
						"2.5417": [-36.05, 16.27, 61.33],
						"2.5833": [-36.35, 16.27, 60.97],
						"2.625": [-36.57, 15.83, 59.93],
						"2.6667": [-36.72, 15.58, 59.25],
						"2.7083": [-36.8, 15.6, 58.91],
						"2.75": [-36.73, 15.56, 58.77],
						"2.7917": [-36.74, 15.54, 58.83],
						"2.8333": [-36.75, 15.52, 58.96],
						"2.875": [-36.76, 15.49, 59.13],
						"2.9167": [-36.77, 15.47, 59.3],
						"2.9583": [-36.77, 15.45, 59.45],
						"3.0": [-36.77, 15.45, 59.55],
						"3.0417": [-36.78, 15.44, 59.51],
						"3.0833": [-36.78, 15.42, 59.36],
						"3.125": [-36.79, 15.4, 59.16],
						"3.1667": [-36.79, 15.39, 58.97],
						"3.2083": [-36.79, 15.39, 58.84],
						"3.25": [-36.78, 15.42, 58.84],
						"3.2917": [-36.76, 15.49, 59.01],
						"3.3333": [-36.72, 15.6, 59.43],
						"3.375": [-36.61, 15.92, 60.8],
						"3.4167": [-36.45, 16.38, 62.81],
						"3.4583": [-36.28, 16.88, 65.05],
						"3.5": [-36.12, 17.34, 67.1],
						"3.5417": [-36, 17.68, 68.54],
						"3.5833": [-35.97, 17.79, 68.97],
						"3.625": [-35.95, 17.88, 69.27],
						"3.6667": [-35.94, 17.94, 69.48],
						"3.7083": [-35.94, 17.98, 69.59],
						"3.75": [-35.94, 18.01, 69.63],
						"3.7917": [-35.95, 18.03, 69.62],
						"3.8333": [-35.95, 18.04, 69.57],
						"3.875": [-35.95, 18.05, 69.51],
						"3.9167": [-35.95, 18.05, 69.44],
						"3.9583": [-35.93, 18.05, 69.4],
						"4.0": [-35.92, 18.05, 69.38],
						"4.0417": [-35.93, 18.05, 69.37],
						"4.0833": [-35.94, 18.05, 69.37],
						"4.125": [-35.95, 18.04, 69.33],
						"4.1667": [-35.94, 18.01, 69.25],
						"4.2083": [-35.92, 17.98, 69.08],
						"4.25": [-35.86, 17.92, 68.81],
						"4.2917": [-35.77, 17.85, 68.41],
						"4.3333": [-35.63, 17.76, 67.86],
						"4.375": [-35.68, 17.86, 66.51],
						"4.4167": [-35.9, 18.14, 64.85],
						"4.4583": [-35.33, 17.83, 62.24],
						"4.5": [-33, 16.18, 58.04],
						"4.5417": [-27.82, 12.16, 51.32],
						"4.5833": [-20.56, 6.43, 42.69],
						"4.625": [-13.14, 0.83, 33.75],
						"4.6667": [-7.42, -2.84, 26.12],
						"4.7083": [-3.06, -3.62, 18.13],
						"4.75": [-0.62, -2.05, 11.52],
						"4.7917": [0.81, -0.65, 6.5],
						"4.8333": [1.18, -0.29, 3.45],
						"4.875": [0.55, -0.11, 2],
						"4.9167": [0, 0, 1.25],
						"4.9583": [-0.05, 0.04, 2.33],
						"5.0": [-0.03, 0.02, 1.51],
						"5.0417": [0, 0, 0.5],
						"5.0833": [0, 0, 0.22],
						"5.125": [0, 0, 0.08],
						"5.1667": [0, 0, 0],
						"5.2083": [0, 0, -0.03],
						"5.25": [0, 0, -0.03]
					},
					"position": {
						"0.0": [0, 0, 0],
						"0.0417": [-0.12, -0.06, -0.65],
						"0.0833": [-0.21, -0.24, -1.04],
						"0.125": [-0.32, -0.48, -1.55],
						"0.1667": [-0.43, -0.72, -2.03],
						"0.2083": [-0.53, -0.87, -2.35],
						"0.25": [-0.62, -0.94, -2.44],
						"0.2917": [-0.69, -0.9, -2.33],
						"0.3333": [-0.83, -0.8, -2.25],
						"0.375": [-1.08, -0.62, -2.3],
						"0.4167": [-1.4, -0.38, -2.39],
						"0.4583": [-1.68, -0.15, -2.45],
						"0.5": [-1.94, 0.14, -2.47],
						"0.5417": [-2.1, 0.36, -2.46],
						"0.5833": [-2.13, 0.39, -2.46],
						"0.625": [-2.12, 0.39, -2.45],
						"0.6667": [-2.1, 0.37, -2.45],
						"0.7083": [-2.09, 0.35, -2.44],
						"0.75": [-2.09, 0.33, -2.43],
						"0.7917": [-2.09, 0.29, -2.43],
						"0.8333": [-2.08, 0.25, -2.42],
						"0.875": [-2.08, 0.21, -2.42],
						"0.9167": [-2.08, 0.2, -2.41],
						"0.9583": [-2.08, 0.2, -2.4],
						"1.0": [-2.08, 0.21, -2.4],
						"1.0417": [-2.07, 0.24, -2.4],
						"1.0833": [-2.07, 0.25, -2.39],
						"1.125": [-2.07, 0.25, -2.39],
						"1.1667": [-2.07, 0.26, -2.38],
						"1.2083": [-2.06, 0.26, -2.38],
						"1.25": [-2.06, 0.26, -2.37],
						"1.2917": [-2.06, 0.26, -2.37],
						"1.3333": [-2.06, 0.26, -2.36],
						"1.375": [-2.06, 0.26, -2.36],
						"1.4167": [-2.05, 0.25, -2.35],
						"1.4583": [-2.05, 0.25, -2.35],
						"1.5": [-2.05, 0.22, -2.34],
						"1.5417": [-2.04, 0.18, -2.33],
						"1.5833": [-2.03, 0.14, -2.32],
						"1.625": [-2.03, 0.09, -2.32],
						"1.6667": [-2.02, 0.06, -2.31],
						"1.7083": [-2.02, 0.04, -2.3],
						"1.75": [-2.02, 0.03, -2.29],
						"1.7917": [-2.02, 0.05, -2.28],
						"1.8333": [-2.02, 0.07, -2.28],
						"1.875": [-2.01, 0.08, -2.27],
						"1.9167": [-2, 0.07, -2.26],
						"1.9583": [-2.01, 0.04, -2.25],
						"2.0": [-2, -0.03, -2.24],
						"2.0417": [-1.84, -0.23, -2.21],
						"2.0833": [-1.6, -0.53, -2.19],
						"2.125": [-1.27, -0.95, -2.19],
						"2.1667": [-0.9, -1.38, -2.16],
						"2.2083": [-0.58, -1.69, -2.11],
						"2.25": [-0.35, -1.77, -1.99],
						"2.2917": [-0.27, -1.59, -1.82],
						"2.3333": [-0.25, -1.22, -1.59],
						"2.375": [-0.27, -0.74, -1.33],
						"2.4167": [-0.31, -0.23, -1.07],
						"2.4583": [-0.35, 0.22, -0.84],
						"2.5": [-0.37, 0.55, -0.67],
						"2.5417": [-0.37, 0.73, -0.57],
						"2.5833": [-0.38, 0.84, -0.51],
						"2.625": [-0.38, 0.89, -0.48],
						"2.6667": [-0.39, 0.92, -0.46],
						"2.7083": [-0.39, 0.93, -0.46],
						"2.75": [-0.39, 0.95, -0.44],
						"2.7917": [-0.4, 0.97, -0.43],
						"2.8333": [-0.4, 0.98, -0.43],
						"2.875": [-0.4, 0.98, -0.43],
						"2.9167": [-0.39, 0.98, -0.43],
						"2.9583": [-0.39, 0.97, -0.43],
						"3.0": [-0.39, 0.95, -0.43],
						"3.0417": [-0.39, 0.94, -0.44],
						"3.0833": [-0.39, 0.93, -0.44],
						"3.125": [-0.39, 0.93, -0.44],
						"3.1667": [-0.39, 0.92, -0.44],
						"3.2083": [-0.39, 0.91, -0.44],
						"3.25": [-0.39, 0.9, -0.44],
						"3.2917": [-0.39, 0.9, -0.45],
						"3.3333": [-0.39, 0.89, -0.45],
						"3.375": [-0.39, 0.88, -0.45],
						"3.4167": [-0.39, 0.87, -0.45],
						"3.4583": [-0.39, 0.86, -0.45],
						"3.5": [-0.39, 0.85, -0.45],
						"3.5417": [-0.39, 0.84, -0.46],
						"3.5833": [-0.39, 0.83, -0.46],
						"3.625": [-0.39, 0.82, -0.46],
						"3.6667": [-0.39, 0.81, -0.46],
						"3.7083": [-0.39, 0.8, -0.46],
						"3.75": [-0.39, 0.8, -0.46],
						"3.7917": [-0.39, 0.79, -0.47],
						"3.8333": [-0.39, 0.78, -0.47],
						"3.875": [-0.39, 0.78, -0.47],
						"3.9167": [-0.39, 0.77, -0.47],
						"3.9583": [-0.39, 0.76, -0.47],
						"4.0": [-0.39, 0.75, -0.47],
						"4.0417": [-0.39, 0.75, -0.48],
						"4.0833": [-0.39, 0.74, -0.48],
						"4.125": [-0.39, 0.74, -0.48],
						"4.1667": [-0.39, 0.74, -0.48],
						"4.2083": [-0.39, 0.74, -0.48],
						"4.25": [-0.39, 0.74, -0.48],
						"4.2917": [-0.38, 0.77, -0.48],
						"4.3333": [-0.38, 0.8, -0.48],
						"4.375": [-0.37, 0.81, -0.48],
						"4.4167": [-0.36, 0.79, -0.48],
						"4.4583": [-0.35, 0.72, -0.47],
						"4.5": [-0.32, 0.54, -0.47],
						"4.5417": [-0.28, 0.28, -0.47],
						"4.5833": [-0.23, 0, -0.47],
						"4.625": [-0.19, -0.26, -0.46],
						"4.6667": [-0.15, -0.42, -0.45],
						"4.7083": [-0.09, -0.48, -0.44],
						"4.75": [-0.04, -0.4, -0.43],
						"4.7917": [0, -0.3, -0.35],
						"4.8333": [0.03, -0.23, -0.2],
						"4.875": [0.07, -0.14, 0],
						"4.9167": [0.09, -0.06, 0.19],
						"4.9583": [0.1, 0, 0.3],
						"5.0": [0.06, 0.02, 0.19],
						"5.0417": [0, 0, 0],
						"5.0833": [-0.01, 0, -0.02],
						"5.125": [-0.01, 0, -0.02],
						"5.1667": [0, 0, -0.01],
						"5.2083": [0, 0, 0]
					}
				},
				"camera": {
					"rotation": {
						"0.0": [0, 0, 0],
						"0.0417": [0.02, 0.01, 0.05],
						"0.0833": [0.03, 0.03, 0.13],
						"0.125": [0.08, 0.07, 0.14],
						"0.1667": [0.19, 0.17, 0],
						"0.2083": [0.3, 0.26, -0.2],
						"0.25": [0.46, 0.38, -0.49],
						"0.2917": [0.63, 0.52, -0.84],
						"0.3333": [0.82, 0.66, -1.2],
						"0.375": [0.98, 0.81, -1.54],
						"0.4167": [1.12, 0.94, -1.82],
						"0.4583": [1.2, 1.06, -2.02],
						"0.5": [1.21, 1.18, -2.13],
						"0.5417": [1.16, 1.31, -2.16],
						"0.5833": [1.08, 1.42, -2.13],
						"0.625": [0.98, 1.52, -2.05],
						"0.6667": [0.9, 1.6, -1.96],
						"0.7083": [0.85, 1.65, -1.87],
						"0.75": [0.85, 1.66, -1.83],
						"0.7917": [0.84, 1.67, -1.77],
						"0.8333": [0.84, 1.67, -1.7],
						"0.875": [0.84, 1.66, -1.63],
						"0.9167": [0.84, 1.65, -1.55],
						"0.9583": [0.84, 1.63, -1.46],
						"1.0": [0.85, 1.62, -1.38],
						"1.0417": [0.85, 1.6, -1.3],
						"1.0833": [0.87, 1.58, -1.22],
						"1.125": [0.88, 1.56, -1.15],
						"1.1667": [0.9, 1.55, -1.09],
						"1.2083": [0.92, 1.53, -1.05],
						"1.25": [0.95, 1.52, -1.01],
						"1.2917": [0.97, 1.52, -1],
						"1.3333": [1, 1.52, -1],
						"1.375": [1.03, 1.51, -1.02],
						"1.4167": [1.07, 1.51, -1.05],
						"1.4583": [1.11, 1.52, -1.09],
						"1.5": [1.15, 1.52, -1.13],
						"1.5417": [1.2, 1.52, -1.19],
						"1.5833": [1.24, 1.53, -1.24],
						"1.625": [1.29, 1.53, -1.3],
						"1.6667": [1.34, 1.53, -1.37],
						"1.7083": [1.39, 1.54, -1.43],
						"1.75": [1.44, 1.54, -1.49],
						"1.7917": [1.49, 1.55, -1.55],
						"1.8333": [1.53, 1.55, -1.61],
						"1.875": [1.58, 1.55, -1.66],
						"1.9167": [1.62, 1.55, -1.7],
						"1.9583": [1.67, 1.55, -1.73],
						"2.0": [1.7, 1.55, -1.75],
						"2.0417": [1.78, 1.55, -1.8],
						"2.0833": [1.8, 1.55, -1.8],
						"2.125": [1.9, 1.53, -1.71],
						"2.1667": [2.2, 1.48, -1.5],
						"2.2083": [2.6, 1.42, -1.24],
						"2.25": [3.14, 1.33, -0.88],
						"2.2917": [3.75, 1.24, -0.47],
						"2.3333": [4.37, 1.14, -0.05],
						"2.375": [4.91, 1.05, 0.31],
						"2.4167": [5.3, 0.99, 0.58],
						"2.4583": [5.54, 0.95, 0.75],
						"2.5": [5.68, 0.92, 0.86],
						"2.5417": [5.74, 0.91, 0.92],
						"2.5833": [5.76, 0.9, 0.95],
						"2.625": [5.76, 0.9, 0.96],
						"2.6667": [5.77, 0.9, 0.95],
						"2.7083": [5.76, 0.91, 0.87],
						"2.75": [5.71, 0.94, 0.7],
						"2.7917": [5.62, 0.97, 0.54],
						"2.8333": [5.5, 0.98, 0.46],
						"2.875": [5.48, 0.98, 0.47],
						"2.9167": [5.47, 0.99, 0.48],
						"2.9583": [5.48, 1, 0.49],
						"3.0": [5.5, 1.01, 0.52],
						"3.0417": [5.52, 1.02, 0.54],
						"3.0833": [5.53, 1.03, 0.57],
						"3.125": [5.55, 1.05, 0.61],
						"3.1667": [5.55, 1.05, 0.64],
						"3.2083": [5.55, 1.06, 0.68],
						"3.25": [5.52, 1.06, 0.72],
						"3.2917": [5.47, 1.05, 0.76],
						"3.3333": [5.4, 1.04, 0.8],
						"3.375": [5.3, 1.02, 0.84],
						"3.4167": [5.16, 0.99, 0.88],
						"3.4583": [4.98, 0.95, 0.91],
						"3.5": [4.77, 0.9, 0.95],
						"3.5417": [4.41, 0.82, 0.99],
						"3.5833": [3.97, 0.71, 1.03],
						"3.625": [3.44, 0.58, 1.07],
						"3.6667": [2.86, 0.43, 1.11],
						"3.7083": [2.23, 0.28, 1.15],
						"3.75": [1.58, 0.11, 1.2],
						"3.7917": [0.92, -0.05, 1.24],
						"3.8333": [0.27, -0.22, 1.28],
						"3.875": [-0.36, -0.37, 1.33],
						"3.9167": [-0.94, -0.52, 1.37],
						"3.9583": [-1.46, -0.64, 1.42],
						"4.0": [-1.9, -0.75, 1.47],
						"4.0417": [-2.24, -0.83, 1.52],
						"4.0833": [-2.67, -0.92, 1.62],
						"4.125": [-2.92, -0.96, 1.75],
						"4.1667": [-3.01, -0.96, 1.88],
						"4.2083": [-3, -0.93, 2.01],
						"4.25": [-2.93, -0.88, 2.13],
						"4.2917": [-2.83, -0.83, 2.21],
						"4.3333": [-2.75, -0.79, 2.27],
						"4.375": [-2.56, -0.71, 2.3],
						"4.4167": [-2.23, -0.6, 2.27],
						"4.4583": [-1.83, -0.49, 2.15],
						"4.5": [-1.41, -0.37, 1.93],
						"4.5417": [-1.1, -0.31, 1.67],
						"4.5833": [-0.73, -0.23, 1.32],
						"4.625": [-0.34, -0.16, 0.92],
						"4.6667": [0.02, -0.1, 0.53],
						"4.7083": [0.31, -0.04, 0.2],
						"4.75": [0.5, 0, -0.02],
						"4.7917": [0.53, 0.03, -0.12],
						"4.8333": [0.37, 0.02, -0.05],
						"4.875": [0.15, 0.01, 0.07],
						"4.9167": [0, 0, 0.1],
						"4.9583": [-0.04, 0, -0.47],
						"5.0": [-0.02, 0, -0.2],
						"5.0417": [0, 0, 0.13],
						"5.0833": [0, 0, 0.13],
						"5.125": [0, 0, 0.06],
						"5.1667": [0, 0, 0]
					}
				}
			},
			"sound_effects": {
				"0.0": {
					"effect": "tacz:aug/aug_inspect_raise"
				},
				"2.0": {
					"effect": "tacz:aug/aug_inspect_quick"
				},
				"3.25": {
					"effect": "tacz:aug/aug_inspect_armin"
				},
				"4.4167": {
					"effect": "tacz:aug/aug_inspect_end"
				}
			}
		},
		"inspect": {
			"animation_length": 7.3333,
			"bones": {
				"Db": {
					"rotation": {
						"1.1333": [0, 0, 0],
						"1.1667": [0, 0, -6],
						"1.2": [0, 0, -14.75],
						"1.2333": [0, 0, -23.69],
						"1.2667": [0, 0, -30.28],
						"1.3": [0, 0, -34.41],
						"1.3333": [0, 0, -35.87],
						"1.3667": [0, 0, -36.53],
						"1.4": [0, 0, -36.73],
						"1.4333": [0, 0, -36.31],
						"1.4667": [0, 0, -35.76],
						"1.5": [0, 0, -35.56],
						"1.5333": [0, 0, -35.58],
						"1.5667": [0, 0, -35.59],
						"1.6": [0, 0, -35.59],
						"1.6333": [0, 0, -35.59],
						"1.6667": [0, 0, -35.6],
						"1.7": [0, 0, -35.62],
						"1.7333": [0, 0, -35.66],
						"1.7667": [0, 0, -35.72],
						"1.8": [0, 0, -35.82],
						"1.8333": [0, 0, -35.96],
						"1.8667": [0, 0, -36.15],
						"1.9": [0, 0, -36.39],
						"1.9333": [0, 0, -36.69],
						"1.9667": [0, 0, -37.06],
						"2.0": [0, 0, -37.5],
						"2.2": [0, 0, -50],
						"2.4667": [0, 0, 0],
						"5.3": [0, 0, 0],
						"5.4": [-2.96313, 0.46909, 38.98787],
						"5.5667": [-3, 0, 30],
						"5.7": [0, 0, 0]
					}
				},
				"front_part": {
					"rotation": {
						"6.1667": [0, 0, 0],
						"6.2667": [32.30625, 0, 0],
						"6.3333": [37.61875, 0, 0],
						"6.9333": [37.61875, 0, 0],
						"7.0": [40.15625, 0, 0],
						"7.0667": [35.95, 0, 0],
						"7.1333": [0, 0, 0]
					}
				},
				"lever": {
					"rotation": {
						"6.0667": [0, 0, 0],
						"6.1667": [-2.43049, -17.26784, 1.9062],
						"7.1": [-2.43049, -17.26784, 1.9062],
						"7.1333": [0, 0, 0]
					}
				},
				"root": {
					"rotation": {
						"0.0": [0, 0, 0],
						"0.0333": [-0.33, -0.53, 0.73],
						"0.0667": [-0.4, -1.26, 1.78],
						"0.1": [-1.05, -2.13, 2.97],
						"0.1333": [-3.12, -3.07, 4.11],
						"0.1667": [-7.48, -4, 5],
						"0.2": [-12.01, -4.63, 5.41],
						"0.2333": [-18.05, -5.35, 5.77],
						"0.2667": [-25.09, -6.11, 6.08],
						"0.3": [-32.63, -6.88, 6.34],
						"0.3333": [-40.18, -7.6, 6.57],
						"0.3667": [-47.22, -8.24, 6.77],
						"0.4": [-53.26, -8.74, 6.93],
						"0.4333": [-57.79, -9.07, 7.08],
						"0.4667": [-62.85, -9.08, 7.25],
						"0.5": [-64.68, -8.52, 7.27],
						"0.5333": [-64.95, -7.87, 7.23],
						"0.5667": [-65.33, -7.61, 7.2],
						"0.6": [-65.77, -7.76, 7.2],
						"0.6333": [-65.99, -8.07, 7.19],
						"0.6667": [-66.05, -8.47, 7.18],
						"0.7": [-66, -8.9, 7.17],
						"0.7333": [-65.89, -9.31, 7.15],
						"0.7667": [-65.78, -9.65, 7.14],
						"0.8": [-65.72, -9.84, 7.13],
						"0.8333": [-65.69, -9.88, 7.12],
						"0.8667": [-65.63, -9.83, 7.11],
						"0.9": [-65.54, -9.74, 7.09],
						"0.9333": [-65.45, -9.6, 7.07],
						"0.9667": [-65.35, -9.45, 7.06],
						"1.0": [-65.25, -9.3, 7.05],
						"1.0333": [-65.16, -9.18, 7.05],
						"1.0667": [-65.1, -9.09, 7.06],
						"1.1": [-65.06, -9.07, 7.08],
						"1.1333": [-65.06, -9.13, 7.14],
						"1.1667": [-65.09, -9.24, 7.23],
						"1.2": [-65.15, -9.4, 7.34],
						"1.2333": [-65.22, -9.58, 7.45],
						"1.2667": [-65.29, -9.77, 7.55],
						"1.3": [-65.34, -9.95, 7.63],
						"1.3333": [-65.37, -10.1, 7.67],
						"1.3667": [-65.37, -10.26, 7.65],
						"1.4": [-65.36, -10.42, 7.58],
						"1.4333": [-65.33, -10.57, 7.48],
						"1.4667": [-65.3, -10.71, 7.37],
						"1.5": [-65.26, -10.84, 7.3],
						"1.5333": [-65.23, -10.94, 7.27],
						"1.5667": [-65.21, -11, 7.29],
						"1.6": [-65.21, -11.03, 7.33],
						"1.6333": [-65.21, -11.06, 7.39],
						"1.6667": [-65.2, -11.08, 7.46],
						"1.7": [-65.18, -11.09, 7.54],
						"1.7333": [-65.15, -11.11, 7.62],
						"1.7667": [-65.09, -11.14, 7.69],
						"1.8": [-64.99, -11.19, 7.75],
						"1.8333": [-64.84, -11.14, 7.87],
						"1.8667": [-64.68, -10.99, 7.98],
						"1.9": [-64.29, -11.11, 8.09],
						"1.9333": [-63.45, -11.83, 8.16],
						"1.9667": [-62.15, -13.31, 8.31],
						"2.0": [-60.49, -15.34, 8.52],
						"2.0333": [-58.42, -17.73, 8.54],
						"2.0667": [-55.89, -20.28, 8.16],
						"2.1": [-53.39, -22.54, 7.47],
						"2.1333": [-50.78, -24.73, 6.56],
						"2.1667": [-47.06, -27.74, 5.11],
						"2.2": [-41.25, -32.43, 2.81],
						"2.2333": [-36.99, -35.86, 1.12],
						"2.2667": [-31.66, -40.13, -1.03],
						"2.3": [-25.63, -44.94, -3.46],
						"2.3333": [-19.29, -50, -6.03],
						"2.3667": [-13.01, -55.02, -8.57],
						"2.4": [-7.17, -59.7, -10.92],
						"2.4333": [-2.15, -63.75, -12.91],
						"2.4667": [1.68, -66.86, -14.39],
						"2.5": [6.08, -70.58, -15.92],
						"2.5333": [7.78, -72.19, -16.24],
						"2.5667": [8.1, -72.75, -16.01],
						"2.6": [8.38, -73.31, -15.89],
						"2.6333": [8.52, -74.08, -15.91],
						"2.6667": [7.79, -74.22, -15.72],
						"2.7": [7.29, -74.14, -15.55],
						"2.7333": [7.31, -74.04, -15.47],
						"2.7667": [7.4, -73.83, -15.35],
						"2.8": [7.54, -73.57, -15.23],
						"2.8333": [7.73, -73.3, -15.15],
						"2.8667": [7.95, -73.1, -15.16],
						"2.9": [8.19, -73, -15.3],
						"2.9333": [8.2, -72.99, -15.34],
						"2.9667": [8.1, -72.97, -15.32],
						"3.0": [7.91, -72.94, -15.25],
						"3.0333": [7.65, -72.91, -15.16],
						"3.0667": [7.36, -72.88, -15.05],
						"3.1": [7.06, -72.86, -14.95],
						"3.1333": [6.78, -72.85, -14.87],
						"3.1667": [6.56, -72.85, -14.83],
						"3.2": [6.42, -72.87, -14.85],
						"3.2333": [6.39, -72.92, -14.95],
						"3.2667": [6.5, -73, -15.14],
						"3.3": [6.78, -73.1, -15.45],
						"3.3333": [7.25, -73.25, -15.88],
						"3.3667": [7.95, -73.43, -16.46],
						"3.4": [8.91, -73.66, -17.21],
						"3.4333": [10.15, -73.94, -18.13],
						"3.4667": [12.05, -74.35, -19.52],
						"3.5": [14.51, -74.86, -21.29],
						"3.5333": [17.42, -75.46, -23.39],
						"3.5667": [20.71, -76.12, -25.74],
						"3.6": [24.26, -76.84, -28.27],
						"3.6333": [27.99, -77.59, -30.92],
						"3.6667": [31.79, -78.36, -33.61],
						"3.7": [35.59, -79.12, -36.29],
						"3.7333": [39.27, -79.88, -38.87],
						"3.7667": [42.75, -80.6, -41.29],
						"3.8": [45.94, -81.27, -43.49],
						"3.8333": [48.72, -81.87, -45.39],
						"3.8667": [51.02, -82.39, -46.93],
						"3.9": [52.74, -82.8, -48.04],
						"3.9333": [54.24, -83.24, -48.89],
						"3.9667": [54.93, -83.55, -49.11],
						"4.0": [54.96, -83.75, -48.81],
						"4.0333": [54.48, -83.88, -48.11],
						"4.0667": [53.64, -83.94, -47.14],
						"4.1": [52.58, -83.95, -46.02],
						"4.1333": [51.45, -83.95, -44.86],
						"4.1667": [50.4, -83.95, -43.79],
						"4.2": [49.58, -83.97, -42.93],
						"4.2333": [49.14, -84.04, -42.41],
						"4.2667": [48.74, -84.22, -41.86],
						"4.3": [48.41, -84.38, -41.49],
						"4.3333": [48.22, -84.52, -41.32],
						"4.3667": [48.25, -84.61, -41.36],
						"4.4": [48.58, -84.64, -41.62],
						"4.4333": [49.3, -84.64, -42.24],
						"4.4667": [50.35, -84.58, -43.19],
						"4.5": [51.89, -84.4, -44.48],
						"4.5333": [54.1, -84.04, -46.13],
						"4.5667": [56.88, -83.48, -47.9],
						"4.6": [60.19, -82.74, -49.86],
						"4.6333": [64.26, -81.86, -52.51],
						"4.6667": [69.32, -80.86, -56.34],
						"4.7": [73.73, -80.05, -60.07],
						"4.7333": [79.09, -79.1, -64.78],
						"4.7667": [84.85, -78.08, -69.95],
						"4.8": [90.48, -77.1, -75.04],
						"4.8333": [95.43, -76.24, -79.52],
						"4.8667": [99.17, -75.58, -82.87],
						"4.9": [101.03, -75.25, -84.5],
						"4.9333": [102.65, -74.96, -85.9],
						"4.9667": [104, -74.72, -87.05],
						"5.0": [105.06, -74.54, -87.94],
						"5.0333": [105.78, -74.41, -88.53],
						"5.0667": [106.13, -74.35, -88.81],
						"5.1": [106.09, -74.35, -88.75],
						"5.1333": [105.62, -74.44, -88.33],
						"5.1667": [104.69, -74.6, -87.54],
						"5.2": [100.29, -75.38, -83.81],
						"5.2333": [93.37, -76.61, -77.96],
						"5.2667": [85.46, -78.01, -71.25],
						"5.3": [78.04, -79.32, -64.97],
						"5.3333": [71.35, -80.89, -59.26],
						"5.3667": [64.65, -82.72, -53.5],
						"5.4": [57.98, -84.03, -47.84],
						"5.4333": [51.39, -84.04, -42.41],
						"5.4667": [38.9, -79.55, -33.11],
						"5.5": [25.73, -72.1, -22.85],
						"5.5333": [8.67, -63.83, -8.05],
						"5.5667": [-6.33, -53.14, 7.45],
						"5.6": [-10.61, -45.64, 15.34],
						"5.6333": [-13.35, -36.82, 23.64],
						"5.6667": [-14.89, -28.34, 30.15],
						"5.7": [-15.56, -21.86, 32.64],
						"6.1": [1.06, -9.65, 0.44],
						"6.1333": [0.9, -9.14, 2.28],
						"6.1667": [0.6, -8.27, 3.18],
						"6.2": [0.23, -7.15, 2.35],
						"6.2333": [-0.29, -5.72, 0.79],
						"6.2667": [-0.75, -4.31, -0.88],
						"6.3": [-0.93, -3.22, -2.01],
						"6.3333": [-0.48, -2.49, -2.45],
						"6.3667": [0.34, -2.15, -2.32],
						"6.4": [0.84, -1.75, -2.07],
						"6.4333": [0.4, -0.66, -1.71],
						"6.4667": [-0.25, 0.25, -1.06],
						"6.5": [-0.3, 0.39, 0.16],
						"6.5333": [-0.19, 0.25, 1.12],
						"6.5667": [-0.09, 0.13, 0.69],
						"6.6": [0, 0, 0],
						"6.6333": [0.01, -0.02, -0.07],
						"6.6667": [0.01, -0.02, -0.08],
						"6.7": [0.01, -0.01, -0.05],
						"6.7333": [0, 0, -0.02],
						"6.7667": [0, 0, 0]
					},
					"position": {
						"0.0": [0, 0, 0],
						"0.0333": [-0.07, -0.37, -0.21],
						"0.0667": [-0.17, -0.9, -0.52],
						"0.1": [-0.25, -1.49, -0.83],
						"0.1333": [-0.28, -2.03, -1.04],
						"0.1667": [-0.22, -2.38, -1.1],
						"0.2": [-0.13, -2.7, -1.1],
						"0.2333": [-0.01, -3.02, -1.07],
						"0.2667": [0.11, -3.39, -1.02],
						"0.3": [0.22, -3.86, -0.99],
						"0.3333": [0.34, -4.69, -0.96],
						"0.3667": [0.45, -5.7, -0.92],
						"0.4": [0.55, -6.67, -0.88],
						"0.4333": [0.62, -7.39, -0.85],
						"0.4667": [0.66, -7.83, -0.84],
						"0.5": [0.66, -7.95, -0.84],
						"0.5333": [0.65, -7.98, -0.84],
						"0.5667": [0.65, -7.99, -0.84],
						"0.6": [0.64, -7.95, -0.84],
						"0.6333": [0.63, -7.88, -0.85],
						"0.6667": [0.63, -7.82, -0.85],
						"0.7": [0.62, -7.78, -0.85],
						"0.7333": [0.62, -7.77, -0.85],
						"0.7667": [0.62, -7.77, -0.85],
						"0.8": [0.62, -7.78, -0.85],
						"0.8333": [0.62, -7.79, -0.85],
						"0.8667": [0.62, -7.8, -0.85],
						"0.9": [0.62, -7.8, -0.85],
						"0.9333": [0.62, -7.8, -0.85],
						"0.9667": [0.62, -7.79, -0.85],
						"1.0": [0.62, -7.77, -0.85],
						"1.0333": [0.62, -7.77, -0.85],
						"1.0667": [0.62, -7.77, -0.85],
						"1.1": [0.62, -7.79, -0.85],
						"1.1333": [0.63, -7.87, -0.86],
						"1.1667": [0.63, -8.01, -0.87],
						"1.2": [0.64, -8.12, -0.88],
						"1.2333": [0.65, -8.15, -0.9],
						"1.2667": [0.66, -8.04, -0.92],
						"1.3": [0.67, -7.84, -0.94],
						"1.3333": [0.68, -7.63, -0.96],
						"1.3667": [0.69, -7.5, -0.98],
						"1.4": [0.7, -7.47, -0.99],
						"1.4333": [0.7, -7.48, -1.01],
						"1.4667": [0.71, -7.51, -1.02],
						"1.5": [0.72, -7.55, -1.03],
						"1.5333": [0.72, -7.58, -1.04],
						"1.5667": [0.72, -7.59, -1.04],
						"1.6": [0.72, -7.6, -1.04],
						"1.6333": [0.72, -7.6, -1.04],
						"1.6667": [0.72, -7.61, -1.04],
						"1.7": [0.72, -7.61, -1.04],
						"1.7333": [0.71, -7.62, -1.04],
						"1.7667": [0.71, -7.61, -1.03],
						"1.8": [0.71, -7.6, -1.03],
						"1.8333": [0.7, -7.59, -1.02],
						"1.8667": [0.7, -7.58, -1.02],
						"1.9": [0.69, -7.58, -1.02],
						"1.9333": [0.69, -7.61, -1.03],
						"1.9667": [0.68, -7.66, -1.06],
						"2.0": [0.68, -7.77, -1.11],
						"2.0333": [0.71, -8.07, -1.24],
						"2.0667": [0.8, -8.79, -1.49],
						"2.1": [0.92, -9.71, -1.82],
						"2.1333": [1.01, -10.21, -2.11],
						"2.1667": [1.12, -10.01, -2.42],
						"2.2": [1.1, -8.66, -2.64],
						"2.2333": [1.03, -7.9, -2.68],
						"2.2667": [0.93, -6.9, -2.71],
						"2.3": [0.8, -5.76, -2.74],
						"2.3333": [0.67, -4.57, -2.76],
						"2.3667": [0.54, -3.42, -2.77],
						"2.4": [0.44, -2.42, -2.78],
						"2.4333": [0.37, -1.66, -2.79],
						"2.4667": [0.33, -0.85, -2.8],
						"2.5": [0.37, -0.065, -2.81],
						"2.5333": [0.42, 0.635, -2.8],
						"2.5667": [0.43, 1.825, -2.8],
						"2.6": [0.39, 2.35, -2.8],
						"2.6333": [0.33, 2.44, -2.79],
						"2.6667": [0.26, 2.48, -2.79],
						"2.7": [0.2, 2.52, -2.79],
						"2.7333": [0.17, 2.57, -2.78],
						"2.7667": [0.18, 2.61, -2.78],
						"2.8": [0.19, 2.65, -2.77],
						"2.8333": [0.22, 2.69, -2.77],
						"2.8667": [0.25, 2.73, -2.76],
						"2.9": [0.28, 2.77, -2.76],
						"2.9333": [0.31, 2.81, -2.75],
						"2.9667": [0.34, 2.83, -2.75],
						"3.0": [0.36, 2.86, -2.75],
						"3.0333": [0.37, 2.87, -2.75],
						"3.0667": [0.38, 2.88, -2.74],
						"3.1": [0.39, 2.88, -2.74],
						"3.1333": [0.39, 2.88, -2.73],
						"3.1667": [0.39, 2.88, -2.73],
						"3.2": [0.4, 2.88, -2.73],
						"3.2333": [0.41, 2.88, -2.74],
						"3.2667": [0.42, 2.88, -2.76],
						"3.3": [0.43, 2.89, -2.79],
						"3.3333": [0.45, 2.9, -2.84],
						"3.3667": [0.46, 2.91, -2.88],
						"3.4": [0.47, 2.93, -2.94],
						"3.4333": [0.49, 2.94, -3.01],
						"3.4667": [0.53, 2.97, -3.12],
						"3.5": [0.6, 3.01, -3.25],
						"3.5333": [0.7, 3.07, -3.43],
						"3.5667": [0.81, 3.13, -3.62],
						"3.6": [0.96, 3.22, -3.86],
						"3.6333": [1.14, 3.31, -4.13],
						"3.6667": [1.32, 3.41, -4.42],
						"3.7": [1.52, 3.51, -4.71],
						"3.7333": [1.71, 3.61, -5],
						"3.7667": [1.88, 3.71, -5.26],
						"3.8": [2.04, 3.79, -5.49],
						"3.8333": [2.16, 3.85, -5.68],
						"3.8667": [2.35, 3.95, -5.94],
						"3.9": [2.45, 4.01, -6.07],
						"3.9333": [2.52, 4.05, -6.14],
						"3.9667": [2.61, 4.08, -6.21],
						"4.0": [2.67, 4.1, -6.25],
						"4.0333": [2.72, 4.11, -6.29],
						"4.0667": [2.78, 4.12, -6.33],
						"4.1": [2.84, 4.12, -6.36],
						"4.1333": [2.89, 4.13, -6.38],
						"4.1667": [2.94, 4.13, -6.4],
						"4.2": [2.99, 4.14, -6.42],
						"4.2333": [3.03, 4.14, -6.44],
						"4.2667": [3.08, 4.14, -6.46],
						"4.3": [3.11, 4.14, -6.47],
						"4.3333": [3.13, 4.14, -6.46],
						"4.3667": [3.16, 4.14, -6.46],
						"4.4": [3.2, 4.14, -6.46],
						"4.4333": [3.23, 4.14, -6.45],
						"4.4667": [3.28, 4.13, -6.44],
						"4.5": [3.37, 4.13, -6.44],
						"4.5333": [3.47, 4.13, -6.44],
						"4.5667": [3.6, 4.13, -6.44],
						"4.6": [3.75, 4.13, -6.44],
						"4.6333": [3.9, 4.13, -6.44],
						"4.6667": [4.04, 4.13, -6.44],
						"4.7": [4.15, 4.13, -6.44],
						"4.7333": [4.28, 4.13, -6.44],
						"4.7667": [4.4, 4.13, -6.44],
						"4.8": [4.51, 4.13, -6.44],
						"4.8333": [4.61, 4.13, -6.44],
						"4.8667": [4.67, 4.13, -6.44],
						"4.9": [4.7, 4.13, -6.44],
						"4.9333": [4.72, 4.14, -6.44],
						"4.9667": [4.74, 4.15, -6.44],
						"5.0": [4.75, 4.15, -6.44],
						"5.0333": [4.74, 4.16, -6.44],
						"5.0667": [4.73, 4.16, -6.44],
						"5.1": [4.71, 4.16, -6.44],
						"5.1333": [4.68, 4.15, -6.44],
						"5.1667": [4.64, 4.13, -6.44],
						"5.2": [4.49, 4.03, -6.44],
						"5.2333": [4.28, 3.89, -6.44],
						"5.2667": [4.05, 3.75, -6.44],
						"5.3": [3.85, 3.7, -6.44],
						"5.3333": [3.65, 3.88, -6.47],
						"5.3667": [3.46, 4.15, -6.51],
						"5.4": [3.26, 3.995, -6.44],
						"5.4333": [3.09, 3.21, -6.32],
						"5.4667": [2.91, 1.83, -6.16],
						"5.5": [2.71, 0.12, -5.92],
						"5.5333": [2.48, -0.5, -5.56],
						"5.5667": [2.29, -0.86, -5.2],
						"5.6": [2.07, -1.23, -4.73],
						"5.6333": [1.84, -1.59, -4.21],
						"5.6667": [1.63, -1.91, -3.7],
						"5.7": [1.45, -2.17, -3.25],
						"6.1": [1.52, -2.75, -2.08],
						"6.1333": [1.36, -2.44, -1.93],
						"6.1667": [1.14, -2.03, -1.65],
						"6.2": [0.9, -1.71, -1.56],
						"6.2333": [0.64, -1.63, -2.06],
						"6.2667": [0.37, -1.65, -2.75],
						"6.3": [0.16, -1.55, -2.84],
						"6.3333": [0.07, -1.29, -2.06],
						"6.3667": [0.03, -0.92, -0.76],
						"6.4": [0.01, -0.55, 0.53],
						"6.4333": [0, -0.28, 1.28],
						"6.4667": [-0.02, -0.1, 0.68],
						"6.5": [-0.01, -0.08, -0.4],
						"6.5333": [-0.01, -0.06, -0.45],
						"6.5667": [-0.01, -0.04, -0.33],
						"6.6": [0, -0.04, -0.16],
						"6.6333": [0, -0.03, -0.04],
						"6.6667": [0, -0.02, -0.01],
						"6.7": [0, -0.02, 0],
						"6.7333": [0, -0.01, 0],
						"6.7667": [0, 0, 0],
						"6.8": [0, 0, 0]
					}
				},
				"lefthand": {
					"rotation": {
						"0.0": [96.63479, -2.01565, 172.74579],
						"1.1333": [96.63479, -2.01565, 172.74579],
						"1.3333": [91.62898, -16.48641, 155.72998],
						"1.8667": [91.62898, -16.48641, 155.72998],
						"2.0667": [85.77776, -26.22142, 168.80846],
						"2.2": [96.97785, -38.2588, 182.44419],
						"2.3667": [49.27838, -56.6008, 241.30104],
						"5.6": [49.27838, -56.6008, 241.30104],
						"6.0": [107.14992, -38.3141, 176.11954],
						"6.1333": [107.14992, -38.3141, 176.11954],
						"6.3": [96.63479, -2.01565, 172.74579]
					},
					"position": {
						"0.0": [7.675, -11.025, -13.775],
						"1.1333": [7.675, -10.65, -13.775],
						"1.3333": [7.825, -7.97, -11.195],
						"1.8667": [7.825, -7.97, -11.195],
						"2.0667": [7.825, -7.97, -11.195],
						"2.2": [7.63, -8.245, -11.7],
						"2.3667": [6.87, -9.325, -13.7],
						"5.6": [6.87, -9.325, -13.7],
						"5.8": [8.4, -12.395, -10.87],
						"6.0": [8.42919, -9.34388, -11.86545],
						"6.1333": [8.42919, -9.34388, -11.86545],
						"6.3": [7.675, -11.025, -13.775]
					},
					"scale": {
						"0.0": [1, 1.5, 1],
						"1.1333": [1, 1.5, 1],
						"6.3": [1, 1.5, 1]
					}
				},
				"righthand": {
					"rotation": {
						"0.0": [92.5, -355, -180],
						"2.0667": [92.5, -355, -180],
						"2.3667": [28.1937, -381.11724, -51.07244],
						"5.1333": [28.1937, -381.11724, -51.07244],
						"5.2333": [43.46812, -390.75678, -74.82303],
						"5.4333": [92.5, -355, -180]
					},
					"position": {
						"0.0": [-6.25, -10.5, -5],
						"2.2": [-6.25, -10.25, -5],
						"2.5": [-4.645, -9.65, 2.705],
						"5.2667": [-4.645, -9.65, 2.705],
						"5.3667": [-5.975, -7.02, 0.695],
						"5.4667": [-7.885, -7.625, -0.09],
						"5.5667": [-6.25, -10.5, -5]
					},
					"scale": {
						"0.0": [1, 1.5, 1],
						"5.5667": [1, 1.5, 1]
					}
				},
				"camera": {
					"rotation": {
						"0.0": [0, 0, 0],
						"0.0333": [0.06, -0.01, 0],
						"0.0667": [0.19, -0.02, -0.01],
						"0.1": [0.32, -0.03, -0.01],
						"0.1333": [0.39, -0.05, -0.01],
						"0.1667": [0.36, -0.1, -0.01],
						"0.2": [0.16, -0.17, 0],
						"0.2333": [-0.22, -0.28, 0.02],
						"0.2667": [-0.77, -0.42, 0.04],
						"0.3": [-1.42, -0.58, 0.07],
						"0.3333": [-2.11, -0.75, 0.09],
						"0.3667": [-2.76, -0.91, 0.13],
						"0.4": [-3.3, -1.05, 0.15],
						"0.4333": [-3.66, -1.16, 0.18],
						"0.4667": [-3.84, -1.25, 0.23],
						"0.5": [-3.66, -1.28, 0.28],
						"0.5333": [-3.39, -1.28, 0.32],
						"0.5667": [-3.26, -1.29, 0.35],
						"0.6": [-3.31, -1.31, 0.36],
						"0.6333": [-3.42, -1.33, 0.36],
						"0.6667": [-3.55, -1.34, 0.36],
						"0.7": [-3.69, -1.35, 0.36],
						"0.7333": [-3.8, -1.35, 0.35],
						"0.7667": [-3.85, -1.33, 0.35],
						"0.8": [-3.87, -1.31, 0.35],
						"0.8333": [-3.9, -1.3, 0.35],
						"0.8667": [-3.92, -1.27, 0.35],
						"0.9": [-3.94, -1.25, 0.35],
						"0.9333": [-3.94, -1.22, 0.35],
						"0.9667": [-3.92, -1.19, 0.35],
						"1.0": [-3.88, -1.14, 0.35],
						"1.0333": [-3.8, -1.1, 0.35],
						"1.0667": [-3.68, -1.04, 0.35],
						"1.1": [-3.51, -0.98, 0.35],
						"1.1333": [-3.3, -0.91, 0.35],
						"1.1667": [-3.02, -0.83, 0.35],
						"1.2": [-2.7, -0.73, 0.35],
						"1.2333": [-2.34, -0.63, 0.35],
						"1.2667": [-1.96, -0.53, 0.35],
						"1.3": [-1.57, -0.42, 0.35],
						"1.3333": [-1.19, -0.32, 0.35],
						"1.3667": [-0.82, -0.22, 0.35],
						"1.4": [-0.49, -0.13, 0.35],
						"1.4333": [-0.2, -0.06, 0.35],
						"1.4667": [0.04, 0, 0.35],
						"1.5": [0.19, 0.03, 0.35],
						"1.5333": [0.31, 0.06, 0.35],
						"1.5667": [0.42, 0.08, 0.35],
						"1.6": [0.51, 0.1, 0.35],
						"1.6333": [0.58, 0.1, 0.35],
						"1.6667": [0.65, 0.11, 0.35],
						"1.7": [0.7, 0.11, 0.35],
						"1.7333": [0.74, 0.11, 0.35],
						"1.7667": [0.78, 0.11, 0.35],
						"1.8": [0.81, 0.1, 0.35],
						"1.8333": [0.84, 0.1, 0.35],
						"1.8667": [0.87, 0.09, 0.35],
						"1.9": [0.9, 0.09, 0.35],
						"1.9333": [0.94, 0.09, 0.35],
						"1.9667": [1.14, 0, 0.35],
						"2.0": [1.32, -0.1, 0.35],
						"2.0333": [1.56, -0.22, 0.34],
						"2.0667": [1.85, -0.35, 0.33],
						"2.1": [2.17, -0.5, 0.32],
						"2.1333": [2.49, -0.67, 0.32],
						"2.1667": [2.81, -0.86, 0.31],
						"2.2": [3.1, -1.09, 0.32],
						"2.2333": [3.35, -1.34, 0.33],
						"2.2667": [3.54, -1.63, 0.36],
						"2.3": [3.72, -2.18, 0.41],
						"2.3333": [3.8, -2.88, 0.49],
						"2.3667": [3.83, -3.63, 0.58],
						"2.4": [3.84, -4.37, 0.69],
						"2.4333": [3.86, -5.03, 0.79],
						"2.4667": [3.93, -5.52, 0.9],
						"2.5": [4.09, -5.93, 1.03],
						"2.5333": [4.3, -6.22, 1.16],
						"2.5667": [4.52, -6.38, 1.3],
						"2.6": [4.7, -6.41, 1.45],
						"2.6333": [4.81, -6.29, 1.62],
						"2.6667": [4.81, -6.17, 1.71],
						"2.7": [4.8, -6.01, 1.81],
						"2.7333": [4.76, -5.8, 1.93],
						"2.7667": [4.72, -5.56, 2.05],
						"2.8": [4.66, -5.3, 2.17],
						"2.8333": [4.6, -5.01, 2.29],
						"2.8667": [4.54, -4.72, 2.41],
						"2.9": [4.49, -4.42, 2.51],
						"2.9333": [4.46, -4.12, 2.59],
						"2.9667": [4.44, -3.84, 2.66],
						"3.0": [4.45, -3.58, 2.69],
						"3.0333": [4.48, -3.4, 2.71],
						"3.0667": [4.52, -3.22, 2.71],
						"3.1": [4.59, -3.04, 2.7],
						"3.1333": [4.66, -2.85, 2.68],
						"3.1667": [4.75, -2.67, 2.65],
						"3.2": [4.84, -2.49, 2.61],
						"3.2333": [4.93, -2.3, 2.57],
						"3.2667": [5.02, -2.12, 2.52],
						"3.3": [5.1, -1.94, 2.47],
						"3.3333": [5.18, -1.75, 2.42],
						"3.3667": [5.24, -1.57, 2.37],
						"3.4": [5.28, -1.39, 2.31],
						"3.4333": [5.31, -1.21, 2.26],
						"3.4667": [5.31, -1.04, 2.21],
						"3.5": [5.28, -0.86, 2.16],
						"3.5333": [5.22, -0.7, 2.11],
						"3.5667": [5.13, -0.54, 2.06],
						"3.6": [5.02, -0.38, 2],
						"3.6333": [4.89, -0.22, 1.95],
						"3.6667": [4.75, -0.06, 1.89],
						"3.7": [4.59, 0.1, 1.83],
						"3.7333": [4.42, 0.25, 1.77],
						"3.7667": [4.24, 0.41, 1.71],
						"3.8": [4.07, 0.56, 1.64],
						"3.8333": [3.89, 0.72, 1.58],
						"3.8667": [3.72, 0.87, 1.52],
						"3.9": [3.57, 1.02, 1.46],
						"3.9333": [3.42, 1.18, 1.41],
						"3.9667": [3.29, 1.33, 1.35],
						"4.0": [3.19, 1.48, 1.3],
						"4.0333": [3.11, 1.64, 1.26],
						"4.0667": [3.05, 1.78, 1.22],
						"4.1": [3.02, 1.91, 1.19],
						"4.1333": [3, 2.03, 1.16],
						"4.1667": [3.01, 2.15, 1.14],
						"4.2": [3.02, 2.25, 1.13],
						"4.2333": [3.05, 2.36, 1.11],
						"4.2667": [3.08, 2.47, 1.1],
						"4.3": [3.11, 2.58, 1.09],
						"4.3333": [3.15, 2.7, 1.07],
						"4.3667": [3.18, 2.83, 1.05],
						"4.4": [3.2, 2.98, 1.02],
						"4.4333": [3.22, 3.14, 0.98],
						"4.4667": [3.22, 3.33, 0.94],
						"4.5": [3.2, 3.54, 0.88],
						"4.5333": [3.17, 3.78, 0.81],
						"4.5667": [3.11, 4.04, 0.72],
						"4.6": [3.01, 4.4, 0.59],
						"4.6333": [2.88, 4.83, 0.44],
						"4.6667": [2.72, 5.31, 0.27],
						"4.7": [2.54, 5.83, 0.07],
						"4.7333": [2.34, 6.38, -0.14],
						"4.7667": [2.13, 6.94, -0.35],
						"4.8": [1.92, 7.52, -0.57],
						"4.8333": [1.72, 8.08, -0.79],
						"4.8667": [1.52, 8.64, -1],
						"4.9": [1.33, 9.16, -1.2],
						"4.9333": [1.16, 9.64, -1.39],
						"4.9667": [1.02, 10.08, -1.55],
						"5.0": [0.91, 10.45, -1.69],
						"5.0333": [0.84, 10.74, -1.79],
						"5.0667": [0.79, 11.08, -1.91],
						"5.1": [0.8, 11.31, -1.98],
						"5.1333": [0.85, 11.44, -2.02],
						"5.1667": [0.94, 11.5, -2.03],
						"5.2": [1.06, 11.5, -2.01],
						"5.2333": [1.2, 11.45, -1.97],
						"5.2667": [1.36, 11.37, -1.91],
						"5.3": [1.51, 11.28, -1.85],
						"5.3333": [1.66, 11.2, -1.79],
						"5.3667": [2.12, 10.93, -1.54],
						"5.4": [2.71, 10.5, -1.17],
						"5.4333": [3.22, 9.97, -0.84],
						"5.4667": [3.43, 9.37, -0.72],
						"5.5": [3.18, 8.7, -0.94],
						"5.5333": [2.64, 7.94, -1.39],
						"5.5667": [2.02, 7.13, -1.86],
						"5.6": [1.58, 6.32, -2.15],
						"5.6333": [1.41, 5.74, -2.18],
						"6.1": [2.46, 1.23, -2.19],
						"6.1333": [2.32, 1.11, -2.26],
						"6.1667": [2.34, 0.98, -2.21],
						"6.2": [2.33, 0.83, -2.06],
						"6.2333": [2.13, 0.68, -1.79],
						"6.2667": [1.72, 0.54, -1.42],
						"6.3": [1.14, 0.38, -0.89],
						"6.3333": [0.52, 0.23, -0.34],
						"6.3667": [-0.02, 0.09, 0.13],
						"6.4": [-0.36, 0, 0.41],
						"6.4333": [-0.35, -0.05, 0.31],
						"6.4667": [-0.01, -0.03, -0.12],
						"6.5": [0.24, 0, -0.41],
						"6.5333": [0.24, 0, -0.35],
						"6.5667": [0.16, 0, -0.18],
						"6.6": [0.06, 0, 0.02],
						"6.6333": [0, 0, 0.14],
						"6.6667": [-0.02, 0, 0.15],
						"6.7": [-0.02, 0, 0.12],
						"6.7333": [-0.01, 0, 0.08],
						"6.7667": [0, 0, 0.03],
						"6.8": [0, 0, 0]
					}
				}
			},
			"sound_effects": {
				"0.0": {
					"effect": "p14_sh_charlie725_inspect_raise"
				},
				"1.1667": {
					"effect": "p14_sh_charlie725_inspect_rattle"
				},
				"1.9": {
					"effect": "p14_sh_charlie725_inspect_grab"
				},
				"4.5": {
					"effect": "p14_sh_charlie725_inspect_rattle2"
				},
				"5.4333": {
					"effect": "p14_sh_charlie725_inspect_rotate"
				},
				"6.0667": {
					"effect": "p14_sh_charlie725_inspect_breechopen"
				},
				"6.9333": {
					"effect": "p14_sh_charlie725_inspect_breechclose"
				},
				"7.3333": {
					"effect": "p14_sh_charlie725_inspect_end"
				}
			}
		}
	}
}