{
	"format_version": "1.8.0",
	"animations": {
		"static_idle": {
			"loop": true,
			"animation_length": 3,
			"bones": {
				"left_hand": {
					"rotation": [65.85658, 32.08192, -20.91272],
					"position": [-4.25, -9.125, -5.625]
				},
				"right_hand": {
					"rotation": [84.75867, -17.43127, 1.5741],
					"position": [5.375, -9.25, -0.375]
				},
				"pew_illuminated": {
					"rotation": {
						"0.0": [0, 0, -2.73],
						"0.1333": [0, 0, -10],
						"0.5": [0, 0, 10],
						"0.9": [0, 0, -10],
						"1.2667": [0, 0, 10],
						"1.6333": [0, 0, -10],
						"2.0": [0, 0, 10],
						"2.4": [0, 0, -10],
						"2.7667": [0, 0, 10],
						"3.0": [0, 0, -2.73]
					},
					"position": {
						"0.0": {
							"post": [0, -10, -60],
							"lerp_mode": "catmullrom"
						},
						"0.4": {
							"post": [32, 13, -60],
							"lerp_mode": "catmullrom"
						},
						"0.7667": {
							"post": [53, -10, -60],
							"lerp_mode": "catmullrom"
						},
						"1.1667": {
							"post": [28, -29, -60],
							"lerp_mode": "catmullrom"
						},
						"1.5": {
							"post": [-4, -10, -60],
							"lerp_mode": "catmullrom"
						},
						"1.9": {
							"post": [-44, 13, -60],
							"lerp_mode": "catmullrom"
						},
						"2.2667": {
							"post": [-74, -10, -60],
							"lerp_mode": "catmullrom"
						},
						"2.6667": {
							"post": [-44, -29, -60],
							"lerp_mode": "catmullrom"
						},
						"3.0": {
							"post": [0, -10, -60],
							"lerp_mode": "catmullrom"
						}
					},
					"scale": 0.001
				},
				"root": {
					"position": {
						"0.0": {
							"post": [0, 0.0625, 0],
							"lerp_mode": "catmullrom"
						},
						"0.5333": {
							"post": [0, 0.0625, 0],
							"lerp_mode": "catmullrom"
						},
						"1.4": {
							"post": [0, -0.0625, 0],
							"lerp_mode": "catmullrom"
						},
						"2.1": {
							"post": [0, -0.0625, 0],
							"lerp_mode": "catmullrom"
						},
						"3.0": {
							"post": [0, 0.0625, 0],
							"lerp_mode": "catmullrom"
						}
					}
				},
				"lefthand_pos": {
					"position": [0, -6, 0],
					"scale": [1, 1.5, 1]
				},
				"cat": {
					"scale": 0.75
				}
			}
		},
		"draw": {
			"animation_length": 0.7083,
			"bones": {
				"lefthand": {
					"rotation": {
						"0.2": [-77.289, -168.441, -0.675],
						"0.2333": [-77.289, -168.441, -0.675],
						"0.2667": [-77.289, -168.441, -0.675],
						"0.3": [-77.289, -168.441, -0.675],
						"0.3333": [-77.289, -168.441, -0.675]
					},
					"position": {
						"0.2": [12.631, -19.697, 0.58],
						"0.2333": [11.38725, -19.147, 0.58],
						"0.2667": [10.1435, -18.597, 0.58],
						"0.3": [8.89975, -18.047, 0.58],
						"0.3333": [7.656, -17.497, 0.58]
					},
					"scale": {
						"0.2": [1, 1.5, 1],
						"0.2333": [1, 1.5, 1],
						"0.2667": [1, 1.5, 1],
						"0.3": [1, 1.5, 1],
						"0.3333": [1, 1.5, 1]
					}
				},
				"righthand": {
					"rotation": [-83.421, 173.71, 3.339],
					"position": [-6.744, -16.576, 1.104],
					"scale": [1, 1.5, 1]
				},
				"root": {
					"rotation": {
						"0.0": [47.5, 0, 0],
						"0.0333": [40.9, -0.67, 0.98],
						"0.0667": [31.19, -1.67, 2.45],
						"0.1": [19.98, -2.83, 4.13],
						"0.1333": [8.86, -3.92, 5.74],
						"0.1667": [-0.57, -4.78, 7],
						"0.2": [-6.71, -5.19, 7.62],
						"0.2333": [-9.2, -4.82, 7.14],
						"0.2667": [-6.83, -3.71, 5.61],
						"0.3": [-2.75, -2.42, 3.8],
						"0.3333": [-0.07, -1.5, 2.5],
						"0.3667": [0.83, -0.76, 1.38],
						"0.4": [1.11, -0.29, 0.62],
						"0.4333": [1.08, 0, 0],
						"0.4667": [0.59, -0.16, -0.1],
						"0.5": [-0.1, -0.49, -0.05],
						"0.5333": [-0.55, -0.66, 0],
						"0.5667": [-0.57, -0.6, 0],
						"0.6": [-0.46, -0.46, 0],
						"0.6333": [-0.28, -0.28, 0],
						"0.6667": [-0.11, -0.11, 0],
						"0.7": [0, 0, 0]
					},
					"position": {
						"0.0": [-4.5, -6.45, 4.05],
						"0.0333": [-4.8, -4.57, 3.06],
						"0.0667": [-4.58, -2.43, 1.8],
						"0.1": [-4.24, -2.07, 1.51],
						"0.1333": [-3.76, -1.75, 1.21],
						"0.1667": [-3.18, -1.45, 0.9],
						"0.2": [-2.55, -1.19, 0.59],
						"0.2333": [-1.92, -0.95, 0.31],
						"0.2667": [-1.33, -0.75, 0.05],
						"0.3": [-0.82, -0.57, -0.15],
						"0.3333": [-0.45, -0.41, -0.3],
						"0.3667": [-0.11, -0.25, -0.39],
						"0.4": [0.03, -0.18, -0.34],
						"0.4333": [0.06, -0.17, -0.21],
						"0.4667": [0.03, -0.18, -0.08],
						"0.5": [0.04, -0.16, 0],
						"0.5333": [0.06, -0.13, 0.02],
						"0.5667": [0.06, -0.1, 0.02],
						"0.6": [0.05, -0.07, 0.02],
						"0.6333": [0.03, -0.04, 0.01],
						"0.6667": [0.01, -0.02, 0],
						"0.7": {
							"pre": [0, 0.0625, 0],
							"post": [0, 0.0625, 0],
							"lerp_mode": "catmullrom"
						}
					}
				},
				"cat": {
					"scale": 0.75
				},
				"left_hand": {
					"rotation": [65.85658, 32.08192, -20.91272],
					"position": [-4.25, -9.125, -5.625]
				},
				"right_hand": {
					"rotation": [84.75867, -17.43127, 1.5741],
					"position": [5.375, -9.25, -0.375]
				},
				"camera": {
					"rotation": {
						"0.0": {
							"post": [0, 0, 0],
							"lerp_mode": "catmullrom"
						},
						"0.0333": {
							"post": [0.1388, -0.03628, 0.05516],
							"lerp_mode": "catmullrom"
						},
						"0.0667": {
							"post": [0.34861, -0.09167, 0.13819],
							"lerp_mode": "catmullrom"
						},
						"0.1": {
							"post": [0.58828, -0.15469, 0.2332],
							"lerp_mode": "catmullrom"
						},
						"0.1333": {
							"post": [0.81667, -0.21389, 0.32431],
							"lerp_mode": "catmullrom"
						},
						"0.1667": {
							"post": [0.99262, -0.25781, 0.39562],
							"lerp_mode": "catmullrom"
						},
						"0.2": {
							"post": [1.075, -0.275, 0.43125],
							"lerp_mode": "catmullrom"
						},
						"0.2333": {
							"post": [1.0256, -0.2508, 0.4198],
							"lerp_mode": "catmullrom"
						},
						"0.2667": {
							"post": [0.8628, -0.1914, 0.36765],
							"lerp_mode": "catmullrom"
						},
						"0.3": {
							"post": [0.64345, -0.1166, 0.2931],
							"lerp_mode": "catmullrom"
						},
						"0.3333": {
							"post": [0.4244, -0.0462, 0.21445],
							"lerp_mode": "catmullrom"
						},
						"0.3667": {
							"post": [0.2625, 0, 0.15],
							"lerp_mode": "catmullrom"
						},
						"0.4": {
							"post": [0.04063, 0.01719, 0.00781],
							"lerp_mode": "catmullrom"
						},
						"0.4333": {
							"post": [-0.06875, 0, -0.08125],
							"lerp_mode": "catmullrom"
						},
						"0.4667": {
							"post": [-0.07383, 0, -0.06685],
							"lerp_mode": "catmullrom"
						},
						"0.5": {
							"post": [-0.04453, 0, -0.01992],
							"lerp_mode": "catmullrom"
						},
						"0.5333": {
							"post": [-0.00547, 0, 0.03228],
							"lerp_mode": "catmullrom"
						},
						"0.5667": {
							"post": [0.01875, 0, 0.0625],
							"lerp_mode": "catmullrom"
						},
						"0.6": {
							"post": [0.02109, 0, 0.05991],
							"lerp_mode": "catmullrom"
						},
						"0.6333": {
							"post": [0.01484, 0, 0.04023],
							"lerp_mode": "catmullrom"
						},
						"0.6667": {
							"post": [0.00586, 0, 0.01606],
							"lerp_mode": "catmullrom"
						},
						"0.7": {
							"post": [0, 0, 0],
							"lerp_mode": "catmullrom"
						}
					}
				}
			},
			"sound_effects": {
				"0.0": {
					"effect": "p24_pi_golf17_stockskel_raise"
				}
			}
		},
		"put_away": {
			"loop": "hold_on_last_frame",
			"animation_length": 0.4,
			"bones": {
				"root": {
					"rotation": {
						"0.0": [0, 0, 0],
						"0.0333": [0.94, -2.19, 3.47],
						"0.0667": [2.19, -5.68, 8.26],
						"0.1": [3.49, -10.71, 13.72],
						"0.1333": [4.6, -16.14, 18.77],
						"0.1667": [5.06, -20.55, 21.58],
						"0.2": [5.29, -25.06, 23.73],
						"0.2333": [5.56, -30.57, 26.35],
						"0.2667": [5.79, -36.3, 28.92],
						"0.3": [5.99, -41.91, 31.34],
						"0.3333": [6.15, -47.04, 33.52],
						"0.3667": [6.3, -51.41, 35.41],
						"0.4": [6.4, -54.44, 36.73]
					},
					"position": {
						"0.0": [0, 0, 0],
						"0.0333": [-0.34, 0.02, 0.04],
						"0.0667": [-0.85, -0.05, 0.14],
						"0.1": [-1.52, -0.38, 0.33],
						"0.1333": [-2.24, -0.85, 0.65],
						"0.1667": [-2.82, -1.4, 1.24],
						"0.2": [-3.41, -2.08, 1.81],
						"0.2333": [-4.13, -2.96, 2.02],
						"0.2667": [-4.88, -3.9, 2.2],
						"0.3": [-5.61, -4.81, 2.62],
						"0.3333": [-6.27, -5.65, 3.08],
						"0.3667": [-6.84, -6.36, 3.43],
						"0.4": [-7.24, -6.85, 3.68]
					}
				},
				"left_hand": {
					"rotation": [65.85658, 32.08192, -20.91272],
					"position": [-4.25, -9.125, -5.625]
				},
				"right_hand": {
					"rotation": [84.75867, -17.43127, 1.5741],
					"position": [5.375, -9.25, -0.375]
				},
				"camera": {
					"rotation": {
						"0.0": [0, 0, 0],
						"0.0333": [0.07, 0, 0.03],
						"0.0667": [0.18, 0, 0.08],
						"0.1": [0.29, 0, 0.13],
						"0.1333": [0.35, 0, 0.18],
						"0.1667": [0.34, 0, 0.26],
						"0.2": [0.28, 0, 0.35],
						"0.2333": [0.22, 0, 0.38],
						"0.2667": [0.16, 0, 0.31],
						"0.3": [0.1, 0, 0.2],
						"0.3333": [0.04, 0, 0.08],
						"0.3667": [0, 0, 0]
					}
				}
			}
		},
		"reload_tactical": {
			"loop": "hold_on_last_frame",
			"animation_length": 2.8333,
			"bones": {
				"root": {
					"rotation": {
						"0.0": {
							"post": [0, 0, 0],
							"lerp_mode": "catmullrom"
						},
						"0.1667": {
							"post": [-0.525, 0, 3],
							"lerp_mode": "catmullrom"
						},
						"0.6": {
							"post": [-2.275, 0, 3],
							"lerp_mode": "catmullrom"
						},
						"0.9333": {
							"post": [-3.5, 0, 3.005],
							"lerp_mode": "catmullrom"
						},
						"1.1667": {
							"post": [-0.525, 0, 3],
							"lerp_mode": "catmullrom"
						},
						"1.4333": {
							"post": [-3.169, 0, 3],
							"lerp_mode": "catmullrom"
						},
						"1.6": {
							"post": [-0.525, 0, 3],
							"lerp_mode": "catmullrom"
						},
						"2.0": {
							"post": [0.2, 0, 1],
							"lerp_mode": "catmullrom"
						},
						"2.3333": {
							"post": [0, 0, 0],
							"lerp_mode": "catmullrom"
						},
						"2.6333": {
							"post": [0, 0, 0],
							"lerp_mode": "catmullrom"
						}
					},
					"position": {
						"0.0": {
							"post": [0, 0.0625, 0],
							"lerp_mode": "catmullrom"
						},
						"0.2333": {
							"post": [-1, 0.75, 0],
							"lerp_mode": "catmullrom"
						},
						"0.4": {
							"post": [-1.07, 0.82, 0],
							"lerp_mode": "catmullrom"
						},
						"0.5": {
							"post": [-1.05, 0.55, 0],
							"lerp_mode": "catmullrom"
						},
						"0.6667": {
							"post": [-1, 0.75, 0],
							"lerp_mode": "catmullrom"
						},
						"0.9333": {
							"post": [-1.07, 0.82, 0.75],
							"lerp_mode": "catmullrom"
						},
						"1.2": {
							"post": [-1.05, 0.55, 0],
							"lerp_mode": "catmullrom"
						},
						"1.4333": {
							"post": [-1.07, 0.82, 0.75],
							"lerp_mode": "catmullrom"
						},
						"1.8333": {
							"post": [-1, 0.75, 0.125],
							"lerp_mode": "catmullrom"
						},
						"2.1667": {
							"post": [-0.25, 0.25, 0],
							"lerp_mode": "catmullrom"
						},
						"2.4": {
							"post": [0.125, -0.125, 0],
							"lerp_mode": "catmullrom"
						},
						"2.8": {
							"post": [0, 0, 0],
							"lerp_mode": "catmullrom"
						}
					}
				},
				"left_hand": {
					"rotation": {
						"0.0": [65.85658, 32.08192, -20.91272],
						"0.1667": [59.17042, 16.03756, -26.58791],
						"0.5": {
							"pre": [39.90512, -0.03943, -54.51464],
							"post": [39.90512, -0.03943, -54.51464],
							"lerp_mode": "catmullrom"
						},
						"0.7": {
							"post": [49.80864, 3.47494, -58.04653],
							"lerp_mode": "catmullrom"
						},
						"0.9667": {
							"post": [46.51535, 6.55654, -64.84658],
							"lerp_mode": "catmullrom"
						},
						"1.2": {
							"post": [49.80864, 3.47494, -58.04653],
							"lerp_mode": "catmullrom"
						},
						"1.4": {
							"post": [46.51535, 6.55654, -64.84658],
							"lerp_mode": "catmullrom"
						},
						"1.5667": {
							"post": [49.80864, 3.47494, -58.04653],
							"lerp_mode": "catmullrom"
						},
						"1.7667": [59.17042, 16.03756, -26.58791],
						"1.9333": [65.85658, 32.08192, -20.91272]
					},
					"position": {
						"0.0": [-4.25, -9.125, -5.625],
						"0.1667": [-1.315, -7.64, -5.62],
						"0.5": {
							"pre": [-4.875, -4.12, -5.62],
							"post": [-4.875, -4.12, -5.62],
							"lerp_mode": "catmullrom"
						},
						"0.7": {
							"post": [-4.875, -4.12, -5.62],
							"lerp_mode": "catmullrom"
						},
						"0.9667": {
							"post": [-4.875, -4.12, -1.62],
							"lerp_mode": "catmullrom"
						},
						"1.2": {
							"post": [-4.875, -4.12, -5.62],
							"lerp_mode": "catmullrom"
						},
						"1.4": {
							"post": [-4.875, -4.12, -1.62],
							"lerp_mode": "catmullrom"
						},
						"1.5667": {
							"post": [-4.875, -4.12, -5.62],
							"lerp_mode": "catmullrom"
						},
						"1.7667": [-1.315, -7.64, -5.62],
						"1.9333": [-4.25, -9.125, -5.625]
					}
				},
				"camera": {
					"rotation": {
						"0.0": {
							"post": [0, 0, 0],
							"lerp_mode": "catmullrom"
						},
						"0.5": {
							"post": [0, 0.7575, -0.02],
							"lerp_mode": "catmullrom"
						},
						"2.1": {
							"post": [0, 0.625, 0],
							"lerp_mode": "catmullrom"
						},
						"2.4": {
							"post": [0, 0, 0],
							"lerp_mode": "catmullrom"
						}
					}
				},
				"lefthand_pos": {
					"position": [0, -6, 0],
					"scale": [1, 1.5, 1]
				},
				"right_hand": {
					"rotation": [84.75867, -17.43127, 1.5741],
					"position": [5.375, -9.25, -0.375]
				},
				"pew_illuminated": {
					"rotation": [0, 0, -2.73],
					"position": {
						"0.0": {
							"post": [0, -10, -60],
							"lerp_mode": "catmullrom"
						}
					},
					"scale": 0.001
				},
				"cat": {
					"scale": 0.75
				}
			},
			"sound_effects": {
				"0.0": {
					"effect": "murasamet:kittygun/magout"
				},
				"1.2333": {
					"effect": "bfv:handgun/magin"
				}
			}
		},
		"reload_empty": {
			"loop": "hold_on_last_frame",
			"animation_length": 2.8333,
			"bones": {
				"root": {
					"rotation": {
						"0.0": {
							"post": [0, 0, 0],
							"lerp_mode": "catmullrom"
						},
						"0.1667": {
							"post": [-0.525, 0, 3],
							"lerp_mode": "catmullrom"
						},
						"0.6": {
							"post": [-2.275, 0, 3],
							"lerp_mode": "catmullrom"
						},
						"0.9333": {
							"post": [-3.5, 0, 3.005],
							"lerp_mode": "catmullrom"
						},
						"1.1667": {
							"post": [-0.525, 0, 3],
							"lerp_mode": "catmullrom"
						},
						"1.4333": {
							"post": [-3.169, 0, 3],
							"lerp_mode": "catmullrom"
						},
						"1.6": {
							"post": [-0.525, 0, 3],
							"lerp_mode": "catmullrom"
						},
						"2.0": {
							"post": [0.2, 0, 1],
							"lerp_mode": "catmullrom"
						},
						"2.3333": {
							"post": [0, 0, 0],
							"lerp_mode": "catmullrom"
						},
						"2.6333": {
							"post": [0, 0, 0],
							"lerp_mode": "catmullrom"
						}
					},
					"position": {
						"0.0": {
							"post": [0, 0.0625, 0],
							"lerp_mode": "catmullrom"
						},
						"0.2333": {
							"post": [-1, 0.75, 0],
							"lerp_mode": "catmullrom"
						},
						"0.4": {
							"post": [-1.07, 0.82, 0],
							"lerp_mode": "catmullrom"
						},
						"0.5": {
							"post": [-1.05, 0.55, 0],
							"lerp_mode": "catmullrom"
						},
						"0.6667": {
							"post": [-1, 0.75, 0],
							"lerp_mode": "catmullrom"
						},
						"0.9333": {
							"post": [-1.07, 0.82, 0.75],
							"lerp_mode": "catmullrom"
						},
						"1.2": {
							"post": [-1.05, 0.55, 0],
							"lerp_mode": "catmullrom"
						},
						"1.4333": {
							"post": [-1.07, 0.82, 0.75],
							"lerp_mode": "catmullrom"
						},
						"1.8333": {
							"post": [-1, 0.75, 0.125],
							"lerp_mode": "catmullrom"
						},
						"2.1667": {
							"post": [-0.25, 0.25, 0],
							"lerp_mode": "catmullrom"
						},
						"2.4": {
							"post": [0.125, -0.125, 0],
							"lerp_mode": "catmullrom"
						},
						"2.8": {
							"post": [0, 0, 0],
							"lerp_mode": "catmullrom"
						}
					}
				},
				"left_hand": {
					"rotation": {
						"0.0": [65.85658, 32.08192, -20.91272],
						"0.1667": [59.17042, 16.03756, -26.58791],
						"0.5": {
							"pre": [39.90512, -0.03943, -54.51464],
							"post": [39.90512, -0.03943, -54.51464],
							"lerp_mode": "catmullrom"
						},
						"0.7": {
							"post": [49.80864, 3.47494, -58.04653],
							"lerp_mode": "catmullrom"
						},
						"0.9667": {
							"post": [46.51535, 6.55654, -64.84658],
							"lerp_mode": "catmullrom"
						},
						"1.2": {
							"post": [49.80864, 3.47494, -58.04653],
							"lerp_mode": "catmullrom"
						},
						"1.4": {
							"post": [46.51535, 6.55654, -64.84658],
							"lerp_mode": "catmullrom"
						},
						"1.5667": {
							"post": [49.80864, 3.47494, -58.04653],
							"lerp_mode": "catmullrom"
						},
						"1.7667": [59.17042, 16.03756, -26.58791],
						"1.9333": [65.85658, 32.08192, -20.91272]
					},
					"position": {
						"0.0": [-4.25, -9.125, -5.625],
						"0.1667": [-1.315, -7.64, -5.62],
						"0.5": {
							"pre": [-4.875, -4.12, -5.62],
							"post": [-4.875, -4.12, -5.62],
							"lerp_mode": "catmullrom"
						},
						"0.7": {
							"post": [-4.875, -4.12, -5.62],
							"lerp_mode": "catmullrom"
						},
						"0.9667": {
							"post": [-4.875, -4.12, -1.62],
							"lerp_mode": "catmullrom"
						},
						"1.2": {
							"post": [-4.875, -4.12, -5.62],
							"lerp_mode": "catmullrom"
						},
						"1.4": {
							"post": [-4.875, -4.12, -1.62],
							"lerp_mode": "catmullrom"
						},
						"1.5667": {
							"post": [-4.875, -4.12, -5.62],
							"lerp_mode": "catmullrom"
						},
						"1.7667": [-1.315, -7.64, -5.62],
						"1.9333": [-4.25, -9.125, -5.625]
					}
				},
				"camera": {
					"rotation": {
						"0.0": {
							"post": [0, 0, 0],
							"lerp_mode": "catmullrom"
						},
						"0.5": {
							"post": [0, 0.7575, -0.02],
							"lerp_mode": "catmullrom"
						},
						"2.1": {
							"post": [0, 0.625, 0],
							"lerp_mode": "catmullrom"
						},
						"2.4": {
							"post": [0, 0, 0],
							"lerp_mode": "catmullrom"
						}
					}
				},
				"lefthand_pos": {
					"position": [0, -6, 0],
					"scale": [1, 1.5, 1]
				},
				"right_hand": {
					"rotation": [84.75867, -17.43127, 1.5741],
					"position": [5.375, -9.25, -0.375]
				},
				"pew_illuminated": {
					"rotation": [0, 0, -2.73],
					"position": {
						"0.0": {
							"post": [0, -10, -60],
							"lerp_mode": "catmullrom"
						}
					},
					"scale": 0.001
				},
				"cat": {
					"scale": 0.75
				}
			},
			"sound_effects": {
				"0.0": {
					"effect": "bfv:handgun/magout"
				},
				"1.2333": {
					"effect": "bfv:handgun/magin"
				}
			}
		},
		"shoot": {
			"animation_length": 0.6,
			"bones": {
				"root": {
					"rotation": {
						"0.0": {
							"post": [0, 0, 0],
							"lerp_mode": "catmullrom"
						},
						"0.0333": {
							"post": [0, -18, 0],
							"lerp_mode": "catmullrom"
						},
						"0.1": {
							"post": [-10.05488, -18.98473, 0.18256],
							"lerp_mode": "catmullrom"
						},
						"0.2": {
							"post": [-9.43064, -5.21255, -2.58664],
							"lerp_mode": "catmullrom"
						},
						"0.3": {
							"post": [1, 0, 0],
							"lerp_mode": "catmullrom"
						},
						"0.4333": {
							"post": [-0.125, -0.125, -0.125],
							"lerp_mode": "catmullrom"
						},
						"0.6": [0, 0, 0]
					},
					"position": {
						"0.0": {
							"post": [0, 0, 0],
							"lerp_mode": "catmullrom"
						},
						"0.0333": {
							"post": [-0.375, 0, 1.125],
							"lerp_mode": "catmullrom"
						},
						"0.1667": {
							"post": [-0.24, 0, 1.265],
							"lerp_mode": "catmullrom"
						},
						"0.3": {
							"post": [0, 0, 0],
							"lerp_mode": "catmullrom"
						},
						"0.4333": {
							"post": [0, 0, 0],
							"lerp_mode": "catmullrom"
						},
						"0.6": [0, 0, 0]
					}
				},
				"camera": {
					"rotation": {
						"0.0": {
							"post": [0, 0, 0],
							"lerp_mode": "catmullrom"
						},
						"0.0333": {
							"post": [0, 0, 1.02],
							"lerp_mode": "catmullrom"
						},
						"0.1": {
							"post": [0, 0, -0.55],
							"lerp_mode": "catmullrom"
						},
						"0.1667": {
							"post": [0, 0, 0.45],
							"lerp_mode": "catmullrom"
						},
						"0.2333": {
							"post": [0, 0, -0.15],
							"lerp_mode": "catmullrom"
						},
						"0.3333": {
							"post": [0, 0, 0],
							"lerp_mode": "catmullrom"
						},
						"0.6": {
							"post": [0, 0, 0],
							"lerp_mode": "catmullrom"
						}
					}
				},
				"pew_illuminated": {
					"position": {
						"0.0": [0, 0, 0],
						"0.6": [0, 0, 0]
					},
					"scale": {
						"0.0": {
							"post": [0.1, 0.1, 0.1],
							"lerp_mode": "catmullrom"
						},
						"0.0667": {
							"post": [1000, 1000, 1000],
							"lerp_mode": "catmullrom"
						},
						"0.2": {
							"post": [1000, 1000, 1000],
							"lerp_mode": "catmullrom"
						},
						"0.3667": [0, 0, 0]
					}
				}
			}
		},
		"inspect": {
			"animation_length": 2.3667,
			"bones": {
				"root": {
					"rotation": {
						"0.0": [0.125, 0, 0],
						"0.0167": [0.24181, 0, 0],
						"0.0333": [0.58016, 0, 0],
						"0.05": [1.12512, 0, 0],
						"0.0667": [1.86571, 0, 0],
						"0.0833": [2.79375, 0, 0],
						"0.1": [3.90469, 0, 0],
						"0.1167": [5.19834, 0, 0],
						"0.1333": [6.67963, 0, 0],
						"0.15": [8.36293, 0, 0],
						"0.1667": [10.28229, 0, 0],
						"0.1833": [12.52862, 0, 0],
						"0.2": {
							"pre": [15.875, 0, 0],
							"post": [15.875, 0, 0],
							"lerp_mode": "catmullrom"
						},
						"0.2833": {
							"post": [21, 0, 0],
							"lerp_mode": "catmullrom"
						},
						"0.3833": {
							"post": [-12.495, 0.125, 0],
							"lerp_mode": "catmullrom"
						},
						"2.0667": [0.125, 0, 0]
					},
					"position": {
						"0.0": [0.125, 0.0625, 0],
						"0.0167": [0.125, 0.04971, 0.02018],
						"0.0333": [0.125, 0.01157, 0.08216],
						"0.05": [0.125, -0.05176, 0.18802],
						"0.0667": [0.125, -0.13997, 0.33926],
						"0.0833": [0.125, -0.25267, 0.53621],
						"0.1": [0.125, -0.38937, 0.77717],
						"0.1167": [0.125, -0.54929, 1.05699],
						"0.1333": [0.125, -0.73116, 1.36521],
						"0.15": [0.125, -0.93276, 1.68367],
						"0.1667": [0.125, -1.14969, 1.98439],
						"0.1833": [0.125, -1.37169, 2.22945],
						"0.2": {
							"pre": [0.125, -1.565, 2.375],
							"post": [0.125, -1.565, 2.375],
							"lerp_mode": "catmullrom"
						},
						"0.3167": {
							"post": [0.125, -2.315, 2.375],
							"lerp_mode": "catmullrom"
						},
						"0.55": {
							"post": [0.13, 1.81, -1.625],
							"lerp_mode": "catmullrom"
						},
						"1.0333": {
							"post": [0.13, 1.765, -1.99],
							"lerp_mode": "catmullrom"
						},
						"1.1667": {
							"post": [0.13, -0.86, -1.85],
							"lerp_mode": "catmullrom"
						},
						"1.35": {
							"post": [0.13, 0.43, -1.78],
							"lerp_mode": "catmullrom"
						},
						"1.6167": {
							"post": [0.13, -0.065, -1.62],
							"lerp_mode": "catmullrom"
						},
						"1.7833": {
							"post": [0.13, 0.235, -1.09],
							"lerp_mode": "catmullrom"
						},
						"1.9": {
							"post": [0.13, 0.03, -0.4],
							"lerp_mode": "catmullrom"
						},
						"2.0667": [0.125, 0.0625, 0]
					}
				},
				"cat": {
					"rotation": {
						"0.3833": [0, 0, 0],
						"0.4": [-1.03503, 0, 0],
						"0.4167": [-3.70649, 0, 0],
						"0.4333": [-7.58115, 0, 0],
						"0.45": [-12.3818, 0, 0],
						"0.4667": [-17.92308, 0, 0],
						"0.4833": [-24.0673, 0, 0],
						"0.5": [-30.71332, 0, 0],
						"0.5167": [-37.78144, 0, 0],
						"0.5333": [-45.20932, 0, 0],
						"0.55": [-52.94259, 0, 0],
						"0.5667": [-60.9378, 0, 0],
						"0.5833": [-69.15491, 0, 0],
						"0.6": [-77.56067, 0, 0],
						"0.6167": [-86.12176, 0, 0],
						"0.7167": [-139.02613, 0, 0],
						"0.7333": [-147.75792, 0, 0],
						"0.75": [-156.32179, 0, 0],
						"0.7667": [-164.61939, 0, 0],
						"0.7833": [-172.5, 0, 0],
						"0.8": [-180.74344, 0, 0],
						"0.8167": [-190.00834, 0, 0],
						"0.8333": [-199.99233, 0, 0],
						"0.85": [-210.47472, 0, 0],
						"0.8667": [-221.2897, 0, 0],
						"0.9333": [-265.54125, 0, 0],
						"0.95": [-276.40843, 0, 0],
						"0.9667": [-287.05087, 0, 0],
						"0.9833": [-297.40302, 0, 0],
						"1.0": [-307.39995, 0, 0],
						"1.0167": [-316.97859, 0, 0],
						"1.0333": [-326.07409, 0, 0],
						"1.05": [-334.61757, 0, 0],
						"1.0667": [-342.5367, 0, 0],
						"1.0833": [-349.75621, 0, 0],
						"1.1": [-356.192, 0, 0],
						"1.1167": [-361.74824, 0, 0],
						"1.1333": [-366.32255, 0, 0],
						"1.15": [-369.79663, 0, 0],
						"1.1667": [-372.03376, 0, 0],
						"1.1833": [-372.875, 0, 0],
						"1.2": [-372.86064, 0, 0],
						"1.2167": [-372.64582, 0, 0],
						"1.2333": [-372.21045, 0, 0],
						"1.25": [-371.53332, 0, 0],
						"1.2667": [-370.59254, 0, 0],
						"1.2833": [-369.36753, 0, 0],
						"1.3": [-367.8448, 0, 0],
						"1.3167": [-366.02592, 0, 0],
						"1.3333": [-363.94352, 0, 0],
						"1.3667": [-359.42623, 0, 0],
						"1.3833": [-357.42352, 0, 0],
						"1.4": [-355.97916, 0, 0],
						"1.4167": [-355.335, 0, 0],
						"1.4333": [-355.28521, 0, 0],
						"1.45": [-355.4405, 0, 0],
						"1.5833": [-358.62829, 0, 0],
						"1.65": [-359.8065, 0, 0],
						"1.6833": [-360, 0, 0]
					},
					"position": {
						"0.3833": [0, 0, 0],
						"0.4": [0, 0.0591, 0.02837],
						"0.4167": [0, 0.2521, 0.1362],
						"0.4333": [0, 0.61008, 0.39649],
						"0.45": [0, 1.17808, 0.99536],
						"0.4667": [0, 2.02504, 1.13696],
						"0.4833": [0, 3.26198, 0.83726],
						"0.5": [0, 5.05309, 0.44366],
						"0.5167": {
							"pre": [0, 7.08, 0.015],
							"post": [0, 7.08, 0.015],
							"lerp_mode": "catmullrom"
						},
						"0.65": {
							"post": [0, 12.51, 0.065],
							"lerp_mode": "catmullrom"
						},
						"0.7833": {
							"post": [0, 15.25, 0.015],
							"lerp_mode": "catmullrom"
						},
						"0.9667": {
							"post": [0, 13.875, 0],
							"lerp_mode": "catmullrom"
						},
						"1.0333": {
							"post": [0, 10.305, 0.025],
							"lerp_mode": "catmullrom"
						},
						"1.1667": {
							"post": [0, 0, 0],
							"lerp_mode": "catmullrom"
						}
					},
					"scale": 0.75
				},
				"left_hand": {
					"rotation": {
						"0.0": [65.85658, 32.08192, -20.91272],
						"0.4833": [65.86, 32.08, -20.91],
						"0.65": [43.89158, 32.08052, -20.91074],
						"1.1167": [65.85658, 32.08192, -20.91272]
					},
					"position": {
						"0.0": [-4.25, -9.125, -5.625],
						"0.4833": [-4.25, -9.12, -5.62],
						"0.65": [-4.25, -6.87, -5.62],
						"1.1167": [-4.25, -9.125, -5.625]
					}
				},
				"lefthand_pos": {
					"position": [0, -6, 0],
					"scale": [1, 1.5, 1]
				},
				"right_hand": {
					"rotation": [84.75867, -17.43127, 1.5741],
					"position": [5.375, -9.25, -0.375]
				},
				"pew_illuminated": {
					"rotation": [0, 0, -2.73],
					"position": {
						"0.0": {
							"post": [0, -10, -60],
							"lerp_mode": "catmullrom"
						}
					},
					"scale": 0.001
				}
			},
			"sound_effects": {
				"0.3833": {
					"effect": "murasamet:kittygun/hitt1"
				}
			}
		},
		"inspect_empty": {
			"animation_length": 2.3667,
			"bones": {
				"root": {
					"rotation": {
						"0.0": [0.125, 0, 0],
						"0.0167": [0.28262, 0, 0],
						"0.0333": [0.80763, 0, 0],
						"0.05": [1.79306, 0, 0],
						"0.0667": [3.33257, 0, 0],
						"0.0833": [5.45747, 0, 0],
						"0.1167": [10.54253, 0, 0],
						"0.1333": [12.66743, 0, 0],
						"0.15": [14.20694, 0, 0],
						"0.1667": [15.19237, 0, 0],
						"0.1833": [15.71738, 0, 0],
						"0.2": {
							"pre": [15.875, 0, 0],
							"post": [15.875, 0, 0],
							"lerp_mode": "catmullrom"
						},
						"0.2833": {
							"post": [21, 0, 0],
							"lerp_mode": "catmullrom"
						},
						"0.3833": {
							"post": [-12.495, 0.125, 0],
							"lerp_mode": "catmullrom"
						},
						"2.0667": [0.125, 0, 0]
					},
					"position": {
						"0.0": [0.125, 0.0625, 0],
						"0.0167": [0.125, 0.04621, 0.02377],
						"0.0333": [0.125, -0.00804, 0.10294],
						"0.05": [0.125, -0.10987, 0.25153],
						"0.0667": [0.125, -0.26895, 0.48368],
						"0.0833": [0.125, -0.48852, 0.8041],
						"0.1167": [0.125, -1.01398, 1.5709],
						"0.1333": [0.125, -1.23355, 1.89132],
						"0.15": [0.125, -1.39263, 2.12347],
						"0.1667": [0.125, -1.49446, 2.27206],
						"0.1833": [0.125, -1.54871, 2.35123],
						"0.2": {
							"pre": [0.125, -1.565, 2.375],
							"post": [0.125, -1.565, 2.375],
							"lerp_mode": "catmullrom"
						},
						"0.3167": {
							"post": [0.125, -2.315, 2.375],
							"lerp_mode": "catmullrom"
						},
						"0.55": {
							"post": [0.13, 1.81, -1.625],
							"lerp_mode": "catmullrom"
						},
						"1.0333": {
							"post": [0.13, 1.765, -1.99],
							"lerp_mode": "catmullrom"
						},
						"1.1667": {
							"post": [0.13, -0.86, -1.85],
							"lerp_mode": "catmullrom"
						},
						"1.35": {
							"post": [0.13, 0.43, -1.78],
							"lerp_mode": "catmullrom"
						},
						"1.6167": {
							"post": [0.13, -0.065, -1.62],
							"lerp_mode": "catmullrom"
						},
						"1.7833": {
							"post": [0.13, 0.235, -1.09],
							"lerp_mode": "catmullrom"
						},
						"1.9": {
							"post": [0.13, 0.03, -0.4],
							"lerp_mode": "catmullrom"
						},
						"2.0667": [0.125, 0.0625, 0]
					}
				},
				"cat": {
					"rotation": {
						"0.3833": [0, 0, 0],
						"0.4": [-1.03503, 0, 0],
						"0.4167": [-3.70649, 0, 0],
						"0.4333": [-7.58115, 0, 0],
						"0.45": [-12.3818, 0, 0],
						"0.4667": [-17.92308, 0, 0],
						"0.4833": [-24.0673, 0, 0],
						"0.5": [-30.71332, 0, 0],
						"0.5167": [-37.78144, 0, 0],
						"0.5333": [-45.20932, 0, 0],
						"0.55": [-52.94259, 0, 0],
						"0.5667": [-60.9378, 0, 0],
						"0.5833": [-69.15491, 0, 0],
						"0.6": [-77.56067, 0, 0],
						"0.6167": [-86.12176, 0, 0],
						"0.7167": [-139.02613, 0, 0],
						"0.7333": [-147.75792, 0, 0],
						"0.75": [-156.32179, 0, 0],
						"0.7667": [-164.61939, 0, 0],
						"0.7833": [-172.5, 0, 0],
						"0.8": [-180.74344, 0, 0],
						"0.8167": [-190.00834, 0, 0],
						"0.8333": [-199.99233, 0, 0],
						"0.85": [-210.47472, 0, 0],
						"0.8667": [-221.2897, 0, 0],
						"0.9333": [-265.54125, 0, 0],
						"0.95": [-276.40843, 0, 0],
						"0.9667": [-287.05087, 0, 0],
						"0.9833": [-297.40302, 0, 0],
						"1.0": [-307.39995, 0, 0],
						"1.0167": [-316.97859, 0, 0],
						"1.0333": [-326.07409, 0, 0],
						"1.05": [-334.61757, 0, 0],
						"1.0667": [-342.5367, 0, 0],
						"1.0833": [-349.75621, 0, 0],
						"1.1": [-356.192, 0, 0],
						"1.1167": [-361.74824, 0, 0],
						"1.1333": [-366.32255, 0, 0],
						"1.15": [-369.79663, 0, 0],
						"1.1667": [-372.03376, 0, 0],
						"1.1833": [-372.875, 0, 0],
						"1.2": [-372.86064, 0, 0],
						"1.2167": [-372.64582, 0, 0],
						"1.2333": [-372.21045, 0, 0],
						"1.25": [-371.53332, 0, 0],
						"1.2667": [-370.59254, 0, 0],
						"1.2833": [-369.36753, 0, 0],
						"1.3": [-367.8448, 0, 0],
						"1.3167": [-366.02592, 0, 0],
						"1.3333": [-363.94352, 0, 0],
						"1.3667": [-359.42623, 0, 0],
						"1.3833": [-357.42352, 0, 0],
						"1.4": [-355.97916, 0, 0],
						"1.4167": [-355.335, 0, 0],
						"1.4333": [-355.28521, 0, 0],
						"1.45": [-355.4405, 0, 0],
						"1.5833": [-358.62829, 0, 0],
						"1.65": [-359.8065, 0, 0],
						"1.6833": [-360, 0, 0]
					},
					"position": {
						"0.3833": [0, 0, 0],
						"0.4": [0, 0.07747, 0.00016],
						"0.4167": [0, 0.38383, 0.00081],
						"0.4333": [0, 1.18257, 0.00251],
						"0.4667": [0, 5.89743, 0.01249],
						"0.4833": [0, 6.69617, 0.01419],
						"0.5": [0, 7.00253, 0.01484],
						"0.5167": {
							"pre": [0, 7.08, 0.015],
							"post": [0, 7.08, 0.015],
							"lerp_mode": "catmullrom"
						},
						"0.65": {
							"post": [0, 12.51, 0.065],
							"lerp_mode": "catmullrom"
						},
						"0.7833": {
							"post": [0, 15.25, 0.015],
							"lerp_mode": "catmullrom"
						},
						"0.9667": {
							"post": [0, 13.875, 0],
							"lerp_mode": "catmullrom"
						},
						"1.0333": {
							"post": [0, 10.305, 0.025],
							"lerp_mode": "catmullrom"
						},
						"1.1667": {
							"post": [0, 0, 0],
							"lerp_mode": "catmullrom"
						}
					},
					"scale": 0.75
				},
				"left_hand": {
					"rotation": {
						"0.0": [65.85658, 32.08192, -20.91272],
						"0.4833": [65.86, 32.08, -20.91],
						"0.65": [43.89158, 32.08052, -20.91074],
						"1.1167": [65.85658, 32.08192, -20.91272]
					},
					"position": {
						"0.0": [-4.25, -9.125, -5.625],
						"0.4833": [-4.25, -9.12, -5.62],
						"0.65": [-4.25, -6.87, -5.62],
						"1.1167": [-4.25, -9.125, -5.625]
					}
				},
				"lefthand_pos": {
					"position": [0, -6, 0],
					"scale": [1, 1.5, 1]
				},
				"right_hand": {
					"rotation": [84.75867, -17.43127, 1.5741],
					"position": [5.375, -9.25, -0.375]
				},
				"pew_illuminated": {
					"rotation": [0, 0, -2.73],
					"position": {
						"0.0": {
							"post": [0, -10, -60],
							"lerp_mode": "catmullrom"
						}
					},
					"scale": 0.001
				}
			},
			"sound_effects": {
				"0.3833": {
					"effect": "murasamet:kittygun/hitt2"
				}
			}
		}
	}
}