{
	"format_version": "1.8.0",
	"animations": {
		"static_idle": {
			"loop": "hold_on_last_frame",
			"animation_length": 0.2083,
			"bones": {
				"righthand": {
					"rotation": [95, 0, -180],
					"position": [-6.4, -12.125, 5.05],
					"scale": [1, 1.5, 1]
				},
				"lefthand": {
					"rotation": [-273.87487, -27.33823, 235.83124],
					"position": [7.7, -11.5, -8.975],
					"scale": [1, 1.5, 1]
				},
				"root": {
					"rotation": {
						"0.0": {
							"post": [0, 0, 0],
							"lerp_mode": "catmullrom"
						}
					},
					"position": {
						"0.0": {
							"post": [0, 0, 0],
							"lerp_mode": "catmullrom"
						}
					}
				},
				"constraint": {
					"rotation": [0.2, 0.2, 0.2],
					"position": [0.15, 0.15, 0.15]
				},
				"bolt": {
					"position": [0, 0, 0]
				}
			}
		},
		"static_bolt_caught": {
			"loop": "hold_on_last_frame",
			"animation_length": 0.2083,
			"bones": {
				"righthand": {
					"rotation": [95, 0, -180],
					"position": [-6.4, -12.125, 5.05],
					"scale": [1, 1.5, 1]
				},
				"lefthand": {
					"rotation": [-273.87487, -27.33823, 235.83124],
					"position": [7.7, -11.5, -8.975],
					"scale": [1, 1.5, 1]
				},
				"root": {
					"rotation": {
						"0.0": {
							"post": [0, 0, 0],
							"lerp_mode": "catmullrom"
						}
					},
					"position": {
						"0.0": {
							"post": [0, 0, 0],
							"lerp_mode": "catmullrom"
						}
					}
				},
				"constraint": {
					"rotation": [0.2, 0.2, 0.2],
					"position": [0.15, 0.15, 0.15]
				},
				"bolt": {
					"position": [0, 0, -4.625]
				}
			}
		},
		"draw": {
			"loop": "hold_on_last_frame",
			"animation_length": 1.3,
			"bones": {
				"righthand": {
					"rotation": [95, 0, -180],
					"position": [-6.4, -12.125, 5.05],
					"scale": [1, 1.5, 1]
				},
				"lefthand": {
					"rotation": {
						"0.0": {
							"post": [-207.60111, 3.20674, 140.57627],
							"lerp_mode": "catmullrom"
						},
						"0.25": {
							"post": [-222.73142, -0.84544, 134.26253],
							"lerp_mode": "catmullrom"
						},
						"0.4": {
							"post": [-222.73, -0.85, 134.26],
							"lerp_mode": "catmullrom"
						},
						"0.65": [-273.87487, -27.33823, 235.83124]
					},
					"position": {
						"0.0": {
							"post": [7.11772, -8.77865, 0.25648],
							"lerp_mode": "catmullrom"
						},
						"0.25": {
							"post": [6.45085, -10.0926, -3.15682],
							"lerp_mode": "catmullrom"
						},
						"0.4": {
							"post": [6.45085, -10.0926, -3.15682],
							"lerp_mode": "catmullrom"
						},
						"0.55": {
							"post": [8.81847, -11.08869, -6.15249],
							"lerp_mode": "catmullrom"
						},
						"0.65": [7.7, -11.5, -8.975]
					},
					"scale": {
						"0.0": [1, 1.5, 1],
						"0.65": [1, 1.5, 1]
					}
				},
				"root": {
					"rotation": {
						"0.0": {
							"post": [-78.31051, -36.76392, -14.04902],
							"lerp_mode": "catmullrom"
						},
						"0.25": {
							"post": [-68.67601, -18.09846, -17.02779],
							"lerp_mode": "catmullrom"
						},
						"0.45": {
							"post": [-40.05236, 2.83355, -1.12837],
							"lerp_mode": "catmullrom"
						},
						"0.7": {
							"post": [0, 0, 1.75],
							"lerp_mode": "catmullrom"
						},
						"0.85": {
							"post": [0, 0, -0.11],
							"lerp_mode": "catmullrom"
						},
						"0.95": {
							"post": [0, 0, -1],
							"lerp_mode": "catmullrom"
						},
						"1.05": {
							"post": [0, 0, 0.75],
							"lerp_mode": "catmullrom"
						},
						"1.2": {
							"post": [0, 0, 0],
							"lerp_mode": "catmullrom"
						}
					},
					"position": {
						"0.0": {
							"post": [-6.5, -0.1, 10.4],
							"lerp_mode": "catmullrom"
						},
						"0.25": {
							"post": [-3.94, -3.4, 3.93],
							"lerp_mode": "catmullrom"
						},
						"0.5": {
							"post": [-0.9, 0.3, -0.8],
							"lerp_mode": "catmullrom"
						},
						"0.7": {
							"post": [0, -0.7, -1.9],
							"lerp_mode": "catmullrom"
						},
						"0.85": {
							"post": [0, -0.3, 0.5],
							"lerp_mode": "catmullrom"
						},
						"1.0": {
							"post": [0, -0.1, -0.05],
							"lerp_mode": "catmullrom"
						},
						"1.1": {
							"post": [0, -0.025, 0],
							"lerp_mode": "catmullrom"
						},
						"1.25": {
							"post": [0, 0, 0],
							"lerp_mode": "catmullrom"
						}
					}
				},
				"camera": {
					"rotation": {
						"0.0": {
							"post": [0, 0, 0],
							"lerp_mode": "catmullrom"
						},
						"0.3": {
							"post": [-1.175, 0.325, -0.7],
							"lerp_mode": "catmullrom"
						},
						"0.55": {
							"post": [0.88, -0.025, -0.925],
							"lerp_mode": "catmullrom"
						},
						"0.85": {
							"post": [-0.245, 0.025, 0.175],
							"lerp_mode": "catmullrom"
						},
						"0.95": {
							"post": [0.15, 0, -0.2],
							"lerp_mode": "catmullrom"
						},
						"1.0": {
							"post": [0.02, 0, -0.08],
							"lerp_mode": "catmullrom"
						},
						"1.05": {
							"post": [-0.15, 0, 0.3],
							"lerp_mode": "catmullrom"
						},
						"1.15": {
							"post": [-0.06, 0, -0.205],
							"lerp_mode": "catmullrom"
						},
						"1.25": {
							"post": [0, 0, 0],
							"lerp_mode": "catmullrom"
						}
					}
				}
			}
		},
		"put_away": {
			"loop": "hold_on_last_frame",
			"animation_length": 0.8667,
			"bones": {
				"root": {
					"rotation": {
						"0.0": {
							"post": [0, 0, 0],
							"lerp_mode": "catmullrom"
						},
						"0.1667": {
							"post": [-4.53, -1.25, -1.42],
							"lerp_mode": "catmullrom"
						},
						"0.3333": {
							"post": [-27.15, -7.52, -14.53],
							"lerp_mode": "catmullrom"
						},
						"0.4333": {
							"post": [-40.73045, -11.28181, -23.80042],
							"lerp_mode": "catmullrom"
						},
						"0.5333": {
							"post": [-51.25268, -7.98916, -27.98839],
							"lerp_mode": "catmullrom"
						},
						"0.6667": {
							"post": [-59.1046, 20.10068, -27.392],
							"lerp_mode": "catmullrom"
						},
						"0.7667": {
							"post": [-67.12, 33.68, -19.23],
							"lerp_mode": "catmullrom"
						},
						"0.8667": {
							"post": [-74.38, 35.33, -17.98],
							"lerp_mode": "catmullrom"
						}
					},
					"position": {
						"0.0": {
							"post": [0, 0, 0],
							"lerp_mode": "catmullrom"
						},
						"0.1667": {
							"post": [-0.38, -0.89, 0.09],
							"lerp_mode": "catmullrom"
						},
						"0.3333": {
							"post": [-1.325, -1.5, 0.28],
							"lerp_mode": "catmullrom"
						},
						"0.4333": {
							"post": [-1.95, -2.9, 1.95],
							"lerp_mode": "catmullrom"
						},
						"0.5333": {
							"post": [-2.2, -4.555, 4.37],
							"lerp_mode": "catmullrom"
						},
						"0.7": {
							"post": [-4.7, -8.48, 7.94],
							"lerp_mode": "catmullrom"
						},
						"0.8667": {
							"post": [-7.59, -13.82, 14.07],
							"lerp_mode": "catmullrom"
						}
					}
				},
				"righthand": {
					"rotation": {
						"0.0": [95, 0, -180],
						"0.1": [101.2139, -0.71163, -174.99863],
						"0.3": [99.92205, -1.96551, -168.50279],
						"0.5667": [101.48941, -52.72158, -1.01416],
						"0.6667": [134.2185, -22.09581, -33.36169],
						"0.8667": [131.93942, -24.49859, -38.54941]
					},
					"position": {
						"0.0": [-6.4, -12.125, 5.05],
						"0.3": [-9.38656, -8.07425, 7.05538],
						"0.3667": [-4.83735, -3.87436, 7.75939],
						"0.4667": [-2.14866, -7.06411, 1.38744],
						"0.5667": [-2.36662, -9.54845, -4.43353],
						"0.6667": [-3.50353, -7.0548, -5.75069],
						"0.8667": [-3.34854, -8.15579, -8.65617]
					},
					"scale": [1, 1.5, 1]
				},
				"lefthand": {
					"rotation": [-273.87487, -27.33823, 235.83124],
					"position": [7.7, -11.5, -8.975],
					"scale": [1, 1.5, 1]
				},
				"camera": {
					"rotation": {
						"0.0": {
							"post": [0, 0, 0],
							"lerp_mode": "catmullrom"
						},
						"0.1333": {
							"post": [-0.225, 0, -0.125],
							"lerp_mode": "catmullrom"
						},
						"0.3667": {
							"post": [0.725, 0, 0.175],
							"lerp_mode": "catmullrom"
						},
						"0.5": {
							"post": [1.125, 0, 1.575],
							"lerp_mode": "catmullrom"
						},
						"0.7333": {
							"post": [0.275, 0, 1.5],
							"lerp_mode": "catmullrom"
						},
						"0.8667": {
							"post": [0, 0, 0],
							"lerp_mode": "catmullrom"
						}
					}
				}
			}
		},
		"reload_tactical": {
			"animation_length": 4.35,
			"bones": {
				"righthand": {
					"rotation": [95, 0, -180],
					"position": [-6.4, -12.125, 5.05],
					"scale": [1, 1.5, 1]
				},
				"lefthand": {
					"rotation": {
						"0.0": [-273.87487, -27.33823, 235.83124],
						"0.1": {
							"pre": [-261.02396, -51.81606, 235.88085],
							"post": [-261.02396, -51.81606, 235.88085],
							"lerp_mode": "catmullrom"
						},
						"0.25": {
							"post": [-265.02542, -33.98988, 243.03448],
							"lerp_mode": "catmullrom"
						},
						"0.45": {
							"post": [-284.81917, -35.59237, 273.90321],
							"lerp_mode": "catmullrom"
						},
						"0.65": {
							"post": [-253.08573, -38.60621, 213.95419],
							"lerp_mode": "catmullrom"
						},
						"0.8": [-241.01259, -7.92297, 158.95117],
						"0.85": [-241.01259, -7.92297, 158.95117],
						"0.95": [-228.01259, -7.92297, 158.95117],
						"1.0": [-228.01259, -7.92297, 158.95117],
						"1.3": [-262.5219, -27.52371, 236.70558],
						"1.35": [-262.5219, -27.52371, 236.70558],
						"1.45": {
							"pre": [-265.02256, -15.63554, 236.15835],
							"post": [-265.02256, -15.63554, 236.15835],
							"lerp_mode": "catmullrom"
						},
						"1.6": {
							"post": [-279.92166, -53.70674, 232.54287],
							"lerp_mode": "catmullrom"
						},
						"1.75": {
							"post": [-296.46972, -76.7727, 250.37804],
							"lerp_mode": "catmullrom"
						},
						"2.45": {
							"post": [-264.60533, -46.17425, 262.59532],
							"lerp_mode": "catmullrom"
						},
						"2.75": {
							"post": [-257.12549, -36.89589, 240.72572],
							"lerp_mode": "catmullrom"
						},
						"2.9": [-260.42035, -31.0355, 232.62606],
						"2.95": [-259.49214, -26.58468, 230.05049],
						"3.05": [-259.51416, -29.09153, 244.87718],
						"3.1": [-257.9696, -30.46613, 235.10446],
						"3.15": [-258.74981, -32.63485, 229.88954],
						"3.2": [-263.32681, -6.67962, 239.39714],
						"3.3": [-263.31217, -7.67283, 239.27989],
						"3.6": [-273.87487, -27.33823, 235.83124]
					},
					"position": {
						"0.0": [7.7, -11.5, -8.975],
						"0.15": {
							"pre": [7.7, -12, -7.85],
							"post": [7.7, -12, -7.85],
							"lerp_mode": "catmullrom"
						},
						"0.25": {
							"post": [6.63429, -11.71175, -6.04967],
							"lerp_mode": "catmullrom"
						},
						"0.4": {
							"post": [6.63429, -11.71175, -6.04967],
							"lerp_mode": "catmullrom"
						},
						"0.65": {
							"post": [8.68756, -16.16927, -0.56568],
							"lerp_mode": "catmullrom"
						},
						"0.8": [5.74381, -13.98603, 2.18588],
						"0.85": [5.74381, -13.98603, 2.18588],
						"0.95": [5.7842, -13.9741, 1.28547],
						"1.0": [5.7842, -13.9741, 1.28547],
						"1.15": {
							"pre": [7.51299, -17.32335, 1.03046],
							"post": [7.51299, -17.32335, 1.03046],
							"lerp_mode": "catmullrom"
						},
						"1.3": [7.07699, -16.3334, -3.21323],
						"1.35": {
							"pre": [7.07699, -16.3334, -3.21323],
							"post": [7.07699, -16.3334, -3.21323],
							"lerp_mode": "catmullrom"
						},
						"1.45": {
							"post": [7.77071, -18.06908, -2.9504],
							"lerp_mode": "catmullrom"
						},
						"1.6": {
							"post": [8.35637, -21.99354, -0.89945],
							"lerp_mode": "catmullrom"
						},
						"1.65": {
							"post": [8.15154, -23.47995, 2.41058],
							"lerp_mode": "catmullrom"
						},
						"1.75": {
							"post": [3.10623, -29.41858, 11.0283],
							"lerp_mode": "catmullrom"
						},
						"2.45": {
							"post": [4.69153, -30.24325, 8.97457],
							"lerp_mode": "catmullrom"
						},
						"2.6": {
							"post": [6.31886, -24.89034, 3.82578],
							"lerp_mode": "catmullrom"
						},
						"2.65": {
							"post": [7.54698, -22.28136, 0.76429],
							"lerp_mode": "catmullrom"
						},
						"2.7": {
							"post": [8.38887, -20.11418, -1.54176],
							"lerp_mode": "catmullrom"
						},
						"2.75": {
							"post": [8.48477, -18.59114, -2.57097],
							"lerp_mode": "catmullrom"
						},
						"2.8": {
							"post": [8.04188, -17.34141, -3.07121],
							"lerp_mode": "catmullrom"
						},
						"2.9": [7.07699, -16.3334, -3.21323],
						"2.95": [6.97689, -16.28764, -3.12297],
						"3.05": [6.98687, -16.3492, -3.08874],
						"3.15": [7.14951, -16.13783, -3.45091],
						"3.2": [7.32751, -16.00009, -1.69016],
						"3.3": [7.32751, -16.00009, -1.69016],
						"3.45": {
							"pre": [8.72205, -15.28376, -4.73907],
							"post": [8.72205, -15.28376, -4.73907],
							"lerp_mode": "catmullrom"
						},
						"3.6": [7.7, -11.5, -8.975]
					},
					"scale": [1, 1.5, 1]
				},
				"root": {
					"rotation": {
						"0.0": {
							"post": [0, 0, 0],
							"lerp_mode": "catmullrom"
						},
						"0.1": {
							"post": [-3.60699, -5.34144, -4.67669],
							"lerp_mode": "catmullrom"
						},
						"0.35": {
							"post": [-38.5, -31.15, -27.29],
							"lerp_mode": "catmullrom"
						},
						"0.5": {
							"post": [-44.34568, -33.65426, -28.89319],
							"lerp_mode": "catmullrom"
						},
						"0.55": {
							"post": [-41.49987, -38.29736, -35.01106],
							"lerp_mode": "catmullrom"
						},
						"0.65": {
							"post": [-44.27009, -33.74882, -29.98666],
							"lerp_mode": "catmullrom"
						},
						"0.8": {
							"post": [-42.49346, -34.68204, -32.68647],
							"lerp_mode": "catmullrom"
						},
						"0.85": {
							"post": [-43.09742, -34.48641, -32.31468],
							"lerp_mode": "catmullrom"
						},
						"0.95": {
							"post": [-44.09, -34.97, -32.14],
							"lerp_mode": "catmullrom"
						},
						"1.1": {
							"post": [-43.83106, -35.22012, -31.19766],
							"lerp_mode": "catmullrom"
						},
						"1.3": {
							"post": [-44.83012, -34.01923, -29.36788],
							"lerp_mode": "catmullrom"
						},
						"1.4": {
							"post": [-43.98396, -34.43964, -31.04602],
							"lerp_mode": "catmullrom"
						},
						"1.5": {
							"post": [-39.33273, -39.07715, -39.65298],
							"lerp_mode": "catmullrom"
						},
						"1.6": {
							"post": [-40.70153, -37.85432, -37.18195],
							"lerp_mode": "catmullrom"
						},
						"1.85": {
							"post": [-41.74493, -37.78557, -34.33621],
							"lerp_mode": "catmullrom"
						},
						"2.05": {
							"post": [-42.81919, -37.46776, -33.62117],
							"lerp_mode": "catmullrom"
						},
						"2.3": {
							"post": [-43.89493, -37.78557, -34.33621],
							"lerp_mode": "catmullrom"
						},
						"2.5": {
							"post": [-38.79436, -41.96322, -40.72191],
							"lerp_mode": "catmullrom"
						},
						"2.65": {
							"post": [-37.43, -42.08, -42.03],
							"lerp_mode": "catmullrom"
						},
						"2.8": {
							"post": [-37.15139, -41.34055, -41.64537],
							"lerp_mode": "catmullrom"
						},
						"2.9": {
							"post": [-34.26087, -44.34129, -46.28988],
							"lerp_mode": "catmullrom"
						},
						"3.0": {
							"post": [-35.82175, -44.43147, -45.15745],
							"lerp_mode": "catmullrom"
						},
						"3.05": {
							"post": [-36.2303, -44.88799, -45.48708],
							"lerp_mode": "catmullrom"
						},
						"3.15": {
							"post": [-37.50819, -43.94834, -43.77922],
							"lerp_mode": "catmullrom"
						},
						"3.2": {
							"post": [-35.65366, -43.33934, -43.14263],
							"lerp_mode": "catmullrom"
						},
						"3.3": {
							"post": [-46.19269, -37.9734, -34.44949],
							"lerp_mode": "catmullrom"
						},
						"3.35": {
							"post": [-46.68, -35.58, -31.8],
							"lerp_mode": "catmullrom"
						},
						"3.55": {
							"post": [-49.60625, -15.31777, -17.97621],
							"lerp_mode": "catmullrom"
						},
						"3.7": {
							"post": [-33.08944, -6.27492, -11.78759],
							"lerp_mode": "catmullrom"
						},
						"3.85": {
							"post": [-6.09888, -1.67576, 2.15917],
							"lerp_mode": "catmullrom"
						},
						"3.95": {
							"post": [0.09981, -0.36047, 4.38071],
							"lerp_mode": "catmullrom"
						},
						"4.05": {
							"post": [-0.50001, -0.00436, -1.32509],
							"lerp_mode": "catmullrom"
						},
						"4.15": {
							"post": [0, 0, 0.75],
							"lerp_mode": "catmullrom"
						},
						"4.25": {
							"post": [0, 0, 0],
							"lerp_mode": "catmullrom"
						}
					},
					"position": {
						"0.0": {
							"post": [0, 0, 0],
							"lerp_mode": "catmullrom"
						},
						"0.1": {
							"post": [0, -0.17, -0.5],
							"lerp_mode": "catmullrom"
						},
						"0.35": {
							"post": [0.00899, 0.74734, -1.63],
							"lerp_mode": "catmullrom"
						},
						"0.45": {
							"post": [0.18302, -0.00201, -2.49],
							"lerp_mode": "catmullrom"
						},
						"0.5": {
							"post": [0.13945, -0.69391, -2.7],
							"lerp_mode": "catmullrom"
						},
						"0.55": {
							"post": [0.18743, -1.30924, -2.67],
							"lerp_mode": "catmullrom"
						},
						"0.7": {
							"post": [0.17431, -1.09239, -2.7],
							"lerp_mode": "catmullrom"
						},
						"0.85": {
							"post": [0.18, -1.02, -2.79],
							"lerp_mode": "catmullrom"
						},
						"0.95": {
							"post": [0.18, -0.965, -2.86],
							"lerp_mode": "catmullrom"
						},
						"1.05": {
							"post": [0.17, -0.98, -2.9],
							"lerp_mode": "catmullrom"
						},
						"1.35": {
							"post": [0.04, -1.06, -2.7],
							"lerp_mode": "catmullrom"
						},
						"1.5": {
							"post": [0.39, -1.21, -2.69],
							"lerp_mode": "catmullrom"
						},
						"1.85": {
							"post": [0.39, -1.21, -2.69],
							"lerp_mode": "catmullrom"
						},
						"2.3": {
							"post": [0.39, -1.21, -2.69],
							"lerp_mode": "catmullrom"
						},
						"2.4": {
							"post": [0.3, -1.36, -2.69],
							"lerp_mode": "catmullrom"
						},
						"2.5": {
							"post": [0.19, -1.3, -2.69],
							"lerp_mode": "catmullrom"
						},
						"2.65": {
							"post": [0.19, -1.3, -2.69],
							"lerp_mode": "catmullrom"
						},
						"2.8": {
							"post": [0.1, -1.39, -2.68],
							"lerp_mode": "catmullrom"
						},
						"3.05": {
							"post": [0.14, -1.05, -2.68],
							"lerp_mode": "catmullrom"
						},
						"3.15": {
							"post": [0.16, -1.04, -2.68],
							"lerp_mode": "catmullrom"
						},
						"3.2": {
							"post": [-0.22569, -1.29239, -2.7],
							"lerp_mode": "catmullrom"
						},
						"3.35": {
							"post": [0.27431, -1.49239, -2.9],
							"lerp_mode": "catmullrom"
						},
						"3.55": {
							"post": [0.4266, -1.29011, -2.7],
							"lerp_mode": "catmullrom"
						},
						"3.75": {
							"post": [0.10642, -0.0619, -1.66],
							"lerp_mode": "catmullrom"
						},
						"3.9": {
							"post": [0.01525, -0.17433, -1.1],
							"lerp_mode": "catmullrom"
						},
						"4.0": {
							"post": [0, -0.1, 0.4],
							"lerp_mode": "catmullrom"
						},
						"4.1": {
							"post": [0, 0, 0],
							"lerp_mode": "catmullrom"
						},
						"4.2": {
							"post": [0, 0, 0],
							"lerp_mode": "catmullrom"
						}
					}
				},
				"camera": {
					"rotation": {
						"0.0": {
							"post": [0, 0, 0],
							"lerp_mode": "catmullrom"
						},
						"0.2": {
							"post": [0.545, 0, 0],
							"lerp_mode": "catmullrom"
						},
						"0.4": {
							"post": [3.645, -0.28, 1.06],
							"lerp_mode": "catmullrom"
						},
						"0.55": {
							"post": [4.235, -0.46, 1.73],
							"lerp_mode": "catmullrom"
						},
						"0.65": {
							"post": [5.375, -0.525, 2.2],
							"lerp_mode": "catmullrom"
						},
						"0.8": {
							"post": [4.225, -0.57, 1.75],
							"lerp_mode": "catmullrom"
						},
						"0.95": {
							"post": [4.62, -0.59, 1.9],
							"lerp_mode": "catmullrom"
						},
						"1.05": {
							"post": [5.305, -0.61, 2.4],
							"lerp_mode": "catmullrom"
						},
						"1.2": {
							"post": [4.49, -0.63, 1.9],
							"lerp_mode": "catmullrom"
						},
						"1.45": {
							"post": [4.855, -0.65, 1.9],
							"lerp_mode": "catmullrom"
						},
						"1.5": {
							"post": [6.265, -0.35, 2.9],
							"lerp_mode": "catmullrom"
						},
						"1.6": {
							"post": [4.715, 0.11, 1],
							"lerp_mode": "catmullrom"
						},
						"1.75": {
							"post": [5.65, 0.295, 2.075],
							"lerp_mode": "catmullrom"
						},
						"1.95": {
							"post": [5.305, 0.19, 1.375],
							"lerp_mode": "catmullrom"
						},
						"2.25": {
							"post": [4.915, 0.26, 1.3],
							"lerp_mode": "catmullrom"
						},
						"2.7": {
							"post": [6.93, -0.65, 1.525],
							"lerp_mode": "catmullrom"
						},
						"2.8": {
							"post": [6.87, -0.74, 1.56],
							"lerp_mode": "catmullrom"
						},
						"2.9": {
							"post": [8, -0.76, 2.295],
							"lerp_mode": "catmullrom"
						},
						"3.0": {
							"post": [6.27, -0.81, 1.375],
							"lerp_mode": "catmullrom"
						},
						"3.1": {
							"post": [6.97, -0.89, 1.985],
							"lerp_mode": "catmullrom"
						},
						"3.25": {
							"post": [5.445, -0.85, 1.525],
							"lerp_mode": "catmullrom"
						},
						"3.55": {
							"post": [-0.195, 0.125, 0],
							"lerp_mode": "catmullrom"
						},
						"3.65": {
							"post": [0.335, 0.16, 0.365],
							"lerp_mode": "catmullrom"
						},
						"3.75": {
							"post": [0.58, 0.08, -0.235],
							"lerp_mode": "catmullrom"
						},
						"3.85": {
							"post": [0.17, 0, 0],
							"lerp_mode": "catmullrom"
						},
						"3.95": {
							"post": [0.56, -0.01, 1.225],
							"lerp_mode": "catmullrom"
						},
						"4.05": {
							"post": [-0.4, 0, -0.825],
							"lerp_mode": "catmullrom"
						},
						"4.2": {
							"post": [0.075, 0, 0.325],
							"lerp_mode": "catmullrom"
						},
						"4.35": {
							"post": [0, 0, 0],
							"lerp_mode": "catmullrom"
						}
					}
				},
				"constraint": {
					"rotation": {
						"0.0": [0.02, 0.05, 0.05],
						"4.35": [0, 0, 0]
					},
					"position": {
						"0.0": [0.05, 0.02, 0.02],
						"4.35": [0, 0, 0]
					}
				},
				"magazine": {
					"rotation": {
						"0.8": [0, 0, 0],
						"0.9": [-5, 0, 0],
						"1.3": [-5, 0, 0],
						"1.45": [-7.6658, -2.57594, -14.78217],
						"1.65": [-78.05182, 5.77541, -48.17801],
						"2.6": [-22.04962, -9.01541, -3.09766],
						"2.75": [-13.06752, -6.35435, -27.71611],
						"2.9": [-10, 0, 0],
						"3.0": [-5, 0, 0],
						"3.15": [-10, 0, 0],
						"3.2": [0, 0, 0]
					},
					"position": {
						"0.8": [0, 0, 0],
						"0.9": [0, -1.34905, -0.42179],
						"1.3": [0, -1.34905, -0.42179],
						"1.4": [0.06523, -2.09223, -0.49873],
						"1.45": {
							"pre": [0.62204, -4.10622, -0.242],
							"post": [0.62204, -4.10622, -0.242],
							"lerp_mode": "catmullrom"
						},
						"1.55": {
							"post": [3.71575, -12.4688, 0.41982],
							"lerp_mode": "catmullrom"
						},
						"1.65": {
							"post": [8.42282, -18.5925, 1.46524],
							"lerp_mode": "catmullrom"
						},
						"1.7": {
							"post": [5.16378, -21.98024, 5.13036],
							"lerp_mode": "catmullrom"
						},
						"2.45": {
							"post": [-2.38347, -14.94325, 11.79957],
							"lerp_mode": "catmullrom"
						},
						"2.6": {
							"post": [-0.74316, -14.3583, 7.14119],
							"lerp_mode": "catmullrom"
						},
						"2.75": {
							"post": [0.66119, -5.84413, 0.29517],
							"lerp_mode": "catmullrom"
						},
						"2.9": {
							"post": [0.20208, -3.32678, -0.9934],
							"lerp_mode": "catmullrom"
						},
						"3.0": [0, -1.34905, -0.42179],
						"3.15": [0.07451, -1.53783, -0.62591],
						"3.2": [0, 0, 0]
					},
					"scale": {
						"1.75": [1, 1, 1],
						"1.8": [0, 0, 0],
						"2.4": [0, 0, 0],
						"2.45": [1, 1, 1]
					}
				},
				"release": {
					"rotation": {
						"0.85": [0, 0, 0],
						"0.95": [-7.5, 0, 0],
						"2.8": [-7.5, 0, 0],
						"2.95": [6.25, 0, 0],
						"3.1": [-7.5, 0, 0],
						"3.2": [6.25, 0, 0],
						"3.3": [0, 0, 0]
					},
					"position": {
						"0.85": [0, 0, 0],
						"0.95": [0, 0.01632, -0.12393],
						"2.8": [0, 0.01632, -0.12393],
						"3.1": [0, 0.01632, -0.12393],
						"3.3": [0, 0, 0]
					}
				}
			},
			"sound_effects": {
				"0.0": {
					"effect": "tacz:m107/m107_reload_up"
				},
				"0.65": {
					"effect": "tacz:m107/m107_reload_magrelease"
				},
				"1.1": {
					"effect": "tacz:m107/m107_reload_magout"
				},
				"1.8": {
					"effect": "tacz:m107/m107_reload_empty_armmag"
				},
				"2.35": {
					"effect": "tacz:m107/m107_reload_mvmnt"
				},
				"2.9": {
					"effect": "tacz:m107/m107_reload_magin_01"
				},
				"3.15": {
					"effect": "tacz:m107/m107_reload_magin_02"
				},
				"3.65": {
					"effect": "tacz:m107/m107_settle"
				},
				"3.8": {
					"effect": "tacz:m107/m107_reload_end"
				}
			}
		},
		"reload_empty": {
			"animation_length": 5.25,
			"bones": {
				"righthand": {
					"rotation": {
						"0.0": [95, 0, -180],
						"3.45": [95, 0, -180],
						"3.75": [102.52019, 26.38789, -245.48207],
						"3.85": [102.52019, 26.38789, -245.48207],
						"4.05": [102.52019, 26.38789, -245.48207],
						"4.2": [102.52019, 26.38789, -245.48207],
						"4.25": {
							"pre": [106.50907, 21.34316, -216.41042],
							"post": [106.50907, 21.34316, -216.41042],
							"lerp_mode": "catmullrom"
						},
						"4.4": [95, 0, -180],
						"4.85": [95, 0, -180]
					},
					"position": {
						"0.0": [-6.4, -12.125, 5.05],
						"3.45": [-6.4, -13.5, 6.8],
						"3.6": {
							"pre": [-9.65, -11.825, -1.05],
							"post": [-9.65, -11.825, -1.05],
							"lerp_mode": "catmullrom"
						},
						"3.75": [-10.25, -8.325, -5.15],
						"3.85": [-10.25, -8.325, -5.15],
						"4.05": [-10.25, -8.625, 6.15],
						"4.2": [-10.25, -8.625, 6.15],
						"4.25": {
							"pre": [-10.25, -11.625, 12.35],
							"post": [-10.25, -11.625, 12.35],
							"lerp_mode": "catmullrom"
						},
						"4.4": [-6.4, -13.5, 6.8],
						"4.85": [-6.4, -12.125, 5.05]
					},
					"scale": {
						"0.0": [1, 1.5, 1],
						"4.85": [1, 1.5, 1]
					}
				},
				"lefthand": {
					"rotation": {
						"0.0": [-273.87487, -27.33823, 235.83124],
						"0.15": {
							"pre": [-271.94738, -28.48789, 245.55991],
							"post": [-271.94738, -28.48789, 245.55991],
							"lerp_mode": "catmullrom"
						},
						"0.35": {
							"post": [-279.68895, -29.19467, 246.48018],
							"lerp_mode": "catmullrom"
						},
						"0.55": {
							"post": [-273.87487, -27.33823, 235.83124],
							"lerp_mode": "catmullrom"
						},
						"0.9": [-241.01259, -7.92297, 158.95117],
						"0.95": [-241.01259, -7.92297, 158.95117],
						"1.05": [-228.01259, -7.92297, 158.95117],
						"1.1": [-228.01259, -7.92297, 158.95117],
						"1.4": [-262.5219, -27.52371, 236.70558],
						"1.45": [-262.5219, -27.52371, 236.70558],
						"1.55": {
							"pre": [-265.02256, -15.63554, 236.15835],
							"post": [-265.02256, -15.63554, 236.15835],
							"lerp_mode": "catmullrom"
						},
						"1.7": {
							"post": [-279.92166, -53.70674, 232.54287],
							"lerp_mode": "catmullrom"
						},
						"1.85": {
							"post": [-296.46972, -76.7727, 250.37804],
							"lerp_mode": "catmullrom"
						},
						"2.55": {
							"post": [-264.60533, -46.17425, 262.59532],
							"lerp_mode": "catmullrom"
						},
						"2.85": {
							"post": [-257.12549, -36.89589, 240.72572],
							"lerp_mode": "catmullrom"
						},
						"3.0": [-260.42035, -31.0355, 232.62606],
						"3.05": [-259.49214, -26.58468, 230.05049],
						"3.15": [-259.51416, -29.09153, 244.87718],
						"3.2": [-257.9696, -30.46613, 235.10446],
						"3.25": [-258.74981, -32.63485, 229.88954],
						"3.3": [-263.32681, -6.67962, 239.39714],
						"3.4": [-263.31217, -7.67283, 239.27989],
						"4.6": {
							"pre": [-273.87487, -27.33823, 235.83124],
							"post": [-273.87487, -27.33823, 235.83124],
							"lerp_mode": "catmullrom"
						},
						"4.75": {
							"post": [-273.87487, -27.33823, 235.83124],
							"lerp_mode": "catmullrom"
						},
						"4.85": [-273.87487, -27.33823, 235.83124]
					},
					"position": {
						"0.0": [7.7, -11.5, -8.975],
						"0.5": {
							"pre": [7.7, -12, -8.35],
							"post": [7.7, -12, -8.35],
							"lerp_mode": "catmullrom"
						},
						"0.65": {
							"post": [8.81, -13.65, -3.61],
							"lerp_mode": "catmullrom"
						},
						"0.8": [7.5, -14.9, 2.65],
						"0.9": [5.74381, -13.98603, 2.18588],
						"0.95": [5.74381, -13.98603, 2.18588],
						"1.05": [5.7842, -13.9741, 1.28547],
						"1.1": [5.7842, -13.9741, 1.28547],
						"1.25": {
							"pre": [7.51299, -17.32335, 1.03046],
							"post": [7.51299, -17.32335, 1.03046],
							"lerp_mode": "catmullrom"
						},
						"1.4": [7.07699, -16.3334, -3.21323],
						"1.45": {
							"pre": [7.07699, -16.3334, -3.21323],
							"post": [7.07699, -16.3334, -3.21323],
							"lerp_mode": "catmullrom"
						},
						"1.55": {
							"post": [7.77071, -18.06908, -2.9504],
							"lerp_mode": "catmullrom"
						},
						"1.7": {
							"post": [8.35637, -21.99354, -0.89945],
							"lerp_mode": "catmullrom"
						},
						"1.75": {
							"post": [8.15154, -23.47995, 2.41058],
							"lerp_mode": "catmullrom"
						},
						"1.85": {
							"post": [3.10623, -29.41858, 11.0283],
							"lerp_mode": "catmullrom"
						},
						"2.55": {
							"post": [4.69153, -30.24325, 8.97457],
							"lerp_mode": "catmullrom"
						},
						"2.7": {
							"post": [6.31886, -24.89034, 3.82578],
							"lerp_mode": "catmullrom"
						},
						"2.75": {
							"post": [7.54698, -22.28136, 0.76429],
							"lerp_mode": "catmullrom"
						},
						"2.8": {
							"post": [8.38887, -20.11418, -1.54176],
							"lerp_mode": "catmullrom"
						},
						"2.85": {
							"post": [8.48477, -18.59114, -2.57097],
							"lerp_mode": "catmullrom"
						},
						"2.9": {
							"post": [8.04188, -17.34141, -3.07121],
							"lerp_mode": "catmullrom"
						},
						"3.0": [7.07699, -16.3334, -3.21323],
						"3.05": [6.97689, -16.28764, -3.12297],
						"3.15": [6.98687, -16.3492, -3.08874],
						"3.25": [7.14951, -16.13783, -3.45091],
						"3.3": [7.32751, -16.00009, -1.69016],
						"3.4": [7.32751, -16.00009, -1.69016],
						"3.55": {
							"pre": [8.72205, -15.28376, -4.73907],
							"post": [8.72205, -15.28376, -4.73907],
							"lerp_mode": "catmullrom"
						},
						"4.55": {
							"post": [7.3, -12, -7.75],
							"lerp_mode": "catmullrom"
						},
						"4.7": {
							"post": [7.7, -12, -8.35],
							"lerp_mode": "catmullrom"
						},
						"4.85": [7.7, -11.5, -8.975]
					},
					"scale": {
						"0.0": [1, 1.5, 1],
						"4.85": [1, 1.5, 1]
					}
				},
				"root": {
					"rotation": {
						"0.0": {
							"post": [0, 0, 0],
							"lerp_mode": "catmullrom"
						},
						"0.35": {
							"post": [-5.36, -1.66, -4.75],
							"lerp_mode": "catmullrom"
						},
						"0.5": {
							"post": [-4.27, -2.43, -6.93],
							"lerp_mode": "catmullrom"
						},
						"0.55": {
							"post": [-4.26768, -2.5429, -5.86925],
							"lerp_mode": "catmullrom"
						},
						"0.65": {
							"post": [-4.61018, -3.05402, -8.70125],
							"lerp_mode": "catmullrom"
						},
						"0.75": {
							"post": [-5.98963, -3.02782, -8.31794],
							"lerp_mode": "catmullrom"
						},
						"0.85": {
							"post": [-7.36018, -3.05402, -8.70125],
							"lerp_mode": "catmullrom"
						},
						"1.0": {
							"post": [-8.05601, -3.15136, -9.69834],
							"lerp_mode": "catmullrom"
						},
						"1.15": {
							"post": [-8.1, -3.51, -12.22],
							"lerp_mode": "catmullrom"
						},
						"1.3": {
							"post": [-8.95203, -3.96185, -15.40197],
							"lerp_mode": "catmullrom"
						},
						"1.45": {
							"post": [-9.03543, -3.76644, -14.16452],
							"lerp_mode": "catmullrom"
						},
						"1.55": {
							"post": [-8.67659, -4.53668, -19.11788],
							"lerp_mode": "catmullrom"
						},
						"1.65": {
							"post": [-8.80972, -4.21428, -15.41094],
							"lerp_mode": "catmullrom"
						},
						"1.75": {
							"post": [-8.94685, -4.45565, -15.32399],
							"lerp_mode": "catmullrom"
						},
						"1.9": {
							"post": [-10.10311, -4.35732, -14.48483],
							"lerp_mode": "catmullrom"
						},
						"2.05": {
							"post": [-11.26227, -4.32465, -14.30516],
							"lerp_mode": "catmullrom"
						},
						"2.35": {
							"post": [-11.72423, -4.3902, -15.54454],
							"lerp_mode": "catmullrom"
						},
						"2.65": {
							"post": [-9.64022, -3.74633, -15.1922],
							"lerp_mode": "catmullrom"
						},
						"2.8": {
							"post": [-9.94871, -3.47701, -16.44659],
							"lerp_mode": "catmullrom"
						},
						"3.05": {
							"post": [-10.19453, -3.26545, -17.47312],
							"lerp_mode": "catmullrom"
						},
						"3.1": {
							"post": [-9.39463, -3.78826, -19.51107],
							"lerp_mode": "catmullrom"
						},
						"3.2": {
							"post": [-9.21231, -4.1516, -17.07205],
							"lerp_mode": "catmullrom"
						},
						"3.35": {
							"post": [-9.15041, -7.75574, -11.31086],
							"lerp_mode": "catmullrom"
						},
						"3.5": {
							"post": [-15.08105, -9.93488, 7.9289],
							"lerp_mode": "catmullrom"
						},
						"3.7": {
							"post": [-15.10051, -9.67452, 19.29461],
							"lerp_mode": "catmullrom"
						},
						"3.85": {
							"post": [-14.33273, -10.46395, 20.38399],
							"lerp_mode": "catmullrom"
						},
						"3.9": {
							"post": [-14.03502, -9.95756, 22.17653],
							"lerp_mode": "catmullrom"
						},
						"4.05": {
							"post": [-14.22659, -10.62163, 19.70117],
							"lerp_mode": "catmullrom"
						},
						"4.15": {
							"post": [-14.39448, -10.55199, 20.08148],
							"lerp_mode": "catmullrom"
						},
						"4.2": {
							"post": [-14.05949, -9.65415, 23.8894],
							"lerp_mode": "catmullrom"
						},
						"4.3": {
							"post": [-11.15522, -11.03289, 22.31152],
							"lerp_mode": "catmullrom"
						},
						"4.4": {
							"post": [-9.36408, -11.40351, 22.84266],
							"lerp_mode": "catmullrom"
						},
						"4.5": {
							"post": [-12.17697, -10.51993, 20.56538],
							"lerp_mode": "catmullrom"
						},
						"4.65": {
							"post": [-16.0651, -4.99078, 7.7702],
							"lerp_mode": "catmullrom"
						},
						"4.85": {
							"post": [-6.03952, -0.89857, 1.86004],
							"lerp_mode": "catmullrom"
						},
						"4.95": {
							"post": [0.24971, -0.01199, 2.74997],
							"lerp_mode": "catmullrom"
						},
						"5.0": {
							"post": [0.63764, 0.09499, -2.34062],
							"lerp_mode": "catmullrom"
						},
						"5.1": {
							"post": [0, 0, 0.75],
							"lerp_mode": "catmullrom"
						},
						"5.2": {
							"post": [0, 0, 0],
							"lerp_mode": "catmullrom"
						}
					},
					"position": {
						"0.0": {
							"post": [0, 0, 0],
							"lerp_mode": "catmullrom"
						},
						"0.1": {
							"post": [0.1, -0.05, -0.61],
							"lerp_mode": "catmullrom"
						},
						"0.3": {
							"post": [0.28, 0.68, -1.6],
							"lerp_mode": "catmullrom"
						},
						"0.45": {
							"post": [0.31872, 0.67038, -1.44],
							"lerp_mode": "catmullrom"
						},
						"0.55": {
							"post": [0.32615, 0.50114, 0],
							"lerp_mode": "catmullrom"
						},
						"0.65": {
							"post": [0.32615, 0.52614, -0.4],
							"lerp_mode": "catmullrom"
						},
						"0.8": {
							"post": [0.31743, 0.63076, -0.2],
							"lerp_mode": "catmullrom"
						},
						"1.0": {
							"post": [0.36743, 0.75576, -0.3],
							"lerp_mode": "catmullrom"
						},
						"1.15": {
							"post": [0.29, 0.84, -0.3],
							"lerp_mode": "catmullrom"
						},
						"1.3": {
							"post": [0.35, 0.755, -0.3],
							"lerp_mode": "catmullrom"
						},
						"1.45": {
							"post": [0.15, 0.75, -0.3],
							"lerp_mode": "catmullrom"
						},
						"1.55": {
							"post": [0.36667, 0.56819, -0.3],
							"lerp_mode": "catmullrom"
						},
						"1.75": {
							"post": [0.16422, 0.62728, -0.3],
							"lerp_mode": "catmullrom"
						},
						"2.05": {
							"post": [0.17, 0.31, -0.3],
							"lerp_mode": "catmullrom"
						},
						"2.35": {
							"post": [0.22, 0.35, -0.3],
							"lerp_mode": "catmullrom"
						},
						"2.5": {
							"post": [0.2, 0.3, -0.3],
							"lerp_mode": "catmullrom"
						},
						"2.65": {
							"post": [0.19, 0.63, -0.3],
							"lerp_mode": "catmullrom"
						},
						"2.8": {
							"post": [0.27, 0.69, -0.3],
							"lerp_mode": "catmullrom"
						},
						"3.05": {
							"post": [0.23, 0.765, -0.3],
							"lerp_mode": "catmullrom"
						},
						"3.1": {
							"post": [0.36, 0.485, -0.5],
							"lerp_mode": "catmullrom"
						},
						"3.2": {
							"post": [0.145, 0.665, -0.3],
							"lerp_mode": "catmullrom"
						},
						"3.3": {
							"post": [0.21422, 0.45228, -0.3],
							"lerp_mode": "catmullrom"
						},
						"3.35": {
							"post": [0.47, -0.17, -0.3],
							"lerp_mode": "catmullrom"
						},
						"3.5": {
							"post": [0.82358, -0.3181, -0.3],
							"lerp_mode": "catmullrom"
						},
						"3.7": {
							"post": [1.65429, -0.46427, 0.225],
							"lerp_mode": "catmullrom"
						},
						"3.85": {
							"post": [1.73, -0.795, 0.275],
							"lerp_mode": "catmullrom"
						},
						"3.9": {
							"post": [1.73, -0.875, 0.285],
							"lerp_mode": "catmullrom"
						},
						"4.15": {
							"post": [1.45, -1.515, 0.755],
							"lerp_mode": "catmullrom"
						},
						"4.3": {
							"post": [1.68, -1.71, 0.785],
							"lerp_mode": "catmullrom"
						},
						"4.45": {
							"post": [1.73, -0.875, 0.185],
							"lerp_mode": "catmullrom"
						},
						"4.6": {
							"post": [1.21486, 0.83152, -1.86],
							"lerp_mode": "catmullrom"
						},
						"4.75": {
							"post": [0.62766, 1.2717, -3.2],
							"lerp_mode": "catmullrom"
						},
						"4.9": {
							"post": [0.11, -0.09, -3.04],
							"lerp_mode": "catmullrom"
						},
						"5.0": {
							"post": [0, 0, 0.5],
							"lerp_mode": "catmullrom"
						},
						"5.1": {
							"post": [0, 0, -0.1],
							"lerp_mode": "catmullrom"
						},
						"5.2": {
							"post": [0, 0, 0],
							"lerp_mode": "catmullrom"
						}
					}
				},
				"camera": {
					"rotation": {
						"0.0": {
							"post": [0, 0, 0],
							"lerp_mode": "catmullrom"
						},
						"0.2": {
							"post": [0.545, 0, 0],
							"lerp_mode": "catmullrom"
						},
						"0.4": {
							"post": [3.645, -0.28, 1.06],
							"lerp_mode": "catmullrom"
						},
						"0.55": {
							"post": [4.235, -0.46, 1.73],
							"lerp_mode": "catmullrom"
						},
						"0.65": {
							"post": [5.375, -0.525, 2.2],
							"lerp_mode": "catmullrom"
						},
						"0.8": {
							"post": [4.225, -0.57, 1.75],
							"lerp_mode": "catmullrom"
						},
						"0.95": {
							"post": [4.62, -0.59, 1.9],
							"lerp_mode": "catmullrom"
						},
						"1.05": {
							"post": [5.305, -0.61, 2.4],
							"lerp_mode": "catmullrom"
						},
						"1.2": {
							"post": [4.49, -0.63, 1.9],
							"lerp_mode": "catmullrom"
						},
						"1.45": {
							"post": [4.855, -0.65, 1.9],
							"lerp_mode": "catmullrom"
						},
						"1.5": {
							"post": [6.265, -0.35, 2.9],
							"lerp_mode": "catmullrom"
						},
						"1.6": {
							"post": [4.715, 0.11, 1],
							"lerp_mode": "catmullrom"
						},
						"1.75": {
							"post": [5.65, 0.295, 2.075],
							"lerp_mode": "catmullrom"
						},
						"1.95": {
							"post": [5.305, 0.19, 1.375],
							"lerp_mode": "catmullrom"
						},
						"2.25": {
							"post": [4.915, 0.26, 1.3],
							"lerp_mode": "catmullrom"
						},
						"2.95": {
							"post": [6.93, -0.65, 1.525],
							"lerp_mode": "catmullrom"
						},
						"3.05": {
							"post": [6.87, -0.74, 1.56],
							"lerp_mode": "catmullrom"
						},
						"3.15": {
							"post": [8, -0.76, 2.295],
							"lerp_mode": "catmullrom"
						},
						"3.25": {
							"post": [6.27, -0.81, 1.375],
							"lerp_mode": "catmullrom"
						},
						"3.35": {
							"post": [6.97, -0.89, 1.985],
							"lerp_mode": "catmullrom"
						},
						"3.5": {
							"post": [5.445, -0.85, 1.525],
							"lerp_mode": "catmullrom"
						},
						"3.8": {
							"post": [4.04, -0.63, 1.13],
							"lerp_mode": "catmullrom"
						},
						"3.95": {
							"post": [3.79, -0.52, 0.95],
							"lerp_mode": "catmullrom"
						},
						"4.2": {
							"post": [3.25, -0.35, 0.7],
							"lerp_mode": "catmullrom"
						},
						"4.25": {
							"post": [2.15, -0.33, 1.66],
							"lerp_mode": "catmullrom"
						},
						"4.3": {
							"post": [3.28, -0.28, -0.42],
							"lerp_mode": "catmullrom"
						},
						"4.35": {
							"post": [2.39, -0.23, 0.44],
							"lerp_mode": "catmullrom"
						},
						"4.6": {
							"post": [-0.195, 0.125, 0],
							"lerp_mode": "catmullrom"
						},
						"4.7": {
							"post": [0.335, 0.16, 0.365],
							"lerp_mode": "catmullrom"
						},
						"4.8": {
							"post": [0.58, 0.08, -0.235],
							"lerp_mode": "catmullrom"
						},
						"4.9": {
							"post": [0.17, 0, 0],
							"lerp_mode": "catmullrom"
						},
						"5.0": {
							"post": [0.56, -0.01, 1.225],
							"lerp_mode": "catmullrom"
						},
						"5.1": {
							"post": [-0.4, 0, -0.825],
							"lerp_mode": "catmullrom"
						},
						"5.25": {
							"post": [0.075, 0, 0.325],
							"lerp_mode": "catmullrom"
						},
						"5.4": {
							"post": [0, 0, 0],
							"lerp_mode": "catmullrom"
						}
					}
				},
				"bolt": {
					"position": {
						"3.4": [0, 0, -4.625],
						"3.85": [0, 0, -4.625],
						"4.0": [0, 0, 3.815],
						"4.05": [0, 0, 2.04],
						"4.15": [0, 0, 0]
					}
				},
				"constraint": {
					"rotation": {
						"0.0": [0.15, 0.3, 0.3],
						"3.0": [0.15, 0.3, 0.3],
						"5.25": [0, 0, 0]
					},
					"position": {
						"0.0": [0.5, 0.2, 0.35],
						"3.0": [0.35, 0.1, 0.2],
						"5.25": [0, 0, 0]
					}
				},
				"magazine": {
					"rotation": {
						"0.9": [0, 0, 0],
						"1.0": [-5, 0, 0],
						"1.4": [-5, 0, 0],
						"1.55": [-7.6658, -2.57594, -14.78217],
						"1.75": [-78.05182, 5.77541, -48.17801],
						"2.7": [-22.04962, -9.01541, -3.09766],
						"2.85": [-13.06752, -6.35435, -27.71611],
						"3.0": [-10, 0, 0],
						"3.1": [-5, 0, 0],
						"3.25": [-10, 0, 0],
						"3.3": [0, 0, 0]
					},
					"position": {
						"0.9": [0, 0, 0],
						"1.0": [0, -1.34905, -0.42179],
						"1.4": [0, -1.34905, -0.42179],
						"1.5": [0.06523, -2.09223, -0.49873],
						"1.55": {
							"pre": [0.62204, -4.10622, -0.242],
							"post": [0.62204, -4.10622, -0.242],
							"lerp_mode": "catmullrom"
						},
						"1.65": {
							"post": [3.71575, -12.4688, 0.41982],
							"lerp_mode": "catmullrom"
						},
						"1.75": {
							"post": [8.42282, -18.5925, 1.46524],
							"lerp_mode": "catmullrom"
						},
						"1.8": {
							"post": [5.16378, -21.98024, 5.13036],
							"lerp_mode": "catmullrom"
						},
						"2.55": {
							"post": [-2.38347, -14.94325, 11.79957],
							"lerp_mode": "catmullrom"
						},
						"2.7": {
							"post": [-0.74316, -14.3583, 7.14119],
							"lerp_mode": "catmullrom"
						},
						"2.85": {
							"post": [0.66119, -5.84413, 0.29517],
							"lerp_mode": "catmullrom"
						},
						"3.0": {
							"post": [0.20208, -3.32678, -0.9934],
							"lerp_mode": "catmullrom"
						},
						"3.1": [0, -1.34905, -0.42179],
						"3.25": [0.07451, -1.53783, -0.62591],
						"3.3": [0, 0, 0]
					},
					"scale": {
						"1.85": [1, 1, 1],
						"1.9": [0, 0, 0],
						"2.5": [0, 0, 0],
						"2.55": [1, 1, 1]
					}
				}
			},
			"sound_effects": {
				"0.1": {
					"effect": "tacz:m107/m107_reload_fast_up"
				},
				"0.85": {
					"effect": "tacz:m107/m107_reload_empty_magrelease"
				},
				"1.25": {
					"effect": "tacz:m107/m107_reload_empty_fast_magout"
				},
				"2.1": {
					"effect": "tacz:m107/m107_reload_arm"
				},
				"2.75": {
					"effect": "tacz:m107/m107_reload_empty_magin_01"
				},
				"3.0": {
					"effect": "tacz:m107/m107_reload_empty_magin_02"
				},
				"3.35": {
					"effect": "tacz:m107/m107_reload_empty_fast_rotate"
				},
				"3.75": {
					"effect": "tacz:m107/m107_reload_empty_fast_pullbolt"
				},
				"3.95": {
					"effect": "tacz:m107/m107_reload_empty_charge"
				},
				"4.1": {
					"effect": "tacz:m107/m107_reload_fast_shake"
				},
				"4.6": {
					"effect": "tacz:m107/m107_reload_empty_end"
				}
			}
		},
		"inspect": {
			"animation_length": 6.35,
			"bones": {
				"righthand": {
					"rotation": {
						"0.0": [95, 0, -180],
						"5.7": [95, 0, -180]
					},
					"position": {
						"0.0": [-6.4, -12.125, 5.05],
						"5.7": [-6.4, -12.125, 5.05]
					},
					"scale": {
						"0.0": [1, 1.5, 1],
						"5.7": [1, 1.5, 1]
					}
				},
				"lefthand": {
					"rotation": {
						"0.0": [-273.87487, -27.33823, 235.83124],
						"0.15": {
							"pre": [-272.01903, -27.34565, 244.83935],
							"post": [-272.01903, -27.34565, 244.83935],
							"lerp_mode": "catmullrom"
						},
						"0.35": {
							"post": [-272.02, -27.35, 244.84],
							"lerp_mode": "catmullrom"
						},
						"0.45": {
							"post": [-274.63931, -25.89574, 250.82835],
							"lerp_mode": "catmullrom"
						},
						"0.55": {
							"post": [-287.30007, -21.608, 280.67426],
							"lerp_mode": "catmullrom"
						},
						"0.65": {
							"post": [-298.5081, -24.73849, 281.38289],
							"lerp_mode": "catmullrom"
						},
						"0.8": {
							"post": [-287.30007, -21.608, 280.67426],
							"lerp_mode": "catmullrom"
						},
						"1.2": {
							"post": [-287.30007, -21.608, 280.67426],
							"lerp_mode": "catmullrom"
						},
						"1.4": [-282.59474, -18.90372, 283.93671],
						"2.1": [-282.59474, -18.90372, 283.93671],
						"2.55": [-282.59474, -18.90372, 283.93671],
						"2.7": {
							"pre": [-271.96346, -26.94926, 223.40363],
							"post": [-271.96346, -26.94926, 223.40363],
							"lerp_mode": "catmullrom"
						},
						"2.9": [-283.46851, -16.05011, 184.13109],
						"3.9": [-283.46851, -16.05011, 184.13109],
						"4.1": [-289.46966, -16.05002, 184.13025],
						"5.0": [-289.46966, -16.05002, 184.13025],
						"5.15": {
							"pre": [-286.16807, -18.79679, 195.05293],
							"post": [-286.16807, -18.79679, 195.05293],
							"lerp_mode": "catmullrom"
						},
						"5.3": {
							"post": [-286.17384, -22.56992, 234.17113],
							"lerp_mode": "catmullrom"
						},
						"5.5": {
							"post": [-272.6533, -24.37324, 235.32335],
							"lerp_mode": "catmullrom"
						},
						"5.6": {
							"post": [-270.43062, -28.96836, 235.67438],
							"lerp_mode": "catmullrom"
						},
						"5.7": [-273.87487, -27.33823, 235.83124]
					},
					"position": {
						"0.0": [7.7, -11.5, -8.975],
						"0.25": {
							"pre": [7.7, -12, -8.3],
							"post": [7.7, -12, -8.3],
							"lerp_mode": "catmullrom"
						},
						"0.4": {
							"post": [7.79156, -16.08039, -3.12861],
							"lerp_mode": "catmullrom"
						},
						"0.5": [6.10203, -16.31507, -0.8109],
						"2.5": [6.10203, -16.31507, -0.8109],
						"2.65": {
							"pre": [8.74227, -16.19057, -1.84762],
							"post": [8.74227, -16.19057, -1.84762],
							"lerp_mode": "catmullrom"
						},
						"2.75": {
							"post": [10.04351, -12.6539, -3.30857],
							"lerp_mode": "catmullrom"
						},
						"2.85": [8.47403, -9.12817, -3.16856],
						"3.85": [8.47403, -9.12817, -3.16856],
						"4.95": [8.47403, -9.12817, -3.16856],
						"5.1": {
							"pre": [10.94994, -10.7244, -5.60495],
							"post": [10.94994, -10.7244, -5.60495],
							"lerp_mode": "catmullrom"
						},
						"5.25": {
							"post": [7.29751, -12.48093, -7.83448],
							"lerp_mode": "catmullrom"
						},
						"5.45": {
							"post": [7.7, -12, -8.3],
							"lerp_mode": "catmullrom"
						},
						"5.7": [7.7, -11.5, -8.975]
					},
					"scale": {
						"0.0": [1, 1.5, 1],
						"5.7": [1, 1.5, 1]
					}
				},
				"root": {
					"rotation": {
						"0.0": {
							"post": [0, 0, 0],
							"lerp_mode": "catmullrom"
						},
						"0.15": {
							"post": [-6.54042, -7.48069, -5.76575],
							"lerp_mode": "catmullrom"
						},
						"0.45": {
							"post": [-43.56542, -30.99756, -26.12008],
							"lerp_mode": "catmullrom"
						},
						"0.6": {
							"post": [-48.50286, -33.78882, -26.81763],
							"lerp_mode": "catmullrom"
						},
						"0.65": {
							"post": [-45.34952, -38.99227, -31.01891],
							"lerp_mode": "catmullrom"
						},
						"0.75": {
							"post": [-46.55427, -37.71945, -29.2062],
							"lerp_mode": "catmullrom"
						},
						"0.9": {
							"post": [-45.88623, -39.0724, -30.65221],
							"lerp_mode": "catmullrom"
						},
						"1.2": {
							"post": [-46.94, -38.53, -29.73],
							"lerp_mode": "catmullrom"
						},
						"1.4": {
							"post": [-41.02563, -45.06851, -38.70839],
							"lerp_mode": "catmullrom"
						},
						"2.4": {
							"post": [-40.29, -47.37, -40.97],
							"lerp_mode": "catmullrom"
						},
						"2.55": {
							"post": [-39.86164, -46.04164, -40.33869],
							"lerp_mode": "catmullrom"
						},
						"2.75": {
							"post": [-55.45159, 2.00504, 7.36013],
							"lerp_mode": "catmullrom"
						},
						"2.95": {
							"post": [-46.29628, 37.84128, 43.42955],
							"lerp_mode": "catmullrom"
						},
						"3.2": {
							"post": [-44.36604, 38.73558, 46.35069],
							"lerp_mode": "catmullrom"
						},
						"3.5": {
							"post": [-45.03616, 42.45179, 45.21245],
							"lerp_mode": "catmullrom"
						},
						"3.9": {
							"post": [-45.03616, 42.45179, 45.21245],
							"lerp_mode": "catmullrom"
						},
						"4.1": {
							"post": [-39.93695, 47.62889, 52.88769],
							"lerp_mode": "catmullrom"
						},
						"4.35": {
							"post": [-39.11, 50.09, 53.54],
							"lerp_mode": "catmullrom"
						},
						"4.9": {
							"post": [-39.17, 51.63, 53.45],
							"lerp_mode": "catmullrom"
						},
						"5.05": {
							"post": [-39.93695, 44.87889, 46.38769],
							"lerp_mode": "catmullrom"
						},
						"5.2": {
							"post": [-46.25895, 13.96242, 18.11131],
							"lerp_mode": "catmullrom"
						},
						"5.3": {
							"post": [-45.91369, -4.55734, 1.13144],
							"lerp_mode": "catmullrom"
						},
						"5.5": {
							"post": [-45.14, -8.11, -3.07],
							"lerp_mode": "catmullrom"
						},
						"5.65": {
							"post": [-32.48927, -5.70496, -2.36773],
							"lerp_mode": "catmullrom"
						},
						"5.8": {
							"post": [-21.84361, -1.71781, 3.19559],
							"lerp_mode": "catmullrom"
						},
						"5.9": {
							"post": [-10.27127, -0.25331, 3.91355],
							"lerp_mode": "catmullrom"
						},
						"6.0": {
							"post": [0, 0, -2],
							"lerp_mode": "catmullrom"
						},
						"6.1": {
							"post": [0, 0, 0.5],
							"lerp_mode": "catmullrom"
						},
						"6.2": {
							"post": [0, 0, 0],
							"lerp_mode": "catmullrom"
						}
					},
					"position": {
						"0.0": {
							"post": [0, 0, 0],
							"lerp_mode": "catmullrom"
						},
						"0.15": {
							"post": [0.26, -0.26, -0.24],
							"lerp_mode": "catmullrom"
						},
						"0.45": {
							"post": [1.17, 1.56, -0.8],
							"lerp_mode": "catmullrom"
						},
						"0.65": {
							"post": [1.32615, -0.29886, -0.7],
							"lerp_mode": "catmullrom"
						},
						"0.8": {
							"post": [1.3, 0.4, -0.9],
							"lerp_mode": "catmullrom"
						},
						"1.15": {
							"post": [1.22781, 0.23205, -0.91],
							"lerp_mode": "catmullrom"
						},
						"1.6": {
							"post": [1.4378, 0.38997, -0.9],
							"lerp_mode": "catmullrom"
						},
						"2.05": {
							"post": [1.33182, 0.36875, -0.89],
							"lerp_mode": "catmullrom"
						},
						"2.4": {
							"post": [1.3, 0.4, -0.9],
							"lerp_mode": "catmullrom"
						},
						"2.6": {
							"post": [0.82077, -0.28285, -1.05],
							"lerp_mode": "catmullrom"
						},
						"2.8": {
							"post": [-1.29844, 0.68658, -1.32],
							"lerp_mode": "catmullrom"
						},
						"3.05": {
							"post": [-1.97385, -0.24886, -1.45],
							"lerp_mode": "catmullrom"
						},
						"3.35": {
							"post": [-2.04239, -0.07431, -1.5],
							"lerp_mode": "catmullrom"
						},
						"4.0": {
							"post": [-2.07383, -0.00178, -1.5],
							"lerp_mode": "catmullrom"
						},
						"4.4": {
							"post": [-2.10853, -0.2376, -1.58],
							"lerp_mode": "catmullrom"
						},
						"4.95": {
							"post": [-2.20465, -0.55922, -1.6],
							"lerp_mode": "catmullrom"
						},
						"5.1": {
							"post": [-1.84619, -0.45716, -1.06],
							"lerp_mode": "catmullrom"
						},
						"5.3": {
							"post": [0.95756, 0.87195, -0.3],
							"lerp_mode": "catmullrom"
						},
						"5.5": {
							"post": [1.23615, -0.15886, -0.47],
							"lerp_mode": "catmullrom"
						},
						"5.7": {
							"post": [0.67771, 0.58772, -1.47],
							"lerp_mode": "catmullrom"
						},
						"5.9": {
							"post": [0, 0, -2.4],
							"lerp_mode": "catmullrom"
						},
						"6.0": {
							"post": [0, 0, 0.7],
							"lerp_mode": "catmullrom"
						},
						"6.1": {
							"post": [0, 0, 0],
							"lerp_mode": "catmullrom"
						}
					}
				},
				"camera": {
					"rotation": {
						"0.0": [0, 0, 0],
						"0.2": {
							"pre": [0.23, 0, 0.96],
							"post": [0.23, 0, 0.96],
							"lerp_mode": "catmullrom"
						},
						"0.3": {
							"post": [0.36, 0, 0.13],
							"lerp_mode": "catmullrom"
						},
						"0.45": {
							"post": [0.53, 0, 0.03],
							"lerp_mode": "catmullrom"
						},
						"0.6": {
							"post": [0.55, 0, 1],
							"lerp_mode": "catmullrom"
						},
						"0.7": {
							"post": [0, 0, -2],
							"lerp_mode": "catmullrom"
						},
						"0.8": {
							"post": [-0.73, 0, -0.03],
							"lerp_mode": "catmullrom"
						},
						"1.1": {
							"post": [-0.11, 0, -1.82],
							"lerp_mode": "catmullrom"
						},
						"1.35": [-17.5, 0, 0],
						"1.75": {
							"pre": [-14.5, 0, -2],
							"post": [-14.5, 0, -2],
							"lerp_mode": "catmullrom"
						},
						"2.15": {
							"post": [-16.49, -2, -2.01],
							"lerp_mode": "catmullrom"
						},
						"2.55": {
							"post": [-15.14, -3, -2.05],
							"lerp_mode": "catmullrom"
						},
						"2.9": {
							"post": [-2.5625, -1, -0.75],
							"lerp_mode": "catmullrom"
						},
						"3.0": {
							"post": [-0.36, 0, 2.45],
							"lerp_mode": "catmullrom"
						},
						"3.2": {
							"post": [-0.09, 0, -1.14],
							"lerp_mode": "catmullrom"
						},
						"3.5": {
							"post": [4.18, 0, 0.01],
							"lerp_mode": "catmullrom"
						},
						"3.8": {
							"post": [18.14, 0, -0.01],
							"lerp_mode": "catmullrom"
						},
						"4.25": {
							"post": [25.61, 7, 4],
							"lerp_mode": "catmullrom"
						},
						"4.85": {
							"post": [25.75, 7, 4],
							"lerp_mode": "catmullrom"
						},
						"5.25": {
							"post": [21.82, 0, 0],
							"lerp_mode": "catmullrom"
						},
						"5.65": {
							"post": [4.25, 0, 0],
							"lerp_mode": "catmullrom"
						},
						"5.9": {
							"post": [0.04, 0, -0.04],
							"lerp_mode": "catmullrom"
						},
						"6.0": {
							"post": [1.52, 0, 0.71],
							"lerp_mode": "catmullrom"
						},
						"6.15": {
							"post": [-1.5, 0, -0.75],
							"lerp_mode": "catmullrom"
						},
						"6.3": {
							"post": [0, 0, 0],
							"lerp_mode": "catmullrom"
						}
					}
				}
			},
			"sound_effects": {
				"0.0": {
					"effect": "tacz:m107/m107_inspect_01"
				},
				"1.1": {
					"effect": "tacz:m107/m107_inspect_02"
				},
				"2.4": {
					"effect": "tacz:m107/m107_inspect_03"
				},
				"2.55": {
					"effect": "tacz:m107/m107_inspect_05"
				},
				"3.8": {
					"effect": "tacz:m107/m107_inspect_04"
				},
				"5.0": {
					"effect": "tacz:m107/m107_inspect_grabrotate"
				},
				"5.45": {
					"effect": "tacz:m107/m107_inspect_end"
				}
			}
		},
		"inspect_empty": {
			"animation_length": 6.35,
			"bones": {
				"righthand": {
					"rotation": [95, 0, -180],
					"position": [-6.4, -12.125, 5.05],
					"scale": [1, 1.5, 1]
				},
				"lefthand": {
					"rotation": {
						"0.0": [-273.87487, -27.33823, 235.83124],
						"0.15": {
							"pre": [-272.01903, -27.34565, 244.83935],
							"post": [-272.01903, -27.34565, 244.83935],
							"lerp_mode": "catmullrom"
						},
						"0.35": {
							"post": [-272.02, -27.35, 244.84],
							"lerp_mode": "catmullrom"
						},
						"0.45": {
							"post": [-274.63931, -25.89574, 250.82835],
							"lerp_mode": "catmullrom"
						},
						"0.55": {
							"post": [-287.30007, -21.608, 280.67426],
							"lerp_mode": "catmullrom"
						},
						"0.65": {
							"post": [-298.5081, -24.73849, 281.38289],
							"lerp_mode": "catmullrom"
						},
						"0.8": {
							"post": [-287.30007, -21.608, 280.67426],
							"lerp_mode": "catmullrom"
						},
						"1.2": {
							"post": [-287.30007, -21.608, 280.67426],
							"lerp_mode": "catmullrom"
						},
						"1.4": [-282.59474, -18.90372, 283.93671],
						"2.1": [-282.59474, -18.90372, 283.93671],
						"2.55": [-282.59474, -18.90372, 283.93671],
						"2.7": {
							"pre": [-271.96346, -26.94926, 223.40363],
							"post": [-271.96346, -26.94926, 223.40363],
							"lerp_mode": "catmullrom"
						},
						"2.9": [-283.46851, -16.05011, 184.13109],
						"3.9": [-283.46851, -16.05011, 184.13109],
						"4.1": [-289.46966, -16.05002, 184.13025],
						"5.0": [-289.46966, -16.05002, 184.13025],
						"5.15": {
							"pre": [-286.16807, -18.79679, 195.05293],
							"post": [-286.16807, -18.79679, 195.05293],
							"lerp_mode": "catmullrom"
						},
						"5.3": {
							"post": [-286.17384, -22.56992, 234.17113],
							"lerp_mode": "catmullrom"
						},
						"5.5": {
							"post": [-272.6533, -24.37324, 235.32335],
							"lerp_mode": "catmullrom"
						},
						"5.6": {
							"post": [-270.43062, -28.96836, 235.67438],
							"lerp_mode": "catmullrom"
						},
						"5.7": [-273.87487, -27.33823, 235.83124]
					},
					"position": {
						"0.0": [7.7, -11.5, -8.975],
						"0.25": {
							"pre": [7.7, -12, -8.3],
							"post": [7.7, -12, -8.3],
							"lerp_mode": "catmullrom"
						},
						"0.4": {
							"post": [7.79156, -16.08039, -3.12861],
							"lerp_mode": "catmullrom"
						},
						"0.5": [6.10203, -16.31507, -0.8109],
						"2.5": [6.10203, -16.31507, -0.8109],
						"2.65": {
							"pre": [8.74227, -16.19057, -1.84762],
							"post": [8.74227, -16.19057, -1.84762],
							"lerp_mode": "catmullrom"
						},
						"2.75": {
							"post": [10.04351, -12.6539, -3.30857],
							"lerp_mode": "catmullrom"
						},
						"2.85": [8.47403, -9.12817, -3.16856],
						"3.85": [8.47403, -9.12817, -3.16856],
						"4.95": [8.47403, -9.12817, -3.16856],
						"5.1": {
							"pre": [10.94994, -10.7244, -5.60495],
							"post": [10.94994, -10.7244, -5.60495],
							"lerp_mode": "catmullrom"
						},
						"5.25": {
							"post": [7.29751, -12.48093, -7.83448],
							"lerp_mode": "catmullrom"
						},
						"5.45": {
							"post": [7.7, -12, -8.3],
							"lerp_mode": "catmullrom"
						},
						"5.7": [7.7, -11.5, -8.975]
					},
					"scale": [1, 1.5, 1]
				},
				"root": {
					"rotation": {
						"0.0": {
							"post": [0, 0, 0],
							"lerp_mode": "catmullrom"
						},
						"0.15": {
							"post": [-6.54042, -7.48069, -5.76575],
							"lerp_mode": "catmullrom"
						},
						"0.45": {
							"post": [-43.56542, -30.99756, -26.12008],
							"lerp_mode": "catmullrom"
						},
						"0.6": {
							"post": [-48.50286, -33.78882, -26.81763],
							"lerp_mode": "catmullrom"
						},
						"0.65": {
							"post": [-45.34952, -38.99227, -31.01891],
							"lerp_mode": "catmullrom"
						},
						"0.75": {
							"post": [-46.55427, -37.71945, -29.2062],
							"lerp_mode": "catmullrom"
						},
						"0.9": {
							"post": [-45.88623, -39.0724, -30.65221],
							"lerp_mode": "catmullrom"
						},
						"1.2": {
							"post": [-46.94, -38.53, -29.73],
							"lerp_mode": "catmullrom"
						},
						"1.4": {
							"post": [-41.02563, -45.06851, -38.70839],
							"lerp_mode": "catmullrom"
						},
						"2.4": {
							"post": [-40.29, -47.37, -40.97],
							"lerp_mode": "catmullrom"
						},
						"2.55": {
							"post": [-39.86164, -46.04164, -40.33869],
							"lerp_mode": "catmullrom"
						},
						"2.75": {
							"post": [-55.45159, 2.00504, 7.36013],
							"lerp_mode": "catmullrom"
						},
						"2.95": {
							"post": [-46.29628, 37.84128, 43.42955],
							"lerp_mode": "catmullrom"
						},
						"3.2": {
							"post": [-44.36604, 38.73558, 46.35069],
							"lerp_mode": "catmullrom"
						},
						"3.5": {
							"post": [-45.03616, 42.45179, 45.21245],
							"lerp_mode": "catmullrom"
						},
						"3.9": {
							"post": [-45.03616, 42.45179, 45.21245],
							"lerp_mode": "catmullrom"
						},
						"4.1": {
							"post": [-39.93695, 47.62889, 52.88769],
							"lerp_mode": "catmullrom"
						},
						"4.35": {
							"post": [-39.11, 50.09, 53.54],
							"lerp_mode": "catmullrom"
						},
						"4.9": {
							"post": [-39.17, 51.63, 53.45],
							"lerp_mode": "catmullrom"
						},
						"5.05": {
							"post": [-39.93695, 44.87889, 46.38769],
							"lerp_mode": "catmullrom"
						},
						"5.2": {
							"post": [-46.25895, 13.96242, 18.11131],
							"lerp_mode": "catmullrom"
						},
						"5.3": {
							"post": [-45.91369, -4.55734, 1.13144],
							"lerp_mode": "catmullrom"
						},
						"5.5": {
							"post": [-45.14, -8.11, -3.07],
							"lerp_mode": "catmullrom"
						},
						"5.65": {
							"post": [-32.48927, -5.70496, -2.36773],
							"lerp_mode": "catmullrom"
						},
						"5.8": {
							"post": [-21.84361, -1.71781, 3.19559],
							"lerp_mode": "catmullrom"
						},
						"5.9": {
							"post": [-10.27127, -0.25331, 3.91355],
							"lerp_mode": "catmullrom"
						},
						"6.0": {
							"post": [0, 0, -2],
							"lerp_mode": "catmullrom"
						},
						"6.1": {
							"post": [0, 0, 0.5],
							"lerp_mode": "catmullrom"
						},
						"6.2": {
							"post": [0, 0, 0],
							"lerp_mode": "catmullrom"
						}
					},
					"position": {
						"0.0": {
							"post": [0, 0, 0],
							"lerp_mode": "catmullrom"
						},
						"0.15": {
							"post": [0.26, -0.26, -0.24],
							"lerp_mode": "catmullrom"
						},
						"0.45": {
							"post": [1.17, 1.56, -0.8],
							"lerp_mode": "catmullrom"
						},
						"0.65": {
							"post": [1.32615, -0.29886, -0.7],
							"lerp_mode": "catmullrom"
						},
						"0.8": {
							"post": [1.3, 0.4, -0.9],
							"lerp_mode": "catmullrom"
						},
						"1.15": {
							"post": [1.22781, 0.23205, -0.91],
							"lerp_mode": "catmullrom"
						},
						"1.6": {
							"post": [1.4378, 0.38997, -0.9],
							"lerp_mode": "catmullrom"
						},
						"2.05": {
							"post": [1.33182, 0.36875, -0.89],
							"lerp_mode": "catmullrom"
						},
						"2.4": {
							"post": [1.3, 0.4, -0.9],
							"lerp_mode": "catmullrom"
						},
						"2.6": {
							"post": [0.82077, -0.28285, -1.05],
							"lerp_mode": "catmullrom"
						},
						"2.8": {
							"post": [-1.29844, 0.68658, -1.32],
							"lerp_mode": "catmullrom"
						},
						"3.05": {
							"post": [-1.97385, -0.24886, -1.45],
							"lerp_mode": "catmullrom"
						},
						"3.35": {
							"post": [-2.04239, -0.07431, -1.5],
							"lerp_mode": "catmullrom"
						},
						"4.0": {
							"post": [-2.07383, -0.00178, -1.5],
							"lerp_mode": "catmullrom"
						},
						"4.4": {
							"post": [-2.10853, -0.2376, -1.58],
							"lerp_mode": "catmullrom"
						},
						"4.95": {
							"post": [-2.20465, -0.55922, -1.6],
							"lerp_mode": "catmullrom"
						},
						"5.1": {
							"post": [-1.84619, -0.45716, -1.06],
							"lerp_mode": "catmullrom"
						},
						"5.3": {
							"post": [0.95756, 0.87195, -0.3],
							"lerp_mode": "catmullrom"
						},
						"5.5": {
							"post": [1.23615, -0.15886, -0.47],
							"lerp_mode": "catmullrom"
						},
						"5.7": {
							"post": [0.67771, 0.58772, -1.47],
							"lerp_mode": "catmullrom"
						},
						"5.9": {
							"post": [0, 0, -2.4],
							"lerp_mode": "catmullrom"
						},
						"6.0": {
							"post": [0, 0, 0.7],
							"lerp_mode": "catmullrom"
						},
						"6.1": {
							"post": [0, 0, 0],
							"lerp_mode": "catmullrom"
						}
					}
				},
				"camera": {
					"rotation": {
						"0.0": [0, 0, 0],
						"0.2": {
							"pre": [0.23, 0, 0.96],
							"post": [0.23, 0, 0.96],
							"lerp_mode": "catmullrom"
						},
						"0.3": {
							"post": [0.36, 0, 0.13],
							"lerp_mode": "catmullrom"
						},
						"0.45": {
							"post": [0.53, 0, 0.03],
							"lerp_mode": "catmullrom"
						},
						"0.6": {
							"post": [0.55, 0, 1],
							"lerp_mode": "catmullrom"
						},
						"0.7": {
							"post": [0, 0, -2],
							"lerp_mode": "catmullrom"
						},
						"0.8": {
							"post": [-0.73, 0, -0.03],
							"lerp_mode": "catmullrom"
						},
						"1.1": {
							"post": [-0.11, 0, -1.82],
							"lerp_mode": "catmullrom"
						},
						"1.35": [-17.5, 0, 0],
						"1.75": {
							"pre": [-14.5, 0, -2],
							"post": [-14.5, 0, -2],
							"lerp_mode": "catmullrom"
						},
						"2.15": {
							"post": [-16.49, -2, -2.01],
							"lerp_mode": "catmullrom"
						},
						"2.55": {
							"post": [-15.14, -3, -2.05],
							"lerp_mode": "catmullrom"
						},
						"2.9": {
							"post": [-2.5625, -1, -0.75],
							"lerp_mode": "catmullrom"
						},
						"3.0": {
							"post": [-0.36, 0, 2.45],
							"lerp_mode": "catmullrom"
						},
						"3.2": {
							"post": [-0.09, 0, -1.14],
							"lerp_mode": "catmullrom"
						},
						"3.5": {
							"post": [4.18, 0, 0.01],
							"lerp_mode": "catmullrom"
						},
						"3.8": {
							"post": [18.14, 0, -0.01],
							"lerp_mode": "catmullrom"
						},
						"4.25": {
							"post": [25.61, 7, 4],
							"lerp_mode": "catmullrom"
						},
						"4.85": {
							"post": [25.75, 7, 4],
							"lerp_mode": "catmullrom"
						},
						"5.25": {
							"post": [21.82, 0, 0],
							"lerp_mode": "catmullrom"
						},
						"5.65": {
							"post": [4.25, 0, 0],
							"lerp_mode": "catmullrom"
						},
						"5.9": {
							"post": [0.04, 0, -0.04],
							"lerp_mode": "catmullrom"
						},
						"6.0": {
							"post": [1.52, 0, 0.71],
							"lerp_mode": "catmullrom"
						},
						"6.15": {
							"post": [-1.5, 0, -0.75],
							"lerp_mode": "catmullrom"
						},
						"6.3": {
							"post": [0, 0, 0],
							"lerp_mode": "catmullrom"
						}
					}
				},
				"bolt": {
					"position": [0, 0, -4.625]
				}
			},
			"sound_effects": {
				"0.0": {
					"effect": "tacz:m107/m107_inspect_01"
				},
				"1.1": {
					"effect": "tacz:m107/m107_inspect_02"
				},
				"2.4": {
					"effect": "tacz:m107/m107_inspect_03"
				},
				"2.55": {
					"effect": "tacz:m107/m107_inspect_05"
				},
				"3.8": {
					"effect": "tacz:m107/m107_inspect_04"
				},
				"5.0": {
					"effect": "tacz:m107/m107_inspect_grabrotate"
				},
				"5.45": {
					"effect": "tacz:m107/m107_inspect_end"
				}
			}
		},
		"shoot": {
			"loop": true,
			"animation_length": 1.4,
			"bones": {
				"root": {
					"rotation": {
						"0.1667": {
							"pre": [0, 0, 0],
							"post": [0, 0, 0],
							"lerp_mode": "catmullrom"
						},
						"0.2": {
							"post": [1.24069, 0.15232, -6.99835],
							"lerp_mode": "catmullrom"
						},
						"0.2333": {
							"post": [-5.82024, 1.33042, 5.79388],
							"lerp_mode": "catmullrom"
						},
						"0.3": {
							"post": [-6.38564, -0.61289, -1.91761],
							"lerp_mode": "catmullrom"
						},
						"0.3667": {
							"post": [-6.0138, -0.64862, -3.1926],
							"lerp_mode": "catmullrom"
						},
						"0.4667": {
							"post": [-3.22698, -0.95049, 1.89646],
							"lerp_mode": "catmullrom"
						},
						"0.6333": {
							"post": [-0.42425, 0.27786, 0.43549],
							"lerp_mode": "catmullrom"
						},
						"0.8667": {
							"post": [0.23068, -0.21405, -0.46178],
							"lerp_mode": "catmullrom"
						},
						"1.0667": {
							"post": [-0.09988, 0.076, 0.12379],
							"lerp_mode": "catmullrom"
						},
						"1.2333": {
							"post": [0.04509, 0.01634, -0.04605],
							"lerp_mode": "catmullrom"
						},
						"1.4": {
							"post": [0, 0, 0],
							"lerp_mode": "catmullrom"
						}
					},
					"position": {
						"0.1667": {
							"pre": [0, 0, 0],
							"post": [0, 0, 0],
							"lerp_mode": "catmullrom"
						},
						"0.2": {
							"post": [0, -0.75, 1.95],
							"lerp_mode": "catmullrom"
						},
						"0.2333": {
							"post": [0, 0.675, 2.33],
							"lerp_mode": "catmullrom"
						},
						"0.3333": {
							"post": [-0.125, 1.18, 1.275],
							"lerp_mode": "catmullrom"
						},
						"0.4": {
							"post": [-0.11, 0.94, 0.41],
							"lerp_mode": "catmullrom"
						},
						"0.4667": {
							"post": [-0.075, 0.51, -0.005],
							"lerp_mode": "catmullrom"
						},
						"0.6": {
							"post": [0, -0.47, -0.485],
							"lerp_mode": "catmullrom"
						},
						"0.7333": {
							"post": [0, -0.78, -0.095],
							"lerp_mode": "catmullrom"
						},
						"0.9": {
							"post": [0, -0.415, 0.06],
							"lerp_mode": "catmullrom"
						},
						"1.0667": {
							"post": [0, -0.15, 0.1],
							"lerp_mode": "catmullrom"
						},
						"1.2333": {
							"post": [0.03125, -0.17, -0.03],
							"lerp_mode": "catmullrom"
						},
						"1.4": {
							"post": [0, 0, 0],
							"lerp_mode": "catmullrom"
						}
					}
				},
				"constraint": {
					"rotation": {
						"0.0": [0.75, 0.15, 0.65],
						"1.3": [0, 0, 0]
					},
					"position": {
						"0.0": [0.5, 0.5, 0.6],
						"1.3": [0, 0, 0]
					}
				},
				"bolt": {
					"position": {
						"0.0667": [0, 0, 0],
						"0.1": [0, 0, -0.125],
						"0.1667": [0, 0, -4.995],
						"0.4667": [0, 0, -4.995],
						"0.5": {"pre": [0, 0, -4.995], "post": [0, 0, 0]}
					}
				},
				"camera": {
					"rotation": {
						"0.1667": {
							"pre": [0, 0, 0],
							"post": [0, 0, 0],
							"lerp_mode": "catmullrom"
						},
						"0.2": {
							"post": [0, 0, 3.4],
							"lerp_mode": "catmullrom"
						},
						"0.2333": {
							"post": [0, 0, -2.875],
							"lerp_mode": "catmullrom"
						},
						"0.2667": {
							"post": [0, 0, 2.445],
							"lerp_mode": "catmullrom"
						},
						"0.3333": {
							"post": [0, 0, -2.055],
							"lerp_mode": "catmullrom"
						},
						"0.4": {
							"post": [0, 0, 1.37],
							"lerp_mode": "catmullrom"
						},
						"0.4667": {
							"post": [0, 0, -0.85],
							"lerp_mode": "catmullrom"
						},
						"0.5333": {
							"post": [0, 0, 0.525],
							"lerp_mode": "catmullrom"
						},
						"0.6": {
							"post": [0, 0, -0.125],
							"lerp_mode": "catmullrom"
						},
						"0.7": {
							"post": [0, 0, 0],
							"lerp_mode": "catmullrom"
						}
					}
				},
				"laser": {
					"scale": {
						"0.1333": [1, 1, 1],
						"0.2": [1, 1, 768.25],
						"0.2667": [1, 1, 1]
					}
				}
			},
			"sound_effects": {
				"0.1667": {
					"effect": "murasamet:tdf141ls/tdf141ls_shoot"
				}
			}
		},
		"bolt": {
			"animation_length": 1.4,
			"bones": {
				"bolt_group": {
					"position": {
						"0.3667": [0, 0, 0],
						"0.3833": [0, 0, 0.96],
						"0.4": [0, 0, 1.92],
						"0.4167": [0, 0, 2.87],
						"0.4333": [0, 0, 3.83],
						"0.45": [0, 0, 4.09],
						"0.4667": [0, 0, 4.34],
						"0.4833": [0, 0, 4.6],
						"0.5": [0, 0, 4.6],
						"0.5167": [0, 0, 4.6],
						"0.5333": [0, 0, 4.6],
						"0.55": [0, 0, 4.6],
						"0.5667": [0, 0, 4.6],
						"0.5833": [0, 0, 4.6],
						"0.6": [0, 0, 4.6],
						"0.6167": [0, 0, 4.6],
						"0.6333": [0, 0, 4.6],
						"0.65": [0, 0, 4.6],
						"0.6667": [0, 0, 4.6],
						"0.6833": [0, 0, 4.6],
						"0.7": [0, 0, 4.6],
						"0.7167": [0, 0, 2.3],
						"0.7333": [0, 0, 0]
					}
				},
				"bolt_rotate": {
					"rotation": {
						"0.25": [0, 0, 0],
						"0.2667": [0, 0, 10],
						"0.2833": [0, 0, 20],
						"0.3": [0, 0, 30],
						"0.3167": [0, 0, 40],
						"0.3333": [0, 0, 50],
						"0.35": [0, 0, 60],
						"0.3667": [0, 0, 60],
						"0.3833": [0, 0, 60],
						"0.4": [0, 0, 60],
						"0.4167": [0, 0, 60],
						"0.4333": [0, 0, 60],
						"0.45": [0, 0, 60],
						"0.4667": [0, 0, 60],
						"0.4833": [0, 0, 60],
						"0.5": [0, 0, 60],
						"0.5167": [0, 0, 60],
						"0.5333": [0, 0, 60],
						"0.55": [0, 0, 60],
						"0.5667": [0, 0, 60],
						"0.5833": [0, 0, 60],
						"0.6": [0, 0, 60],
						"0.6167": [0, 0, 60],
						"0.6333": [0, 0, 60],
						"0.65": [0, 0, 60],
						"0.6667": [0, 0, 60],
						"0.6833": [0, 0, 60],
						"0.7": [0, 0, 60],
						"0.7167": [0, 0, 60],
						"0.7333": [0, 0, 60],
						"0.75": [0, 0, 60],
						"0.7667": [0, 0, 60],
						"0.7833": [0, 0, 60],
						"0.8": [0, 0, 60],
						"0.8167": [0, 0, 60],
						"0.8333": [0, 0, 30],
						"0.85": [0, 0, 0]
					}
				},
				"striker": {
					"position": {
						"0.3667": [0, 0, -0.07],
						"0.3833": [0, 0, -0.04],
						"0.4": [0, 0, 0]
					}
				},
				"bullet_shell": {
					"rotation": {
						"0.3667": [0, 0, 0],
						"0.3833": [0, 0, 0],
						"0.4": [0, 0, 0],
						"0.4167": [0, 0, 0],
						"0.4333": [0, 0, 0],
						"0.45": [0, 34.89, 0],
						"0.4667": [0, 69.78, 0],
						"0.4833": [0, 104.67, 0],
						"0.5": [0, 139.57, 0],
						"0.5167": [0, 174.46, 0],
						"0.5333": [0, 209.35, 0],
						"0.55": [0, 244.24, 0],
						"0.5667": [0, 279.13, 0],
						"0.5833": [0, 314.02, 0],
						"0.6": [0, 348.91, 0],
						"0.6167": [0, 383.8, 0],
						"0.6333": [0, 418.7, 0],
						"0.65": [0, 453.59, 0],
						"0.6667": [0, 488.48, 0],
						"0.6833": [0, 523.37, 0],
						"0.7": [0, 558.26, 0],
						"0.7167": [0, 593.15, 0],
						"0.7333": [0, 628.04, 0],
						"0.75": [0, 662.93, 0],
						"0.7667": [0, 697.83, 0],
						"0.7833": [0, 732.72, 0],
						"0.8": [0, 767.61, 0],
						"0.8167": [0, 802.5, 0],
						"0.8333": [0, 802.5, 0],
						"0.85": [0, 0, 0]
					},
					"position": {
						"0.3667": [0, 0, 0],
						"0.3833": [0, 0, 0.75],
						"0.4": [0, 0, 1.5],
						"0.4167": [0, 0, 2.25],
						"0.4333": [0, 0, 3],
						"0.45": [-1.89, 0.5, 3.04],
						"0.4667": [-4.59, 1.19, 2.68],
						"0.4833": [-7.29, 1.72, 2.38],
						"0.5": [-9.12, 1.94, 2.33],
						"0.5167": [-10.95, 2.07, 2.32],
						"0.5333": [-12.79, 2.11, 2.33],
						"0.55": [-14.63, 2.03, 2.33],
						"0.5667": [-16.47, 1.84, 2.3],
						"0.5833": [-18.3, 1.54, 2.27],
						"0.6": [-20.15, 1.13, 2.24],
						"0.6167": [-22.03, 0.58, 2.22],
						"0.6333": [-24, -0.12, 2.25],
						"0.65": [-26.02, -0.96, 2.3],
						"0.6667": [-28, -1.9, 2.33],
						"0.6833": [-29.82, -2.9, 2.26],
						"0.7": [-31.4, -3.91, 2.07],
						"0.7167": [-32.82, -4.98, 1.79],
						"0.7333": [-34.2, -6.15, 1.47],
						"0.75": [-35.68, -7.47, 1.18],
						"0.7667": [-37.44, -9.15, 0.89],
						"0.7833": [-39.37, -11.11, 0.59],
						"0.8": [-41.12, -12.92, 0.32],
						"0.8167": [-42.34, -14.18, 0.13],
						"0.8333": [-42.34, -14.18, 0.05],
						"0.85": [0, 0, 0]
					},
					"scale": {
						"0.7667": [1, 1, 1],
						"0.7833": [0, 0, 0],
						"0.8": [0, 0, 0],
						"0.8167": [0, 0, 0],
						"0.8333": [0, 0, 0],
						"0.85": [0, 0, 0],
						"0.8667": [1, 1, 1]
					}
				},
				"root": {
					"rotation": {
						"0.0": [0, 0, 0],
						"0.1833": {
							"pre": [3.06, -2.55, 6.9],
							"post": [3.06, -2.55, 6.9],
							"lerp_mode": "catmullrom"
						},
						"0.3833": {
							"post": [4, -4.13, 10.55],
							"lerp_mode": "catmullrom"
						},
						"0.5333": {
							"post": [2.83, -3.21, 8.99],
							"lerp_mode": "catmullrom"
						},
						"0.5667": {
							"post": [3.63, -3.26, 8.3],
							"lerp_mode": "catmullrom"
						},
						"0.7": {
							"post": [4.13, -3.4, 8.14],
							"lerp_mode": "catmullrom"
						},
						"0.8667": [0.73, -0.69, 2.04],
						"0.9": [0.55, -0.53, 1.35],
						"0.9333": [0.22, -0.25, 0.19],
						"0.9667": [-0.02, -0.03, -0.08],
						"1.0": [-0.01, -0.04, 0.41],
						"1.0333": [-0.01, -0.04, 0],
						"1.0667": [0, -0.03, -0.19],
						"1.1": [0, -0.02, -0.15],
						"1.1333": [0, -0.01, -0.04],
						"1.25": [0, 0, 0]
					},
					"position": {
						"0.0": [0, 0, 0],
						"0.1833": {
							"pre": [0, -0.61, 0.07],
							"post": [0, -0.61, 0.07],
							"lerp_mode": "catmullrom"
						},
						"0.3833": {
							"post": [0, -0.35, -0.06],
							"lerp_mode": "catmullrom"
						},
						"0.5333": {
							"post": [0, -0.7, -0.2],
							"lerp_mode": "catmullrom"
						},
						"0.5667": {
							"post": [0, -0.7, -0.21],
							"lerp_mode": "catmullrom"
						},
						"0.7": {
							"post": [0, -0.76, -0.28],
							"lerp_mode": "catmullrom"
						},
						"0.8667": [0, -0.14, -0.09],
						"0.9": [0, -0.13, -0.05],
						"0.9333": [0, -0.1, 0.03],
						"0.9667": [0, -0.07, 0.08],
						"1.0": [0, -0.05, 0.08],
						"1.0333": [0, -0.02, 0.06],
						"1.0667": [0, 0, 0.04],
						"1.1": [0, 0, 0.03],
						"1.1333": [0, 0, 0.01],
						"1.25": [0, 0, 0]
					}
				},
				"lefthand": {
					"rotation": [-273.87487, -27.33823, 235.83124],
					"position": [7.7, -11.5, -8.975],
					"scale": [1, 1.5, 1]
				},
				"bolt": {
					"position": {
						"0.0": [0, 0, -4.625],
						"0.3833": [0, 0, -4.625],
						"0.5333": [0, 0, 3.815],
						"0.5833": [0, 0, 2.04],
						"0.6833": [0, 0, 0]
					}
				},
				"righthand": {
					"rotation": {
						"0.0": [95, 0, -180],
						"0.1833": [92.3, 11.47, -179.94],
						"0.2": [91.87, 10.24, -183.6],
						"0.2167": [92.34, 9.1, -186.74],
						"0.2333": [94.06, 8.13, -188.99],
						"0.25": [97.39, 7.39, -189.96],
						"0.2667": [105.49, 6.76, -188.97],
						"0.2833": [117.23, 6.41, -185.99],
						"0.3": [130.78, 6.27, -181.87],
						"0.3167": [144.31, 6.24, -177.44],
						"0.3333": [156, 6.25, -173.53],
						"0.35": [164, 6.2, -170.99],
						"0.3667": [164, 6.2, -170.99],
						"0.3833": [166.08, 6.2, -170.99],
						"0.4": [168.16, 6.2, -170.99],
						"0.4167": [170.25, 6.2, -170.99],
						"0.4333": [172.33, 6.2, -170.99],
						"0.45": [172.89, 6.2, -170.99],
						"0.4667": [173.44, 6.2, -170.99],
						"0.4833": [174, 6.2, -170.99],
						"0.5": [175.61, 6.25, -169.98],
						"0.5167": [177.22, 6.3, -168.98],
						"0.5333": [175.77, 6.29, -169.26],
						"0.55": [174.32, 6.28, -169.54],
						"0.5667": [172.87, 6.26, -169.82],
						"0.8167": [95, 0, -180]
					},
					"position": {
						"0.0": [-6.4, -12.125, 5.05],
						"0.1833": [-8.39, -15.37, -0.92],
						"0.2": [-8.5, -15.29, -1.24],
						"0.2167": [-8.6, -15.17, -1.56],
						"0.2333": [-8.7, -14.99, -1.85],
						"0.25": [-8.8, -14.74, -2.1],
						"0.2667": [-8.93, -14.24, -2.39],
						"0.2833": [-9.06, -13.55, -2.67],
						"0.3": [-9.18, -12.78, -2.91],
						"0.3167": [-9.29, -12.02, -3.13],
						"0.3333": [-9.38, -11.37, -3.31],
						"0.35": [-9.45, -10.92, -3.45],
						"0.3667": [-9.45, -10.92, -3.45],
						"0.3833": [-9.45, -10.86, -2.49],
						"0.4": [-9.45, -10.8, -1.54],
						"0.4167": [-9.45, -10.75, -0.58],
						"0.4333": [-9.45, -10.69, 0.38],
						"0.45": [-9.45, -10.67, 0.64],
						"0.4667": [-9.45, -10.66, 0.89],
						"0.4833": [-9.45, -10.64, 1.15],
						"0.5": [-9.45, -10.64, 1.15],
						"0.5167": [-9.45, -10.64, 1.15],
						"0.5333": [-9.45, -10.64, 1.15],
						"0.55": [-9.45, -10.64, 1.15],
						"0.5667": [-9.45, -10.64, 1.15],
						"0.8167": [-6.4, -12.125, 5.05]
					},
					"scale": {
						"0.0": [1, 1.5, 1],
						"0.8167": [1, 1.5, 1]
					}
				},
				"camera": {
					"rotation": {
						"0.0": [0, 0, 0.01],
						"0.35": {
							"pre": [0.82, -0.65, 1],
							"post": [0.82, -0.65, 1],
							"lerp_mode": "catmullrom"
						},
						"0.7167": {
							"post": [0.77, -0.46, 1.74],
							"lerp_mode": "catmullrom"
						},
						"1.25": [0, 0, 0.01]
					}
				}
			},
			"sound_effects": {
				"0.1667": {
					"effect": "tacz:ai_awp/awp_rechamber_out"
				},
				"0.3333": {
					"effect": "tacz:ai_awp/awp_rechember_ejectclick"
				},
				"0.6167": {
					"effect": "tacz:ai_awp/awp_rechamber_in"
				},
				"0.6333": {
					"effect": "tacz:ai_awp/awp_rechamber_end"
				}
			}
		}
	}
}