{
	"format_version": "1.12.0",
	"minecraft:geometry": [
		{
			"description": {
				"identifier": "geometry.unknown",
				"texture_width": 32,
				"texture_height": 32,
				"visible_bounds_width": 2,
				"visible_bounds_height": 2.5,
				"visible_bounds_offset": [0, 0.75, 0]
			},
			"bones": [
				{
					"name": "root",
					"pivot": [0, 0, 0]
				},
				{
					"name": "bullet1",
					"parent": "root",
					"pivot": [5, 0.875, -7.5],
					"rotation": [135, 0, 90],
					"cubes": [
						{
							"origin": [4.25, -1.99632, -13.43382],
							"size": [1.5, 1.5, 5],
							"uv": {
								"north": {"uv": [11, 0], "uv_size": [2, 2]},
								"east": {"uv": [3, 8], "uv_size": [5, 2]},
								"west": {"uv": [8, 8], "uv_size": [5, 2]},
								"up": {"uv": [9, 0], "uv_size": [2, 5]},
								"down": {"uv": [3, 15], "uv_size": [2, -5]}
							}
						},
						{
							"origin": [4.125, -2.12132, -8.43382],
							"size": [1.75, 1.75, 0.25],
							"uv": {
								"north": {"uv": [11, 2], "uv_size": [2, 2]},
								"east": {"uv": [7, 13], "uv_size": [1, 2]},
								"south": {"uv": [12, 4], "uv_size": [2, 2]},
								"west": {"uv": [14, 6], "uv_size": [1, 2]},
								"up": {"uv": [14, 10], "uv_size": [2, 1]},
								"down": {"uv": [14, 12], "uv_size": [2, -1]}
							}
						}
					]
				},
				{
					"name": "bullet2",
					"parent": "root",
					"pivot": [0.9097, 0.825, -5.58939],
					"rotation": [-109.25656, -11.86554, 59.51995],
					"cubes": [
						{
							"origin": [0.1597, 0.075, -9.40189],
							"size": [1.5, 1.5, 5],
							"uv": {
								"north": {"uv": [11, 0], "uv_size": [2, 2]},
								"east": {"uv": [3, 8], "uv_size": [5, 2]},
								"west": {"uv": [8, 8], "uv_size": [5, 2]},
								"up": {"uv": [9, 0], "uv_size": [2, 5]},
								"down": {"uv": [3, 15], "uv_size": [2, -5]}
							}
						},
						{
							"origin": [0.0347, -0.05, -4.40189],
							"size": [1.75, 1.75, 0.25],
							"uv": {
								"north": {"uv": [11, 2], "uv_size": [2, 2]},
								"east": {"uv": [7, 13], "uv_size": [1, 2]},
								"south": {"uv": [12, 4], "uv_size": [2, 2]},
								"west": {"uv": [14, 6], "uv_size": [1, 2]},
								"up": {"uv": [14, 10], "uv_size": [2, 1]},
								"down": {"uv": [14, 12], "uv_size": [2, -1]}
							}
						}
					]
				},
				{
					"name": "bullet3",
					"parent": "root",
					"pivot": [-10.45, -1, -0.05],
					"rotation": [-90, 0, 0],
					"cubes": [
						{
							"origin": [-3.2, -4.49632, -6.48382],
							"size": [1.5, 1.5, 5],
							"uv": {
								"north": {"uv": [11, 0], "uv_size": [2, 2]},
								"east": {"uv": [3, 8], "uv_size": [5, 2]},
								"west": {"uv": [8, 8], "uv_size": [5, 2]},
								"up": {"uv": [9, 0], "uv_size": [2, 5]},
								"down": {"uv": [3, 15], "uv_size": [2, -5]}
							}
						},
						{
							"origin": [-3.325, -4.62132, -1.48382],
							"size": [1.75, 1.75, 0.25],
							"uv": {
								"north": {"uv": [11, 2], "uv_size": [2, 2]},
								"east": {"uv": [7, 13], "uv_size": [1, 2]},
								"south": {"uv": [12, 4], "uv_size": [2, 2]},
								"west": {"uv": [14, 6], "uv_size": [1, 2]},
								"up": {"uv": [14, 10], "uv_size": [2, 1]},
								"down": {"uv": [14, 12], "uv_size": [2, -1]}
							}
						}
					]
				},
				{
					"name": "powderbuttle",
					"parent": "root",
					"pivot": [-0.67969, 5.5955, 0.99311],
					"rotation": [-90, 0, 0],
					"cubes": [
						{
							"origin": [-2.25, -1.67697, -2.41606],
							"size": [3.25, 8, 3.25],
							"pivot": [-0.60938, 5.76053, -0.79106],
							"rotation": [90, 0, 0],
							"uv": {
								"north": {"uv": [18, 0], "uv_size": [14, 32]},
								"east": {"uv": [18, 0], "uv_size": [14, 32]},
								"south": {"uv": [18, 0], "uv_size": [14, 32]},
								"west": {"uv": [18, 0], "uv_size": [14, 32]},
								"up": {"uv": [9, 5], "uv_size": [3, 3]},
								"down": {"uv": [5, 13], "uv_size": [3, -3]}
							}
						},
						{
							"origin": [-1.75, 6.32303, -1.91606],
							"size": [2.25, 1.5, 2.25],
							"pivot": [-0.60938, 5.76053, -0.79106],
							"rotation": [90, 0, 0],
							"uv": {
								"north": {"uv": [12, 6], "uv_size": [2, 2]},
								"east": {"uv": [12, 10], "uv_size": [2, 2]},
								"south": {"uv": [12, 12], "uv_size": [2, 2]},
								"west": {"uv": [13, 0], "uv_size": [2, 2]},
								"up": {"uv": [13, 2], "uv_size": [2, 2]},
								"down": {"uv": [5, 15], "uv_size": [2, -2]}
							}
						},
						{
							"origin": [-1, 6.32303, -1.16606],
							"size": [0.75, 5.75, 0.75],
							"pivot": [-0.60938, 5.76053, -0.79106],
							"rotation": [90, 0, 0],
							"uv": {
								"north": {"uv": [8, 10], "uv_size": [1, 6]},
								"east": {"uv": [9, 10], "uv_size": [1, 6]},
								"south": {"uv": [10, 10], "uv_size": [1, 6]},
								"west": {"uv": [11, 10], "uv_size": [1, 6]},
								"up": {"uv": [11, 4], "uv_size": [1, 1]},
								"down": {"uv": [12, 15], "uv_size": [1, -1]}
							}
						},
						{
							"origin": [-2.625, 6.63553, -1.04106],
							"size": [4.0625, 0.4375, 0.5],
							"pivot": [-0.60938, 5.76053, -0.79106],
							"rotation": [90, 0, 0],
							"uv": {
								"north": {"uv": [13, 8], "uv_size": [4, 1]},
								"east": {"uv": [14, 12], "uv_size": [1, 1]},
								"south": {"uv": [13, 9], "uv_size": [4, 1]},
								"west": {"uv": [13, 14], "uv_size": [1, 1]},
								"up": {"uv": [14, 4], "uv_size": [4, 1]},
								"down": {"uv": [14, 6], "uv_size": [4, -1]}
							}
						}
					]
				},
				{
					"name": "bb_main",
					"parent": "root",
					"pivot": [0, 0, 0]
				},
				{
					"name": "positioning",
					"pivot": [-3.025, -8.95, -11.225]
				},
				{
					"name": "ground",
					"parent": "positioning",
					"pivot": [0, 0, 2]
				},
				{
					"name": "fixed",
					"parent": "positioning",
					"pivot": [0, 3.5, 4]
				},
				{
					"name": "thirdperson_hand",
					"parent": "positioning",
					"pivot": [-0.025, 2.05, 2.025],
					"rotation": [0, 90, 0]
				}
			]
		}
	]
}