{
	"format_version": "1.12.0",
	"minecraft:geometry": [
		{
			"description": {
				"identifier": "geometry.unknown",
				"texture_width": 64,
				"texture_height": 64,
				"visible_bounds_width": 3,
				"visible_bounds_height": 3.5,
				"visible_bounds_offset": [0, 1.25, 0]
			},
			"bones": [
				{
					"name": "root",
					"pivot": [0, 0, 0]
				},
				{
					"name": "box",
					"parent": "root",
					"pivot": [0, 5, 0],
					"rotation": [0, -10, 0]
				},
				{
					"name": "bottle",
					"parent": "box",
					"pivot": [0, 5, 0],
					"cubes": [
						{
							"origin": [-1, 0, -5],
							"size": [4, 15.3125, 9.6568],
							"uv": {
								"north": {"uv": [10, 30], "uv_size": [4, 15]},
								"east": {"uv": [0, 0], "uv_size": [10, 15]},
								"south": {"uv": [14, 30], "uv_size": [4, 15]},
								"west": {"uv": [10, 0], "uv_size": [10, 15]},
								"up": {"uv": [34, 30], "uv_size": [4, 10]},
								"down": {"uv": [38, 25], "uv_size": [4, -10]}
							}
						},
						{
							"origin": [-1, 0, -5],
							"size": [4, 15.3125, 9.6568],
							"pivot": [1, 5, -0.1716],
							"rotation": [0, -45, 0],
							"uv": {
								"north": {"uv": [30, 15], "uv_size": [4, 15]},
								"east": {"uv": [0, 15], "uv_size": [10, 15]},
								"south": {"uv": [18, 30], "uv_size": [4, 15]},
								"west": {"uv": [10, 15], "uv_size": [10, 15]},
								"up": {"uv": [38, 25], "uv_size": [4, 10]},
								"down": {"uv": [38, 45], "uv_size": [4, -10]}
							}
						},
						{
							"origin": [-1, 0, -5],
							"size": [4, 15.3125, 9.6568],
							"pivot": [1, 5, -0.1716],
							"rotation": [0, -90, 0],
							"uv": {
								"north": {"uv": [22, 30], "uv_size": [4, 15]},
								"east": {"uv": [20, 0], "uv_size": [10, 15]},
								"south": {"uv": [26, 30], "uv_size": [4, 15]},
								"west": {"uv": [20, 15], "uv_size": [10, 15]},
								"up": {"uv": [40, 0], "uv_size": [4, 10]},
								"down": {"uv": [34, 50], "uv_size": [4, -10]}
							}
						},
						{
							"origin": [-1, 0, -5],
							"size": [4, 15.3125, 9.6568],
							"pivot": [1, 5, -0.1716],
							"rotation": [0, -135, 0],
							"uv": {
								"north": {"uv": [30, 30], "uv_size": [4, 15]},
								"east": {"uv": [0, 30], "uv_size": [10, 15]},
								"south": {"uv": [34, 15], "uv_size": [4, 15]},
								"west": {"uv": [30, 0], "uv_size": [10, 15]},
								"up": {"uv": [42, 10], "uv_size": [4, 10]},
								"down": {"uv": [42, 30], "uv_size": [4, -10]}
							}
						},
						{
							"origin": [-0.35277, 15.3125, -2.94969],
							"size": [2.3431, 4.0625, 5.6568],
							"pivot": [0.81878, 22.96875, -0.12129],
							"rotation": [0, -135, 0],
							"uv": {
								"north": {"uv": [40, 10], "uv_size": [2, 4]},
								"east": {"uv": [42, 30], "uv_size": [6, 4]},
								"south": {"uv": [28, 45], "uv_size": [2, 4]},
								"west": {"uv": [42, 34], "uv_size": [6, 4]},
								"up": {"uv": [12, 45], "uv_size": [2, 6]},
								"down": {"uv": [14, 51], "uv_size": [2, -6]}
							}
						},
						{
							"origin": [-0.35277, 15.3125, -2.94969],
							"size": [2.3431, 4.0625, 5.6568],
							"pivot": [0.81878, 22.96875, -0.12129],
							"rotation": [0, -45, 0],
							"uv": {
								"north": {"uv": [30, 45], "uv_size": [2, 4]},
								"east": {"uv": [42, 38], "uv_size": [6, 4]},
								"south": {"uv": [32, 45], "uv_size": [2, 4]},
								"west": {"uv": [42, 42], "uv_size": [6, 4]},
								"up": {"uv": [16, 45], "uv_size": [2, 6]},
								"down": {"uv": [18, 51], "uv_size": [2, -6]}
							}
						},
						{
							"origin": [-0.35277, 15.3125, -2.94969],
							"size": [2.3431, 4.0625, 5.6568],
							"uv": {
								"north": {"uv": [38, 45], "uv_size": [2, 4]},
								"east": {"uv": [44, 0], "uv_size": [6, 4]},
								"south": {"uv": [40, 45], "uv_size": [2, 4]},
								"west": {"uv": [44, 4], "uv_size": [6, 4]},
								"up": {"uv": [20, 45], "uv_size": [2, 6]},
								"down": {"uv": [22, 51], "uv_size": [2, -6]}
							}
						},
						{
							"origin": [-0.35277, 15.3125, -2.94969],
							"size": [2.3431, 4.0625, 5.6568],
							"pivot": [0.81878, 22.96875, -0.12129],
							"rotation": [0, -90, 0],
							"uv": {
								"north": {"uv": [46, 8], "uv_size": [2, 4]},
								"east": {"uv": [0, 45], "uv_size": [6, 4]},
								"south": {"uv": [46, 12], "uv_size": [2, 4]},
								"west": {"uv": [6, 45], "uv_size": [6, 4]},
								"up": {"uv": [24, 45], "uv_size": [2, 6]},
								"down": {"uv": [26, 51], "uv_size": [2, -6]}
							}
						},
						{
							"origin": [0.24265, 18.6875, -0.8517],
							"size": [1.1556, 5.25, 1.3443],
							"uv": {
								"north": {"uv": [46, 16], "uv_size": [1, 5]},
								"east": {"uv": [46, 21], "uv_size": [1, 5]},
								"south": {"uv": [42, 46], "uv_size": [1, 5]},
								"west": {"uv": [43, 46], "uv_size": [1, 5]},
								"up": {"uv": [47, 23], "uv_size": [1, 1]},
								"down": {"uv": [47, 25], "uv_size": [1, -1]}
							}
						}
					]
				},
				{
					"name": "pink",
					"parent": "box",
					"pivot": [-1.08922, 23.02183, -0.26874],
					"cubes": [
						{
							"origin": [-1.0519, 21.36553, -0.4767],
							"size": [1.83187, 0.16567, 0.5318],
							"pivot": [-0.13597, 23.94837, -0.17955],
							"rotation": [0, 0, 12.5],
							"uv": {
								"north": {"uv": [40, 14], "uv_size": [2, 1]},
								"east": {"uv": [49, 40], "uv_size": [1, 1]},
								"south": {"uv": [46, 28], "uv_size": [2, 1]},
								"west": {"uv": [41, 49], "uv_size": [1, 1]},
								"up": {"uv": [46, 29], "uv_size": [2, 1]},
								"down": {"uv": [44, 47], "uv_size": [2, -1]}
							}
						},
						{
							"origin": [-1.38766, 21.53101, -0.4767],
							"size": [1.83187, 0.16567, 0.5318],
							"pivot": [-1.47173, 21.61385, -0.17955],
							"rotation": [0, 0, -130],
							"uv": {
								"north": {"uv": [46, 46], "uv_size": [2, 1]},
								"east": {"uv": [49, 41], "uv_size": [1, 1]},
								"south": {"uv": [47, 16], "uv_size": [2, 1]},
								"west": {"uv": [49, 42], "uv_size": [1, 1]},
								"up": {"uv": [47, 17], "uv_size": [2, 1]},
								"down": {"uv": [47, 19], "uv_size": [2, -1]}
							}
						},
						{
							"origin": [-2.59281, 22.86893, -0.4767],
							"size": [1.45687, 0.16567, 0.5318],
							"pivot": [-2.67688, 22.95177, -0.17955],
							"rotation": [0, 0, -95],
							"uv": {
								"north": {"uv": [49, 43], "uv_size": [1, 1]},
								"east": {"uv": [44, 49], "uv_size": [1, 1]},
								"south": {"uv": [49, 44], "uv_size": [1, 1]},
								"west": {"uv": [45, 49], "uv_size": [1, 1]},
								"up": {"uv": [49, 45], "uv_size": [1, 1]},
								"down": {"uv": [46, 50], "uv_size": [1, -1]}
							}
						},
						{
							"origin": [-2.77993, 24.28256, -0.4767],
							"size": [1.45687, 0.16567, 0.5318],
							"pivot": [-2.86399, 24.36539, -0.17955],
							"rotation": [0, 0, -60],
							"uv": {
								"north": {"uv": [49, 46], "uv_size": [1, 1]},
								"east": {"uv": [47, 49], "uv_size": [1, 1]},
								"south": {"uv": [49, 47], "uv_size": [1, 1]},
								"west": {"uv": [48, 49], "uv_size": [1, 1]},
								"up": {"uv": [49, 48], "uv_size": [1, 1]},
								"down": {"uv": [49, 50], "uv_size": [1, -1]}
							}
						},
						{
							"origin": [-3.22074, 26.60474, -0.4767],
							"size": [0.51937, 0.72817, 0.7193],
							"pivot": [-4.3048, 26.50008, -0.17955],
							"rotation": [0, 0, 30],
							"uv": {
								"north": {"uv": [0, 52], "uv_size": [1, 1]},
								"east": {"uv": [50, 0], "uv_size": [1, 1]},
								"south": {"uv": [1, 50], "uv_size": [1, 1]},
								"west": {"uv": [50, 1], "uv_size": [1, 1]},
								"up": {"uv": [2, 50], "uv_size": [1, 1]},
								"down": {"uv": [50, 3], "uv_size": [1, -1]}
							}
						},
						{
							"origin": [-2.90493, 25.65756, -0.7892],
							"size": [1.51937, 1.10317, 1.2193],
							"pivot": [-2.98899, 25.74039, -0.17955],
							"rotation": [0, 0, 30],
							"uv": {
								"north": {"uv": [0, 50], "uv_size": [1, 1]},
								"east": {"uv": [50, 0], "uv_size": [1, 1]},
								"south": {"uv": [1, 50], "uv_size": [1, 1]},
								"west": {"uv": [50, 1], "uv_size": [1, 1]},
								"up": {"uv": [2, 50], "uv_size": [1, 1]},
								"down": {"uv": [50, 3], "uv_size": [1, -1]}
							}
						},
						{
							"origin": [-0.15493, 20.22006, -1.1017],
							"size": [1.95687, 1.47817, 1.9068],
							"uv": {
								"north": {"uv": [47, 19], "uv_size": [2, 1]},
								"east": {"uv": [47, 20], "uv_size": [2, 1]},
								"south": {"uv": [47, 21], "uv_size": [2, 1]},
								"west": {"uv": [47, 22], "uv_size": [2, 1]},
								"up": {"uv": [44, 8], "uv_size": [2, 2]},
								"down": {"uv": [46, 28], "uv_size": [2, -2]}
							}
						}
					]
				},
				{
					"name": "bb1",
					"parent": "root",
					"pivot": [5.49999, 0.71008, 2.00001],
					"rotation": [90, 15, 0],
					"cubes": [
						{
							"origin": [10.41078, -4.47817, 2.23126],
							"size": [1, 1, 1],
							"uv": {
								"north": {"uv": [47, 25], "uv_size": [1, 1]},
								"east": {"uv": [44, 47], "uv_size": [1, 1]},
								"south": {"uv": [45, 47], "uv_size": [1, 1]},
								"west": {"uv": [46, 47], "uv_size": [1, 1]},
								"up": {"uv": [47, 47], "uv_size": [1, 1]},
								"down": {"uv": [48, 9], "uv_size": [1, -1]}
							}
						},
						{
							"origin": [9.84828, -4.47817, 3.16876],
							"size": [1, 1, 1],
							"uv": {
								"north": {"uv": [48, 48], "uv_size": [1, 1]},
								"east": {"uv": [0, 49], "uv_size": [1, 1]},
								"south": {"uv": [1, 49], "uv_size": [1, 1]},
								"west": {"uv": [2, 49], "uv_size": [1, 1]},
								"up": {"uv": [3, 49], "uv_size": [1, 1]},
								"down": {"uv": [4, 50], "uv_size": [1, -1]}
							}
						},
						{
							"origin": [9.22328, -5.04067, 2.23126],
							"size": [1, 1, 1],
							"uv": {
								"north": {"uv": [5, 49], "uv_size": [1, 1]},
								"east": {"uv": [6, 49], "uv_size": [1, 1]},
								"south": {"uv": [7, 49], "uv_size": [1, 1]},
								"west": {"uv": [8, 49], "uv_size": [1, 1]},
								"up": {"uv": [49, 8], "uv_size": [1, 1]},
								"down": {"uv": [9, 50], "uv_size": [1, -1]}
							}
						},
						{
							"origin": [10.41078, -5.85317, 2.23126],
							"size": [1, 1, 1],
							"uv": {
								"north": {"uv": [49, 9], "uv_size": [1, 1]},
								"east": {"uv": [10, 49], "uv_size": [1, 1]},
								"south": {"uv": [49, 10], "uv_size": [1, 1]},
								"west": {"uv": [11, 49], "uv_size": [1, 1]},
								"up": {"uv": [49, 11], "uv_size": [1, 1]},
								"down": {"uv": [49, 13], "uv_size": [1, -1]}
							}
						},
						{
							"origin": [10.41078, -3.16567, 2.23126],
							"size": [1, 1, 1],
							"uv": {
								"north": {"uv": [49, 13], "uv_size": [1, 1]},
								"east": {"uv": [49, 14], "uv_size": [1, 1]},
								"south": {"uv": [49, 15], "uv_size": [1, 1]},
								"west": {"uv": [49, 16], "uv_size": [1, 1]},
								"up": {"uv": [49, 17], "uv_size": [1, 1]},
								"down": {"uv": [49, 19], "uv_size": [1, -1]}
							}
						},
						{
							"origin": [9.47328, -3.72817, 1.29376],
							"size": [1, 1, 1],
							"uv": {
								"north": {"uv": [48, 9], "uv_size": [1, 1]},
								"east": {"uv": [48, 10], "uv_size": [1, 1]},
								"south": {"uv": [48, 11], "uv_size": [1, 1]},
								"west": {"uv": [48, 12], "uv_size": [1, 1]},
								"up": {"uv": [48, 13], "uv_size": [1, 1]},
								"down": {"uv": [48, 15], "uv_size": [1, -1]}
							}
						},
						{
							"origin": [8.53578, -5.41567, 1.29376],
							"size": [1, 1, 1],
							"uv": {
								"north": {"uv": [48, 15], "uv_size": [1, 1]},
								"east": {"uv": [48, 23], "uv_size": [1, 1]},
								"south": {"uv": [48, 24], "uv_size": [1, 1]},
								"west": {"uv": [48, 25], "uv_size": [1, 1]},
								"up": {"uv": [48, 26], "uv_size": [1, 1]},
								"down": {"uv": [48, 28], "uv_size": [1, -1]}
							}
						},
						{
							"origin": [10.03578, -5.29067, 1.29376],
							"size": [1, 1, 1],
							"uv": {
								"north": {"uv": [48, 28], "uv_size": [1, 1]},
								"east": {"uv": [48, 29], "uv_size": [1, 1]},
								"south": {"uv": [48, 30], "uv_size": [1, 1]},
								"west": {"uv": [48, 31], "uv_size": [1, 1]},
								"up": {"uv": [48, 32], "uv_size": [1, 1]},
								"down": {"uv": [48, 34], "uv_size": [1, -1]}
							}
						},
						{
							"origin": [10.91078, -3.54067, 1.29376],
							"size": [1, 1, 1],
							"uv": {
								"north": {"uv": [48, 34], "uv_size": [1, 1]},
								"east": {"uv": [48, 35], "uv_size": [1, 1]},
								"south": {"uv": [48, 36], "uv_size": [1, 1]},
								"west": {"uv": [48, 37], "uv_size": [1, 1]},
								"up": {"uv": [48, 38], "uv_size": [1, 1]},
								"down": {"uv": [48, 40], "uv_size": [1, -1]}
							}
						},
						{
							"origin": [10.28578, -2.22817, 1.29376],
							"size": [1, 1, 1],
							"uv": {
								"north": {"uv": [49, 19], "uv_size": [1, 1]},
								"east": {"uv": [49, 20], "uv_size": [1, 1]},
								"south": {"uv": [49, 21], "uv_size": [1, 1]},
								"west": {"uv": [49, 22], "uv_size": [1, 1]},
								"up": {"uv": [49, 23], "uv_size": [1, 1]},
								"down": {"uv": [49, 25], "uv_size": [1, -1]}
							}
						},
						{
							"origin": [11.41078, -4.72817, 1.29376],
							"size": [1, 1, 1],
							"uv": {
								"north": {"uv": [49, 25], "uv_size": [1, 1]},
								"east": {"uv": [49, 26], "uv_size": [1, 1]},
								"south": {"uv": [49, 27], "uv_size": [1, 1]},
								"west": {"uv": [28, 49], "uv_size": [1, 1]},
								"up": {"uv": [49, 28], "uv_size": [1, 1]},
								"down": {"uv": [29, 50], "uv_size": [1, -1]}
							}
						},
						{
							"origin": [11.47328, -5.97817, 1.29376],
							"size": [1, 1, 1],
							"uv": {
								"north": {"uv": [49, 29], "uv_size": [1, 1]},
								"east": {"uv": [30, 49], "uv_size": [1, 1]},
								"south": {"uv": [49, 30], "uv_size": [1, 1]},
								"west": {"uv": [31, 49], "uv_size": [1, 1]},
								"up": {"uv": [49, 31], "uv_size": [1, 1]},
								"down": {"uv": [32, 50], "uv_size": [1, -1]}
							}
						},
						{
							"origin": [9.03578, -6.54067, 1.29376],
							"size": [1, 1, 1],
							"uv": {
								"north": {"uv": [49, 32], "uv_size": [1, 1]},
								"east": {"uv": [33, 49], "uv_size": [1, 1]},
								"south": {"uv": [49, 33], "uv_size": [1, 1]},
								"west": {"uv": [49, 34], "uv_size": [1, 1]},
								"up": {"uv": [49, 35], "uv_size": [1, 1]},
								"down": {"uv": [49, 37], "uv_size": [1, -1]}
							}
						},
						{
							"origin": [10.28578, -6.91567, 1.29376],
							"size": [1, 1, 1],
							"uv": {
								"north": {"uv": [49, 37], "uv_size": [1, 1]},
								"east": {"uv": [38, 49], "uv_size": [1, 1]},
								"south": {"uv": [49, 38], "uv_size": [1, 1]},
								"west": {"uv": [39, 49], "uv_size": [1, 1]},
								"up": {"uv": [49, 39], "uv_size": [1, 1]},
								"down": {"uv": [40, 50], "uv_size": [1, -1]}
							}
						},
						{
							"origin": [7.84828, -3.72817, 1.29376],
							"size": [1, 1, 1],
							"uv": {
								"north": {"uv": [48, 40], "uv_size": [1, 1]},
								"east": {"uv": [48, 41], "uv_size": [1, 1]},
								"south": {"uv": [48, 42], "uv_size": [1, 1]},
								"west": {"uv": [48, 43], "uv_size": [1, 1]},
								"up": {"uv": [44, 48], "uv_size": [1, 1]},
								"down": {"uv": [48, 45], "uv_size": [1, -1]}
							}
						},
						{
							"origin": [8.72328, -3.72817, 2.29376],
							"size": [1, 1, 1],
							"uv": {
								"north": {"uv": [45, 48], "uv_size": [1, 1]},
								"east": {"uv": [48, 45], "uv_size": [1, 1]},
								"south": {"uv": [46, 48], "uv_size": [1, 1]},
								"west": {"uv": [48, 46], "uv_size": [1, 1]},
								"up": {"uv": [47, 48], "uv_size": [1, 1]},
								"down": {"uv": [48, 48], "uv_size": [1, -1]}
							}
						}
					]
				},
				{
					"name": "positioning",
					"pivot": [-3.025, -8.95, -11.225]
				},
				{
					"name": "ground",
					"parent": "positioning",
					"pivot": [0, 0, 0]
				},
				{
					"name": "fixed",
					"parent": "positioning",
					"pivot": [0, 6.5, 0],
					"rotation": [0, -90, 0]
				},
				{
					"name": "thirdperson_hand",
					"parent": "positioning",
					"pivot": [-0.025, 2.05, -0.225],
					"rotation": [0, 90, 0]
				}
			]
		}
	]
}