{
	"format_version": "1.8.0",
	"animations": {
		"static_idle": {
			"animation_length": 0.1,
			"bones": {
				"lefthand": {
					"scale": 0
				},
				"righthand": {
					"rotation": [102.50037, -0.49241, -180.08683],
					"position": [-7.15, -12.2, -0.3],
					"scale": [1, 1.5, 1]
				},
				"constraint": {
					"rotation": [0.05, 0.2, 0.1],
					"position": [0.15, 0.2, 0.35]
				},
				"root": {
					"rotation": [0, 0, 0],
					"position": [0, 0, 0]
				}
			}
		},
		"static_idle_caught": {
			"animation_length": 0.1,
			"bones": {
				"lefthand": {
					"scale": 0
				},
				"righthand": {
					"rotation": [102.50037, -0.49241, -180.08683],
					"position": [-7.15, -12.2, -0.3],
					"scale": [1, 1.5, 1]
				},
				"constraint": {
					"rotation": [0.05, 0.2, 0.1],
					"position": [0.15, 0.2, 0.35]
				},
				"root": {
					"rotation": [0, 0, 0],
					"position": [0, 0, 0]
				}
			}
		},
		"draw": {
			"animation_length": 0.8,
			"bones": {
				"root": {
					"rotation": {
						"0.0": [0.81, -32.64, 33.95],
						"0.0333": [0.27, -29.86, 31.4],
						"0.0667": [-0.53, -25.86, 27.73],
						"0.1": [-1.28, -21.36, 23.7],
						"0.1333": [-1.65, -17.06, 20.1],
						"0.1667": [-1.47, -12.69, 17.07],
						"0.2": [-0.93, -8.04, 14.24],
						"0.2333": [-0.31, -3.86, 11.52],
						"0.2667": [0.1, -0.92, 8.88],
						"0.3": [0.23, 0.25, 6.05],
						"0.3333": [0.22, 0.18, 3.17],
						"0.3667": [0.16, -0.37, 0.67],
						"0.4": [0.11, -0.62, -0.98],
						"0.4333": [0.05, -0.14, -0.96],
						"0.4667": [-0.01, 0.27, 0.27],
						"0.5": [-0.02, 0.27, 0.3],
						"0.5333": [-0.01, 0.19, 0.21],
						"0.5667": [0, 0.07, 0.08],
						"0.6": [0, 0, 0]
					},
					"position": {
						"0.0": [-3.18, -5.58, 24],
						"0.0333": [-2.73, -4.99, 20.05],
						"0.0667": [-2.08, -4.13, 14.3],
						"0.1": [-1.41, -3.22, 8.44],
						"0.1333": [-0.9, -2.45, 4.15],
						"0.1667": [-0.45, -1.32, 1.17],
						"0.2": [-0.25, -0.53, 0.54],
						"0.2333": [-0.14, -0.24, -0.06],
						"0.2667": [-0.07, -0.1, -0.38],
						"0.3": [-0.03, -0.04, -0.5],
						"0.3333": [-0.01, -0.05, -0.36],
						"0.3667": [-0.02, -0.14, -0.04],
						"0.4": [-0.03, -0.19, 0.17],
						"0.4333": [-0.02, -0.13, 0.02],
						"0.4667": [-0.01, -0.05, -0.18],
						"0.5": [-0.01, -0.02, -0.16],
						"0.5333": [0, -0.01, -0.07],
						"0.5667": [0, 0, 0]
					}
				},
				"lefthand": {
					"scale": 0
				},
				"righthand": {
					"rotation": [102.50037, -0.49241, -180.08683],
					"position": [-7.15, -12.2, -0.3],
					"scale": [1, 1.5, 1]
				},
				"camera": {
					"rotation": {
						"0.0": [0, 0, 0],
						"0.0333": [0.01, 0.01, 0.02],
						"0.0667": [0.03, 0.03, 0.06],
						"0.1": [0.11, 0.06, 0.13],
						"0.1333": [0.43, 0.14, 0.35],
						"0.1667": [0.76, 0.22, 0.53],
						"0.2": [0.91, 0.23, 0.52],
						"0.2333": [1.01, 0.22, 0.45],
						"0.2667": [1.02, 0.19, 0.35],
						"0.3": [0.79, 0.09, 0.05],
						"0.3333": [0.48, 0, -0.17],
						"0.3667": [0.31, -0.02, -0.02],
						"0.4": [0.17, -0.01, 0.19],
						"0.4333": [-0.17, -0.01, 0.09],
						"0.4667": [-0.11, 0, 0.01],
						"0.5": [0, 0, -0.05],
						"0.5333": [0.01, 0, -0.05],
						"0.5667": [0.01, 0, -0.02],
						"0.6": [0, 0, 0]
					}
				}
			},
			"sound_effects": {
				"0.0": {
					"effect": "wfoly_plr_sm_uzulu_raise_up"
				}
			}
		},
		"put_away": {
			"animation_length": 0.4333,
			"bones": {
				"root": {
					"rotation": {
						"0.0": {
							"post": [0, 0, 0],
							"lerp_mode": "catmullrom"
						},
						"0.0667": {
							"post": [-6.92, -3.98, -1.56],
							"lerp_mode": "catmullrom"
						},
						"0.1667": {
							"post": [15.22074, -9.65594, -2.61298],
							"lerp_mode": "catmullrom"
						},
						"0.3": {
							"post": [47.66164, -23.23161, 1.42806],
							"lerp_mode": "catmullrom"
						},
						"0.4": {
							"post": [68.96167, -29.72952, -7.06999],
							"lerp_mode": "catmullrom"
						}
					},
					"position": {
						"0.0": {
							"post": [0, 0, 0],
							"lerp_mode": "catmullrom"
						},
						"0.0667": {
							"post": [0.91, 0.32, 1.5],
							"lerp_mode": "catmullrom"
						},
						"0.1667": {
							"post": [1.8125, -1.6875, 3],
							"lerp_mode": "catmullrom"
						},
						"0.3": {
							"post": [1.81, -8.3775, 3],
							"lerp_mode": "catmullrom"
						},
						"0.4": {
							"post": [1.81, -27.5675, 11.6875],
							"lerp_mode": "catmullrom"
						}
					}
				},
				"lefthand": {
					"scale": 0
				},
				"righthand": {
					"rotation": [102.50037, -0.49241, -180.08683],
					"position": [-7.15, -12.2, -0.3],
					"scale": [1, 1.5, 1]
				},
				"camera": {
					"rotation": {
						"0.0": [0, 0, 0],
						"0.0333": [0.05, 0, -0.02],
						"0.0667": [0.12, 0, -0.04],
						"0.1": [0.18, 0, -0.07],
						"0.1333": [0.18, 0, -0.1],
						"0.1667": [0.07, 0, -0.14],
						"0.2": [-0.1, 0, -0.2],
						"0.2333": [-0.26, 0, -0.24],
						"0.2667": [-0.35, 0, -0.25],
						"0.3": [-0.32, 0, -0.21],
						"0.3333": [-0.21, 0, -0.13],
						"0.3667": [-0.08, 0, -0.05],
						"0.4": [0, 0, 0]
					}
				}
			},
			"sound_effects": {
				"0.0": {
					"effect": "wfoly_plr_sm_uzulu_drop_quick_down"
				}
			}
		},
		"reload_tactical": {
			"animation_length": 2.0333,
			"bones": {
				"root": {
					"rotation": {
						"0.0": [0, 0, 0],
						"0.0333": [3.17681, 0, 0],
						"0.0667": [29.11855, 0, 0],
						"0.1": [44.32353, 0, 0],
						"0.1333": [49.67485, 0, 0],
						"0.1667": [51.89755, 0, 0],
						"0.2": [52.5, 0, 0],
						"0.6333": [52.55554, 0, 0],
						"1.0333": [52.5, 0, 0],
						"1.0667": [0.81, -32.64, 33.95],
						"1.1333": [-0.53, -25.86, 27.73],
						"1.1667": [-1.28, -21.36, 23.7],
						"1.2333": [-1.47, -12.69, 17.07],
						"1.2667": [-0.93, -8.04, 14.24],
						"1.3333": [0.1, -0.92, 8.88],
						"1.3667": [0.23, 0.25, 6.05],
						"1.4333": [0.16, -0.37, 0.67],
						"1.4667": [0.11, -0.62, -0.98],
						"1.5333": [-0.01, 0.27, 0.27],
						"1.5667": [-0.02, 0.27, 0.3],
						"1.6333": [0, 0.07, 0.08],
						"1.6667": [0, 0, 0]
					},
					"position": {
						"0.0": [0, 0, 0],
						"0.0333": [0, -0.48976, 0.37057],
						"0.0667": [0, -2.3013, 1.74125],
						"0.1333": [0, -8.9987, 6.80875],
						"0.1667": [0, -10.81024, 8.17943],
						"0.2": [0, -11.3, 8.55],
						"0.6333": [0, -11.3, 8.55],
						"1.0333": [0, -11.3, 8.55],
						"1.0667": [-3.18, -5.58, 24],
						"1.1333": [-2.08, -4.13, 14.3],
						"1.1667": [-1.41, -3.22, 8.44],
						"1.2333": [-0.45, -1.32, 1.17],
						"1.2667": [-0.25, -0.53, 0.54],
						"1.3333": [-0.07, -0.1, -0.38],
						"1.3667": [-0.03, -0.04, -0.5],
						"1.4333": [-0.02, -0.14, -0.04],
						"1.4667": [-0.03, -0.19, 0.17],
						"1.5333": [-0.01, -0.05, -0.18],
						"1.5667": [-0.01, -0.02, -0.16],
						"1.6333": [0, 0, 0]
					}
				},
				"lefthand": {
					"scale": 0
				},
				"righthand": {
					"rotation": [102.50037, -0.49241, -180.08683],
					"position": [-7.15, -12.2, -0.3],
					"scale": [1, 1.5, 1]
				},
				"camera": {
					"rotation": {
						"0.0": [0, 0, 0],
						"0.0333": [0.76, 0.22, 0.53],
						"0.0667": [0.91, 0.23, 0.52],
						"0.1333": [1.02, 0.19, 0.35],
						"0.1667": [0.79, 0.09, 0.05],
						"0.2333": [0.25, -0.2, 0.1],
						"1.0667": [0, 0, 0],
						"1.1333": [0.03, 0.03, 0.06],
						"1.1667": [0.11, 0.06, 0.13],
						"1.2333": [0.76, 0.22, 0.53],
						"1.2667": [0.91, 0.23, 0.52],
						"1.3333": [1.02, 0.19, 0.35],
						"1.3667": [0.79, 0.09, 0.05],
						"1.4333": [0.31, -0.02, -0.02],
						"1.5333": [-0.11, 0, 0.01],
						"1.5667": [0, 0, -0.05],
						"1.6333": [0.01, 0, -0.02],
						"1.6667": [0, 0, 0]
					}
				}
			},
			"sound_effects": {
				"0.0": {
					"effect": "wfoly_plr_sm_uzulu_raise_up"
				}
			}
		},
		"reload_empty": {
			"animation_length": 1.8,
			"bones": {
				"root": {
					"rotation": {
						"0.0": [0, 0, 0],
						"0.0333": [3.17681, 0, 0],
						"0.0667": [29.11855, 0, 0],
						"0.1": [44.32353, 0, 0],
						"0.1333": [49.67485, 0, 0],
						"0.1667": [51.89755, 0, 0],
						"0.2": [52.5, 0, 0],
						"0.6333": [52.55554, 0, 0],
						"1.0333": [52.5, 0, 0],
						"1.0667": [0.81, -32.64, 33.95],
						"1.1333": [-0.53, -25.86, 27.73],
						"1.1667": [-1.28, -21.36, 23.7],
						"1.2333": [-1.47, -12.69, 17.07],
						"1.2667": [-0.93, -8.04, 14.24],
						"1.3333": [0.1, -0.92, 8.88],
						"1.3667": [0.23, 0.25, 6.05],
						"1.4333": [0.16, -0.37, 0.67],
						"1.4667": [0.11, -0.62, -0.98],
						"1.5333": [-0.01, 0.27, 0.27],
						"1.5667": [-0.02, 0.27, 0.3],
						"1.6333": [0, 0.07, 0.08],
						"1.6667": [0, 0, 0]
					},
					"position": {
						"0.0": [0, 0, 0],
						"0.0333": [0, -0.48976, 0.37057],
						"0.0667": [0, -2.3013, 1.74125],
						"0.1333": [0, -8.9987, 6.80875],
						"0.1667": [0, -10.81024, 8.17943],
						"0.2": [0, -11.3, 8.55],
						"0.6333": [0, -11.3, 8.55],
						"1.0333": [0, -11.3, 8.55],
						"1.0667": [-3.18, -5.58, 24],
						"1.1333": [-2.08, -4.13, 14.3],
						"1.1667": [-1.41, -3.22, 8.44],
						"1.2333": [-0.45, -1.32, 1.17],
						"1.2667": [-0.25, -0.53, 0.54],
						"1.3333": [-0.07, -0.1, -0.38],
						"1.3667": [-0.03, -0.04, -0.5],
						"1.4333": [-0.02, -0.14, -0.04],
						"1.4667": [-0.03, -0.19, 0.17],
						"1.5333": [-0.01, -0.05, -0.18],
						"1.5667": [-0.01, -0.02, -0.16],
						"1.6333": [0, 0, 0]
					}
				},
				"lefthand": {
					"scale": 0
				},
				"righthand": {
					"rotation": [102.50037, -0.49241, -180.08683],
					"position": [-7.15, -12.2, -0.3],
					"scale": [1, 1.5, 1]
				},
				"camera": {
					"rotation": {
						"0.0": [0, 0, 0],
						"0.0333": [0.76, 0.22, 0.53],
						"0.0667": [0.91, 0.23, 0.52],
						"0.1333": [1.02, 0.19, 0.35],
						"0.1667": [0.79, 0.09, 0.05],
						"0.2333": [0.25, -0.2, 0.1],
						"1.0667": [0, 0, 0],
						"1.1333": [0.03, 0.03, 0.06],
						"1.1667": [0.11, 0.06, 0.13],
						"1.2333": [0.76, 0.22, 0.53],
						"1.2667": [0.91, 0.23, 0.52],
						"1.3333": [1.02, 0.19, 0.35],
						"1.3667": [0.79, 0.09, 0.05],
						"1.4333": [0.31, -0.02, -0.02],
						"1.5333": [-0.11, 0, 0.01],
						"1.5667": [0, 0, -0.05],
						"1.6333": [0.01, 0, -0.02],
						"1.6667": [0, 0, 0]
					}
				}
			},
			"sound_effects": {
				"0.0": {
					"effect": "wfoly_plr_sm_uzulu_raise_up"
				}
			}
		},
		"inspect": {
			"animation_length": 4.65,
			"bones": {
				"root": {
					"rotation": {
						"0.0": {
							"post": [0, 0, 0],
							"lerp_mode": "catmullrom"
						},
						"0.15": {
							"post": [1.41878, -32.6402, -30.55741],
							"lerp_mode": "catmullrom"
						},
						"0.3": {
							"post": [17.13043, -59.61932, -72.33833],
							"lerp_mode": "catmullrom"
						},
						"0.45": {
							"post": [28.975, -60.035, -87.94],
							"lerp_mode": "catmullrom"
						},
						"0.7": {
							"post": [30.92412, -59.90293, -87.91478],
							"lerp_mode": "catmullrom"
						},
						"1.05": {
							"post": [31.77, -60.36, -89.09],
							"lerp_mode": "catmullrom"
						},
						"1.25": {
							"post": [39.31625, -57.06039, -98.29279],
							"lerp_mode": "catmullrom"
						},
						"1.5": {
							"post": [37.75361, -58.30658, -47.22799],
							"lerp_mode": "catmullrom"
						},
						"1.65": {
							"post": [-5.05912, -40.0428, 31.58022],
							"lerp_mode": "catmullrom"
						},
						"1.75": {
							"post": [-18.47065, -27.5662, 45.61452],
							"lerp_mode": "catmullrom"
						},
						"2.0": [-27.5, -26.47, 41.64],
						"2.2": [-27.50171, -26.46955, 44.14481],
						"2.45": {
							"pre": [-24.68197, -26.04611, 40.53856],
							"post": [-24.68197, -26.04611, 40.53856],
							"lerp_mode": "catmullrom"
						},
						"2.65": {
							"post": [-29.48292, -26.58496, 38.47569],
							"lerp_mode": "catmullrom"
						},
						"2.9": {
							"post": [-27.5, -26.47, 33.14],
							"lerp_mode": "catmullrom"
						},
						"3.3": [-19.35297, -18.76744, 16.55302],
						"3.55": {
							"pre": [1.475, 0, 6.025],
							"post": [1.475, 0, 6.025],
							"lerp_mode": "catmullrom"
						},
						"3.65": {
							"post": [1.475, 0.975, -0.475],
							"lerp_mode": "catmullrom"
						},
						"3.75": {
							"post": [0.5, -0.975, 1.975],
							"lerp_mode": "catmullrom"
						},
						"3.9": {
							"post": [0.5, 0, 0.5],
							"lerp_mode": "catmullrom"
						},
						"4.1": {
							"post": [0, 0, 0],
							"lerp_mode": "catmullrom"
						}
					},
					"position": {
						"0.0": {
							"post": [0, 0, 0],
							"lerp_mode": "catmullrom"
						},
						"0.1": {
							"post": [-0.6, 0.22, 0.995],
							"lerp_mode": "catmullrom"
						},
						"0.3": {
							"post": [-0.75, 3.9875, 1.7],
							"lerp_mode": "catmullrom"
						},
						"0.45": {
							"post": [-0.9, 4.35, 1.7],
							"lerp_mode": "catmullrom"
						},
						"0.65": {
							"post": [-1.05, 4.3125, 1.6],
							"lerp_mode": "catmullrom"
						},
						"1.0": {
							"post": [-0.975, 4.4875, 1.6],
							"lerp_mode": "catmullrom"
						},
						"1.2": {
							"post": [-0.975, 4.7275, 1.5375],
							"lerp_mode": "catmullrom"
						},
						"1.55": {
							"post": [-1.025, 4.8425, 1.5375],
							"lerp_mode": "catmullrom"
						},
						"1.9": {
							"post": [-1.025, 4.7825, 1.54],
							"lerp_mode": "catmullrom"
						},
						"2.15": {
							"post": [-1.775, 4.105, 1.3525],
							"lerp_mode": "catmullrom"
						},
						"2.25": {
							"post": [-1.99385, 3.81172, 0.855],
							"lerp_mode": "catmullrom"
						},
						"2.45": {
							"post": [-2.50089, 3.68453, 0.855],
							"lerp_mode": "catmullrom"
						},
						"3.1": {
							"post": [-2.49562, 3.66909, 0.85],
							"lerp_mode": "catmullrom"
						},
						"3.65": {
							"post": [-0.0375, -0.2625, 0.2375],
							"lerp_mode": "catmullrom"
						},
						"4.25": {
							"post": [0, -0.0125, -0.0375],
							"lerp_mode": "catmullrom"
						},
						"4.55": {
							"post": [0, 0, 0],
							"lerp_mode": "catmullrom"
						}
					}
				},
				"righthand": {
					"rotation": {
						"0.0": [102.50037, -0.49241, -180.08683],
						"3.6": [102.50037, -0.49241, -180.08683]
					},
					"position": {
						"0.0": [-7.15, -12.2, -0.3],
						"3.6": [-7.15, -12.2, -0.3]
					},
					"scale": {
						"0.0": [1, 1.5, 1],
						"3.6": [1, 1.5, 1]
					}
				},
				"lefthand": {
					"scale": 0
				},
				"camera": {
					"rotation": {
						"0.0": {
							"post": [0, 0, 0],
							"lerp_mode": "catmullrom"
						},
						"0.15": {
							"post": [0.35, 0, -0.2],
							"lerp_mode": "catmullrom"
						},
						"0.35": {
							"post": [-0.8, 0, -0.7],
							"lerp_mode": "catmullrom"
						},
						"0.6": {
							"post": [-1.3, 0, -0.9],
							"lerp_mode": "catmullrom"
						},
						"0.95": {
							"post": [-1.2, 0, -0.7],
							"lerp_mode": "catmullrom"
						},
						"1.25": {
							"post": [3, 0, -0.7],
							"lerp_mode": "catmullrom"
						},
						"1.55": {
							"post": [4.7, 0, -0.7],
							"lerp_mode": "catmullrom"
						},
						"1.85": {
							"post": [5, 0, -0.7],
							"lerp_mode": "catmullrom"
						},
						"2.1": {
							"post": [3.2, 0, -0.7],
							"lerp_mode": "catmullrom"
						},
						"2.2": {
							"post": [4.53, -0.75, 0.525],
							"lerp_mode": "catmullrom"
						},
						"2.45": {
							"post": [5.3, -3.2, -0.325],
							"lerp_mode": "catmullrom"
						},
						"2.85": {
							"post": [5.7, -4.1, 0.6],
							"lerp_mode": "catmullrom"
						},
						"3.1": {
							"post": [5.66, -4.1, 0.6],
							"lerp_mode": "catmullrom"
						},
						"3.3": {
							"post": [4.9, -5.6, 0.6],
							"lerp_mode": "catmullrom"
						},
						"3.5": {
							"post": [4.54, -2.2, 0.3],
							"lerp_mode": "catmullrom"
						},
						"3.75": {
							"post": [0.5, -0.2, 0.2],
							"lerp_mode": "catmullrom"
						},
						"4.0": {
							"post": [0.4, 0.09, -0.1],
							"lerp_mode": "catmullrom"
						},
						"4.2": {
							"post": [0.11, 0, 0.225],
							"lerp_mode": "catmullrom"
						},
						"4.3": {
							"post": [0, 0.25, -0.06],
							"lerp_mode": "catmullrom"
						},
						"4.35": {
							"post": [-0.125, 0.1, -0.05],
							"lerp_mode": "catmullrom"
						},
						"4.5": {
							"post": [-0.075, 0, -0.15],
							"lerp_mode": "catmullrom"
						},
						"4.65": {
							"post": [0, 0, 0],
							"lerp_mode": "catmullrom"
						},
						"4.85": {
							"post": [0, 0, 0],
							"lerp_mode": "catmullrom"
						}
					}
				}
			}
		},
		"inspect_empty": {
			"animation_length": 4.65,
			"bones": {
				"root": {
					"rotation": {
						"0.0": {
							"post": [0, 0, 0],
							"lerp_mode": "catmullrom"
						},
						"0.15": {
							"post": [1.41878, -32.6402, -30.55741],
							"lerp_mode": "catmullrom"
						},
						"0.3": {
							"post": [17.13043, -59.61932, -72.33833],
							"lerp_mode": "catmullrom"
						},
						"0.45": {
							"post": [28.975, -60.035, -87.94],
							"lerp_mode": "catmullrom"
						},
						"0.7": {
							"post": [30.92412, -59.90293, -87.91478],
							"lerp_mode": "catmullrom"
						},
						"1.05": {
							"post": [31.77, -60.36, -89.09],
							"lerp_mode": "catmullrom"
						},
						"1.25": {
							"post": [39.31625, -57.06039, -98.29279],
							"lerp_mode": "catmullrom"
						},
						"1.5": {
							"post": [37.75361, -58.30658, -47.22799],
							"lerp_mode": "catmullrom"
						},
						"1.65": {
							"post": [-5.05912, -40.0428, 31.58022],
							"lerp_mode": "catmullrom"
						},
						"1.75": {
							"post": [-18.47065, -27.5662, 45.61452],
							"lerp_mode": "catmullrom"
						},
						"2.0": [-27.5, -26.47, 41.64],
						"2.2": [-27.50171, -26.46955, 44.14481],
						"2.45": {
							"pre": [-24.68197, -26.04611, 40.53856],
							"post": [-24.68197, -26.04611, 40.53856],
							"lerp_mode": "catmullrom"
						},
						"2.65": {
							"post": [-29.48292, -26.58496, 38.47569],
							"lerp_mode": "catmullrom"
						},
						"2.9": {
							"post": [-27.5, -26.47, 33.14],
							"lerp_mode": "catmullrom"
						},
						"3.3": [-19.35297, -18.76744, 16.55302],
						"3.55": {
							"pre": [1.475, 0, 6.025],
							"post": [1.475, 0, 6.025],
							"lerp_mode": "catmullrom"
						},
						"3.65": {
							"post": [1.475, 0.975, -0.475],
							"lerp_mode": "catmullrom"
						},
						"3.75": {
							"post": [0.5, -0.975, 1.975],
							"lerp_mode": "catmullrom"
						},
						"3.9": {
							"post": [0.5, 0, 0.5],
							"lerp_mode": "catmullrom"
						},
						"4.1": {
							"post": [0, 0, 0],
							"lerp_mode": "catmullrom"
						}
					},
					"position": {
						"0.0": {
							"post": [0, 0, 0],
							"lerp_mode": "catmullrom"
						},
						"0.1": {
							"post": [-0.6, 0.22, 0.995],
							"lerp_mode": "catmullrom"
						},
						"0.3": {
							"post": [-0.75, 3.9875, 1.7],
							"lerp_mode": "catmullrom"
						},
						"0.45": {
							"post": [-0.9, 4.35, 1.7],
							"lerp_mode": "catmullrom"
						},
						"0.65": {
							"post": [-1.05, 4.3125, 1.6],
							"lerp_mode": "catmullrom"
						},
						"1.0": {
							"post": [-0.975, 4.4875, 1.6],
							"lerp_mode": "catmullrom"
						},
						"1.2": {
							"post": [-0.975, 4.7275, 1.5375],
							"lerp_mode": "catmullrom"
						},
						"1.55": {
							"post": [-1.025, 4.8425, 1.5375],
							"lerp_mode": "catmullrom"
						},
						"1.9": {
							"post": [-1.025, 4.7825, 1.54],
							"lerp_mode": "catmullrom"
						},
						"2.15": {
							"post": [-1.775, 4.105, 1.3525],
							"lerp_mode": "catmullrom"
						},
						"2.25": {
							"post": [-1.99385, 3.81172, 0.855],
							"lerp_mode": "catmullrom"
						},
						"2.45": {
							"post": [-2.50089, 3.68453, 0.855],
							"lerp_mode": "catmullrom"
						},
						"3.1": {
							"post": [-2.49562, 3.66909, 0.85],
							"lerp_mode": "catmullrom"
						},
						"3.65": {
							"post": [-0.0375, -0.2625, 0.2375],
							"lerp_mode": "catmullrom"
						},
						"4.25": {
							"post": [0, -0.0125, -0.0375],
							"lerp_mode": "catmullrom"
						},
						"4.55": {
							"post": [0, 0, 0],
							"lerp_mode": "catmullrom"
						}
					}
				},
				"righthand": {
					"rotation": {
						"0.0": [102.50037, -0.49241, -180.08683],
						"3.6": [102.50037, -0.49241, -180.08683]
					},
					"position": {
						"0.0": [-7.15, -12.2, -0.3],
						"3.6": [-7.15, -12.2, -0.3]
					},
					"scale": {
						"0.0": [1, 1.5, 1],
						"3.6": [1, 1.5, 1]
					}
				},
				"lefthand": {
					"scale": 0
				},
				"camera": {
					"rotation": {
						"0.0": {
							"post": [0, 0, 0],
							"lerp_mode": "catmullrom"
						},
						"0.15": {
							"post": [0.35, 0, -0.2],
							"lerp_mode": "catmullrom"
						},
						"0.35": {
							"post": [-0.8, 0, -0.7],
							"lerp_mode": "catmullrom"
						},
						"0.6": {
							"post": [-1.3, 0, -0.9],
							"lerp_mode": "catmullrom"
						},
						"0.95": {
							"post": [-1.2, 0, -0.7],
							"lerp_mode": "catmullrom"
						},
						"1.25": {
							"post": [3, 0, -0.7],
							"lerp_mode": "catmullrom"
						},
						"1.55": {
							"post": [4.7, 0, -0.7],
							"lerp_mode": "catmullrom"
						},
						"1.85": {
							"post": [5, 0, -0.7],
							"lerp_mode": "catmullrom"
						},
						"2.1": {
							"post": [3.2, 0, -0.7],
							"lerp_mode": "catmullrom"
						},
						"2.2": {
							"post": [4.53, -0.75, 0.525],
							"lerp_mode": "catmullrom"
						},
						"2.45": {
							"post": [5.3, -3.2, -0.325],
							"lerp_mode": "catmullrom"
						},
						"2.85": {
							"post": [5.7, -4.1, 0.6],
							"lerp_mode": "catmullrom"
						},
						"3.1": {
							"post": [5.66, -4.1, 0.6],
							"lerp_mode": "catmullrom"
						},
						"3.3": {
							"post": [4.9, -5.6, 0.6],
							"lerp_mode": "catmullrom"
						},
						"3.5": {
							"post": [4.54, -2.2, 0.3],
							"lerp_mode": "catmullrom"
						},
						"3.75": {
							"post": [0.5, -0.2, 0.2],
							"lerp_mode": "catmullrom"
						},
						"4.0": {
							"post": [0.4, 0.09, -0.1],
							"lerp_mode": "catmullrom"
						},
						"4.2": {
							"post": [0.11, 0, 0.225],
							"lerp_mode": "catmullrom"
						},
						"4.3": {
							"post": [0, 0.25, -0.06],
							"lerp_mode": "catmullrom"
						},
						"4.35": {
							"post": [-0.125, 0.1, -0.05],
							"lerp_mode": "catmullrom"
						},
						"4.5": {
							"post": [-0.075, 0, -0.15],
							"lerp_mode": "catmullrom"
						},
						"4.65": {
							"post": [0, 0, 0],
							"lerp_mode": "catmullrom"
						},
						"4.85": {
							"post": [0, 0, 0],
							"lerp_mode": "catmullrom"
						}
					}
				}
			}
		},
		"shoot": {
			"loop": true,
			"animation_length": 2.2,
			"bones": {
				"root": {
					"rotation": {
						"0.0": {
							"post": [0, 0, 0],
							"lerp_mode": "catmullrom"
						},
						"0.0667": {
							"post": [3.49069, 0.15232, -6.99835],
							"lerp_mode": "catmullrom"
						},
						"0.1333": {
							"post": [-8.32024, 1.33042, 5.79388],
							"lerp_mode": "catmullrom"
						},
						"0.2": {
							"post": [-19.38564, -0.61289, -1.91761],
							"lerp_mode": "catmullrom"
						},
						"0.2667": {
							"post": [-20.3263, -0.64862, -3.1926],
							"lerp_mode": "catmullrom"
						},
						"0.4": {
							"post": [-20.66448, -0.95049, 1.89646],
							"lerp_mode": "catmullrom"
						},
						"0.6": {
							"post": [-18.42425, 0.27786, 0.43549],
							"lerp_mode": "catmullrom"
						},
						"0.8667": {
							"post": [-1.26932, -0.21405, -0.46178],
							"lerp_mode": "catmullrom"
						},
						"1.0": {
							"post": [2.65012, 0.076, 0.12379],
							"lerp_mode": "catmullrom"
						},
						"1.3333": {
							"post": [-1.01, 0.07, 0.09],
							"lerp_mode": "catmullrom"
						},
						"1.6667": {
							"post": [0.04509, 0.01634, -0.04605],
							"lerp_mode": "catmullrom"
						},
						"2.1333": {
							"post": [0, 0, 0],
							"lerp_mode": "catmullrom"
						}
					},
					"position": {
						"0.0": {
							"post": [0, 0, 0],
							"lerp_mode": "catmullrom"
						},
						"0.0667": {
							"post": [0, -0.75, 3.2],
							"lerp_mode": "catmullrom"
						},
						"0.1333": {
							"post": [0, 0.675, 3.455],
							"lerp_mode": "catmullrom"
						},
						"0.2667": {
							"post": [-0.125, 1.18, 3.525],
							"lerp_mode": "catmullrom"
						},
						"0.4": {
							"post": [-0.075, 0.51, 3.245],
							"lerp_mode": "catmullrom"
						},
						"0.6": {
							"post": [0, -0.47, 2.015],
							"lerp_mode": "catmullrom"
						},
						"0.9333": {
							"post": [0, -0.78, 0.405],
							"lerp_mode": "catmullrom"
						},
						"1.2": {
							"post": [0, -0.415, -0.19],
							"lerp_mode": "catmullrom"
						},
						"1.4": {
							"post": [0, -0.15, 0.1],
							"lerp_mode": "catmullrom"
						},
						"1.6667": {
							"post": [0.03125, -0.17, -0.03],
							"lerp_mode": "catmullrom"
						},
						"2.1333": {
							"post": [0, 0, 0],
							"lerp_mode": "catmullrom"
						}
					}
				},
				"camera": {
					"rotation": {
						"0.0": {
							"post": [0, 0, 4.71475],
							"lerp_mode": "catmullrom"
						},
						"0.0667": {
							"post": [0, 0, -4.21936],
							"lerp_mode": "catmullrom"
						},
						"0.1333": {
							"post": [0, 0, -2.93255],
							"lerp_mode": "catmullrom"
						},
						"0.2": {
							"post": [0, 0, 1.71412],
							"lerp_mode": "catmullrom"
						},
						"0.2667": {
							"post": [0, 0, -1.79115],
							"lerp_mode": "catmullrom"
						},
						"0.3333": {
							"post": [0, 0, 1.025],
							"lerp_mode": "catmullrom"
						},
						"0.4": {
							"post": [0, 0, -0.9375],
							"lerp_mode": "catmullrom"
						},
						"0.5333": {
							"post": [0, 0, 0.5],
							"lerp_mode": "catmullrom"
						},
						"0.6": {
							"post": [0.12, 0, -0.27],
							"lerp_mode": "catmullrom"
						},
						"0.7333": {
							"post": [0.34, 0, 0.17],
							"lerp_mode": "catmullrom"
						},
						"0.9333": {
							"post": [0.5, 0, -0.17827],
							"lerp_mode": "catmullrom"
						},
						"1.0667": {
							"post": [0.26, 0, 0.1],
							"lerp_mode": "catmullrom"
						},
						"1.4": {
							"post": [-0.25066, 0, -0.11924],
							"lerp_mode": "catmullrom"
						},
						"2.1333": {
							"post": [0, 0, 0],
							"lerp_mode": "catmullrom"
						}
					}
				}
			}
		}
	}
}