{
	"format_version": "1.12.0",
	"minecraft:geometry": [
		{
			"description": {
				"identifier": "geometry..45_round - Converted",
				"texture_width": 16,
				"texture_height": 16,
				"visible_bounds_width": 2,
				"visible_bounds_height": 1.5,
				"visible_bounds_offset": [0, 0.25, 0]
			},
			"bones": [
				{
					"name": "2",
					"pivot": [0, 7.31, -0.365]
				},
				{
					"name": "76225",
					"parent": "2",
					"pivot": [8, -0.69, -8.365],
					"cubes": [
						{
							"origin": [-0.21875, -0.21875, -0.74531],
							"size": [0.4375, 0.4375, 1.0625],
							"uv": {
								"north": {"uv": [5, 4], "uv_size": [0.5, 0.5]},
								"east": {"uv": [2, 3], "uv_size": [1.125, 0.5]},
								"south": {"uv": [6, 0], "uv_size": [0.5, 0.5]},
								"west": {"uv": [4, 0], "uv_size": [1.125, 0.5]},
								"up": {"uv": [4, 1], "uv_size": [0.5, 1.125]},
								"down": {"uv": [2, 5.125], "uv_size": [0.5, -1.125]}
							}
						},
						{
							"origin": [-0.09375, -0.09375, -0.74531],
							"size": [0.1875, 0.1875, 1.15625],
							"uv": {
								"north": {"uv": [5, 4], "uv_size": [0.5, 0.5]},
								"east": {"uv": [2, 3], "uv_size": [1.125, 0.5]},
								"south": {"uv": [6, 0], "uv_size": [0.5, 0.5]},
								"west": {"uv": [4, 0], "uv_size": [1.125, 0.5]},
								"up": {"uv": [4, 1], "uv_size": [0.5, 1.125]},
								"down": {"uv": [2, 5.125], "uv_size": [0.5, -1.125]}
							}
						},
						{
							"origin": [-0.12944, -0.3125, -0.875],
							"size": [0.25888, 0.625, 1.0625],
							"pivot": [0, 0, -0.375],
							"rotation": [0, 0, 45],
							"uv": {
								"north": {"uv": [2, 6], "uv_size": [0.25, 0.625]},
								"east": {"uv": [0, 0], "uv_size": [1.125, 0.625]},
								"south": {"uv": [3, 6], "uv_size": [0.25, 0.625]},
								"west": {"uv": [0, 1], "uv_size": [1.125, 0.625]},
								"up": {"uv": [3, 4], "uv_size": [0.25, 1.125]},
								"down": {"uv": [4, 4.125], "uv_size": [0.25, -1.125]}
							}
						},
						{
							"origin": [-0.12944, -0.3125, -0.875],
							"size": [0.25888, 0.625, 1.0625],
							"uv": {
								"north": {"uv": [4, 6], "uv_size": [0.25, 0.625]},
								"east": {"uv": [0, 2], "uv_size": [1.125, 0.625]},
								"south": {"uv": [6, 4], "uv_size": [0.25, 0.625]},
								"west": {"uv": [2, 0], "uv_size": [1.125, 0.625]},
								"up": {"uv": [0, 5], "uv_size": [0.25, 1.125]},
								"down": {"uv": [1, 6.125], "uv_size": [0.25, -1.125]}
							}
						},
						{
							"origin": [-0.3125, -0.12944, -0.875],
							"size": [0.625, 0.25888, 1.0625],
							"pivot": [0, 0, -0.375],
							"rotation": [0, 0, 45],
							"uv": {
								"north": {"uv": [5, 6], "uv_size": [0.625, 0.25]},
								"east": {"uv": [5, 1], "uv_size": [1.125, 0.25]},
								"south": {"uv": [6, 5], "uv_size": [0.625, 0.25]},
								"west": {"uv": [5, 2], "uv_size": [1.125, 0.25]},
								"up": {"uv": [2, 1], "uv_size": [0.625, 1.125]},
								"down": {"uv": [0, 4.125], "uv_size": [0.625, -1.125]}
							}
						},
						{
							"origin": [-0.3125, -0.12944, -0.875],
							"size": [0.625, 0.25888, 1.0625],
							"uv": {
								"north": {"uv": [6, 6], "uv_size": [0.625, 0.25]},
								"east": {"uv": [5, 3], "uv_size": [1.125, 0.25]},
								"south": {"uv": [0, 7], "uv_size": [0.625, 0.25]},
								"west": {"uv": [4, 5], "uv_size": [1.125, 0.25]},
								"up": {"uv": [1, 3], "uv_size": [0.625, 1.125]},
								"down": {"uv": [3, 2.125], "uv_size": [0.625, -1.125]}
							}
						},
						{
							"origin": [-0.12944, -0.3125, 0.28906],
							"size": [0.25888, 0.625, 0.08594],
							"uv": {
								"north": {"uv": [7, 3], "uv_size": [0.25, 0.625]},
								"east": {"uv": [0, 8], "uv_size": [0.125, 0.625]},
								"south": {"uv": [4, 7], "uv_size": [0.25, 0.625]},
								"west": {"uv": [8, 0], "uv_size": [0.125, 0.625]},
								"up": {"uv": [4, 8], "uv_size": [0.25, 0.125]},
								"down": {"uv": [8, 4.125], "uv_size": [0.25, -0.125]}
							}
						},
						{
							"origin": [-0.3125, -0.12944, 0.28906],
							"size": [0.625, 0.25888, 0.08594],
							"pivot": [0, 0, -0.21094],
							"rotation": [0, 0, 45],
							"uv": {
								"north": {"uv": [7, 2], "uv_size": [0.625, 0.25]},
								"east": {"uv": [3, 8], "uv_size": [0.125, 0.25]},
								"south": {"uv": [3, 7], "uv_size": [0.625, 0.25]},
								"west": {"uv": [8, 3], "uv_size": [0.125, 0.25]},
								"up": {"uv": [7, 6], "uv_size": [0.625, 0.125]},
								"down": {"uv": [7, 7.125], "uv_size": [0.625, -0.125]}
							}
						},
						{
							"origin": [-0.3125, -0.12944, 0.28906],
							"size": [0.625, 0.25888, 0.08594],
							"uv": {
								"north": {"uv": [7, 1], "uv_size": [0.625, 0.25]},
								"east": {"uv": [2, 8], "uv_size": [0.125, 0.25]},
								"south": {"uv": [2, 7], "uv_size": [0.625, 0.25]},
								"west": {"uv": [8, 2], "uv_size": [0.125, 0.25]},
								"up": {"uv": [7, 5], "uv_size": [0.625, 0.125]},
								"down": {"uv": [6, 7.125], "uv_size": [0.625, -0.125]}
							}
						},
						{
							"origin": [-0.12944, -0.3125, 0.28906],
							"size": [0.25888, 0.625, 0.08594],
							"pivot": [0, 0, -0.21094],
							"rotation": [0, 0, 45],
							"uv": {
								"north": {"uv": [7, 0], "uv_size": [0.25, 0.625]},
								"east": {"uv": [7, 4], "uv_size": [0.125, 0.625]},
								"south": {"uv": [1, 7], "uv_size": [0.25, 0.625]},
								"west": {"uv": [5, 7], "uv_size": [0.125, 0.625]},
								"up": {"uv": [1, 8], "uv_size": [0.25, 0.125]},
								"down": {"uv": [8, 1.125], "uv_size": [0.25, -0.125]}
							}
						}
					]
				}
			]
		}
	]
}