{
	"format_version": "1.12.0",
	"minecraft:geometry": [
		{
			"description": {
				"identifier": "geometry.laser_an_peq15",
				"texture_width": 16,
				"texture_height": 16,
				"visible_bounds_width": 2,
				"visible_bounds_height": 1.5,
				"visible_bounds_offset": [0, 0.25, 0]
			},
			"bones": [
				{
					"name": "laser_module",
					"pivot": [-18.01691, -1.625, -0.25]
				},
				{
					"name": "laser_illuminated",
					"parent": "laser_module",
					"pivot": [-0.56312, 0.50925, -1.61975],
					"cubes": [
						{
							"origin": [-0.62562, 0.44675, -0.68225],
							"size": [0.0625, 0.125, 0.125],
							"inflate": 0.001,
							"pivot": [-0.56312, 0.50925, -0.61975],
							"rotation": [0, 90, -135],
							"uv": {
								"north": {"uv": [0, 0], "uv_size": [1, 1]},
								"east": {"uv": [0, 2], "uv_size": [1, 1]},
								"south": {"uv": [2, 0], "uv_size": [1, 1]},
								"west": {"uv": [2, 2], "uv_size": [1, 1]},
								"up": {"uv": [0, 4], "uv_size": [1, 1]},
								"down": {"uv": [4, 1], "uv_size": [1, -1]}
							}
						}
					]
				},
				{
					"name": "laser_beam",
					"pivot": [-0.5625, 0.51563, -0.625]
				}
			]
		}
	]
}