{
	"format_version": "1.12.0",
	"minecraft:geometry": [
		{
			"description": {
				"identifier": "geometry.unknown",
				"texture_width": 128,
				"texture_height": 128,
				"visible_bounds_width": 45,
				"visible_bounds_height": 25,
				"visible_bounds_offset": [0, -2.5, 0]
			},
			"bones": [
				{
					"name": "bb_main",
					"pivot": [0, 0, 0]
				},
				{
					"name": "scope_body",
					"pivot": [0, -2.75, 0]
				},
				{
					"name": "ammo_count_text",
					"parent": "scope_body",
					"pivot": [-0.5, 1.75, 1.875]
				},
				{
					"name": "custom_text_ammo",
					"parent": "scope_body",
					"pivot": [-0.375, 1.75, 1.875]
				},
				{
					"name": "base",
					"parent": "scope_body",
					"pivot": [0, 0, 0],
					"cubes": [
						{
							"origin": [-0.65625, 1.89788, 0.32604],
							"size": [1.3125, 0.07087, 0.33021],
							"pivot": [0, 1.95313, 1],
							"rotation": [30, 0, 0],
							"uv": {
								"north": {"uv": [46, 34], "uv_size": [1.25, 0.25]},
								"east": {"uv": [54, 56], "uv_size": [0.25, 0.25]},
								"south": {"uv": [35, 46], "uv_size": [1.25, 0.25]},
								"west": {"uv": [56, 54], "uv_size": [0.25, 0.25]},
								"up": {"uv": [38, 46], "uv_size": [1.25, 0.25]},
								"down": {"uv": [46, 42.25], "uv_size": [1.25, -0.25]}
							}
						},
						{
							"origin": [-0.90625, 1.125, -4.84375],
							"size": [1.8125, 0.53125, 5.25],
							"uv": {
								"north": {"uv": [37, 12], "uv_size": [1.25, 0.5]},
								"east": {"uv": [24, 11], "uv_size": [3.75, 0.5]},
								"south": {"uv": [37, 14], "uv_size": [1.25, 0.5]},
								"west": {"uv": [25, 0], "uv_size": [3.75, 0.5]},
								"up": {"uv": [11, 16], "uv_size": [1.25, 3.75]},
								"down": {"uv": [17, 17.75], "uv_size": [1.25, -3.75]}
							}
						},
						{
							"origin": [-0.90625, 1.17931, -4.98957],
							"size": [1.8125, 0.41681, 0.23675],
							"pivot": [0, 1.42425, -4.81532],
							"rotation": [30, 0, 0],
							"uv": {
								"north": {"uv": [46, 44], "uv_size": [1.25, 0.25]},
								"east": {"uv": [56, 56], "uv_size": [0.25, 0.25]},
								"south": {"uv": [46, 46], "uv_size": [1.25, 0.25]},
								"west": {"uv": [0, 57], "uv_size": [0.25, 0.25]},
								"up": {"uv": [47, 0], "uv_size": [1.25, 0.25]},
								"down": {"uv": [47, 2.25], "uv_size": [1.25, -0.25]}
							}
						},
						{
							"origin": [-0.90625, 1.47018, -5.09512],
							"size": [1.8125, 0.40477, 0.21312],
							"pivot": [0, 1.51688, -4.97575],
							"rotation": [60, 0, 0],
							"uv": {
								"north": {"uv": [44, 38], "uv_size": [1.25, 0.25]},
								"east": {"uv": [34, 52], "uv_size": [0.25, 0.25]},
								"south": {"uv": [45, 10], "uv_size": [1.25, 0.25]},
								"west": {"uv": [36, 52], "uv_size": [0.25, 0.25]},
								"up": {"uv": [26, 45], "uv_size": [1.25, 0.25]},
								"down": {"uv": [45, 28.25], "uv_size": [1.25, -0.25]}
							}
						},
						{
							"origin": [-0.90625, 1.47018, 0.4445],
							"size": [1.8125, 0.40477, 0.21312],
							"pivot": [0, 1.51688, 0.53825],
							"rotation": [-60, 0, 0],
							"uv": {
								"north": {"uv": [46.25, 10], "uv_size": [-1.25, 0.25]},
								"east": {"uv": [34.25, 52], "uv_size": [-0.25, 0.25]},
								"south": {"uv": [45.25, 38], "uv_size": [-1.25, 0.25]},
								"west": {"uv": [36.25, 52], "uv_size": [-0.25, 0.25]},
								"up": {"uv": [26, 45.25], "uv_size": [1.25, -0.25]},
								"down": {"uv": [45, 28], "uv_size": [1.25, 0.25]}
							}
						},
						{
							"origin": [-0.90625, 1.17931, 0.31532],
							"size": [1.8125, 0.41681, 0.23675],
							"pivot": [0, 1.42425, 0.37782],
							"rotation": [-30, 0, 0],
							"uv": {
								"north": {"uv": [47.25, 46], "uv_size": [-1.25, 0.25]},
								"east": {"uv": [56.25, 56], "uv_size": [-0.25, 0.25]},
								"south": {"uv": [47.25, 44], "uv_size": [-1.25, 0.25]},
								"west": {"uv": [0.25, 57], "uv_size": [-0.25, 0.25]},
								"up": {"uv": [47, 0.25], "uv_size": [1.25, -0.25]},
								"down": {"uv": [47, 2], "uv_size": [1.25, 0.25]}
							}
						}
					]
				},
				{
					"name": "pink",
					"parent": "base",
					"pivot": [0, 0, 0],
					"cubes": [
						{
							"origin": [1.3125, -1.33125, -0.94375],
							"size": [0.375, 0.5, 0.5],
							"pivot": [2, -1.1125, -0.725],
							"rotation": [45, 0, 0],
							"uv": {
								"north": {"uv": [30, 47], "uv_size": [0.5, 0.5]},
								"east": {"uv": [32, 47], "uv_size": [0.5, 0.5]},
								"south": {"uv": [47, 36], "uv_size": [0.5, 0.5]},
								"west": {"uv": [47, 38], "uv_size": [0.5, 0.5]},
								"up": {"uv": [41, 47], "uv_size": [0.5, 0.5]},
								"down": {"uv": [43, 47.5], "uv_size": [0.5, -0.5]}
							}
						},
						{
							"origin": [-1.6875, -1.33125, -0.94375],
							"size": [0.375, 0.5, 0.5],
							"pivot": [-2, -1.1125, -0.725],
							"rotation": [45, 0, 0],
							"uv": {
								"north": {"uv": [30.5, 47], "uv_size": [-0.5, 0.5]},
								"east": {"uv": [47.5, 38], "uv_size": [-0.5, 0.5]},
								"south": {"uv": [47.5, 36], "uv_size": [-0.5, 0.5]},
								"west": {"uv": [32.5, 47], "uv_size": [-0.5, 0.5]},
								"up": {"uv": [41.5, 47], "uv_size": [-0.5, 0.5]},
								"down": {"uv": [43.5, 47.5], "uv_size": [-0.5, -0.5]}
							}
						},
						{
							"origin": [-1.4375, -1.20625, -0.85],
							"size": [2.875, 0.3125, 0.3125],
							"pivot": [0.75, -1.08125, -0.725],
							"rotation": [45, 0, 0],
							"uv": {
								"north": {"uv": [38, 42], "uv_size": [1.5, 0.25]},
								"east": {"uv": [10, 52], "uv_size": [0.25, 0.25]},
								"south": {"uv": [42, 40], "uv_size": [1.5, 0.25]},
								"up": {"uv": [41, 42], "uv_size": [1.5, 0.25]},
								"down": {"uv": [3, 43.25], "uv_size": [1.5, -0.25]}
							}
						},
						{
							"origin": [-1.6875, -1.26875, -9.38125],
							"size": [0.375, 0.5, 0.5],
							"pivot": [-2, -1.05, -9.1625],
							"rotation": [45, 0, 0],
							"uv": {
								"north": {"uv": [30.5, 47], "uv_size": [-0.5, 0.5]},
								"east": {"uv": [47.5, 38], "uv_size": [-0.5, 0.5]},
								"south": {"uv": [47.5, 36], "uv_size": [-0.5, 0.5]},
								"west": {"uv": [32.5, 47], "uv_size": [-0.5, 0.5]},
								"up": {"uv": [41.5, 47], "uv_size": [-0.5, 0.5]},
								"down": {"uv": [43.5, 47.5], "uv_size": [-0.5, -0.5]}
							}
						},
						{
							"origin": [1.3125, -1.26875, -9.38125],
							"size": [0.375, 0.5, 0.5],
							"pivot": [2, -1.05, -9.1625],
							"rotation": [45, 0, 0],
							"uv": {
								"north": {"uv": [30, 47], "uv_size": [0.5, 0.5]},
								"east": {"uv": [32, 47], "uv_size": [0.5, 0.5]},
								"south": {"uv": [47, 36], "uv_size": [0.5, 0.5]},
								"west": {"uv": [47, 38], "uv_size": [0.5, 0.5]},
								"up": {"uv": [41, 47], "uv_size": [0.5, 0.5]},
								"down": {"uv": [43, 47.5], "uv_size": [0.5, -0.5]}
							}
						},
						{
							"origin": [-1.4375, -1.14375, -9.2875],
							"size": [2.875, 0.3125, 0.3125],
							"pivot": [0.75, -1.01875, -9.1625],
							"rotation": [45, 0, 0],
							"uv": {
								"north": {"uv": [38, 42], "uv_size": [1.5, 0.25]},
								"east": {"uv": [10, 52], "uv_size": [0.25, 0.25]},
								"south": {"uv": [42, 40], "uv_size": [1.5, 0.25]},
								"up": {"uv": [41, 42], "uv_size": [1.5, 0.25]},
								"down": {"uv": [3, 43.25], "uv_size": [1.5, -0.25]}
							}
						}
					]
				},
				{
					"name": "leg",
					"parent": "base",
					"pivot": [0, 0, 0],
					"cubes": [
						{
							"origin": [0.78906, -6.37731, -5.66261],
							"size": [0.40625, 5.78125, 0.4375],
							"pivot": [0.99219, -0.46581, -3.35611],
							"rotation": [-65, 0, -10],
							"uv": {
								"north": {"uv": [27, 42], "uv_size": [0.25, 1.5]},
								"east": {"uv": [32, 36], "uv_size": [0.5, 1.5]},
								"south": {"uv": [6, 43], "uv_size": [0.25, 1.5]},
								"west": {"uv": [34, 36], "uv_size": [0.5, 1.5]},
								"up": {"uv": [23, 49], "uv_size": [0.25, 0.5]},
								"down": {"uv": [49, 24.5], "uv_size": [0.25, -0.5]}
							}
						},
						{
							"origin": [0.78906, -0.84606, -4.10114],
							"size": [0.40625, 2.21875, 0.4375],
							"pivot": [0.99219, -0.46581, -3.35611],
							"rotation": [10, 0, -10],
							"uv": {
								"north": {"uv": [27, 42], "uv_size": [0.25, 1.5]},
								"east": {"uv": [32, 36], "uv_size": [0.5, 1.5]},
								"south": {"uv": [6, 43], "uv_size": [0.25, 1.5]},
								"west": {"uv": [34, 36], "uv_size": [0.5, 1.5]},
								"up": {"uv": [23, 49], "uv_size": [0.25, 0.5]},
								"down": {"uv": [49, 24.5], "uv_size": [0.25, -0.5]}
							}
						},
						{
							"origin": [0.78906, -2.30272, 0.0299],
							"size": [0.40625, 2.40625, 0.4375],
							"pivot": [0.99219, -0.46581, -3.35611],
							"rotation": [20, 0, -10],
							"uv": {
								"north": {"uv": [27, 42], "uv_size": [0.25, 1.5]},
								"east": {"uv": [32, 36], "uv_size": [0.5, 1.5]},
								"south": {"uv": [6, 43], "uv_size": [0.25, 1.5]},
								"west": {"uv": [34, 36], "uv_size": [0.5, 1.5]},
								"up": {"uv": [23, 49], "uv_size": [0.25, 0.5]},
								"down": {"uv": [49, 24.5], "uv_size": [0.25, -0.5]}
							}
						},
						{
							"origin": [0.78906, -0.89706, -3.23169],
							"size": [0.40625, 3.9375, 0.4375],
							"pivot": [0.99219, -0.46581, -3.35611],
							"rotation": [-55, 0, -10],
							"uv": {
								"north": {"uv": [27, 42], "uv_size": [0.25, 1.5]},
								"east": {"uv": [32, 36], "uv_size": [0.5, 1.5]},
								"south": {"uv": [6, 43], "uv_size": [0.25, 1.5]},
								"west": {"uv": [34, 36], "uv_size": [0.5, 1.5]},
								"up": {"uv": [23, 49], "uv_size": [0.25, 0.5]},
								"down": {"uv": [49, 24.5], "uv_size": [0.25, -0.5]}
							}
						},
						{
							"origin": [0.78906, -6.79822, -2.9482],
							"size": [0.40625, 10.5625, 0.4375],
							"pivot": [0.99219, -0.46581, -3.35611],
							"rotation": [-90, 0, -10],
							"uv": {
								"north": {"uv": [27, 42], "uv_size": [0.25, 1.5]},
								"east": {"uv": [32, 36], "uv_size": [0.5, 1.5]},
								"south": {"uv": [6, 43], "uv_size": [0.25, 1.5]},
								"west": {"uv": [34, 36], "uv_size": [0.5, 1.5]},
								"up": {"uv": [23, 49], "uv_size": [0.25, 0.5]},
								"down": {"uv": [49, 24.5], "uv_size": [0.25, -0.5]}
							}
						},
						{
							"origin": [-1.19531, -2.30272, 0.0299],
							"size": [0.40625, 2.40625, 0.4375],
							"pivot": [-0.99219, -0.46581, -3.35611],
							"rotation": [20, 0, 10],
							"uv": {
								"north": {"uv": [27.25, 42], "uv_size": [-0.25, 1.5]},
								"east": {"uv": [34.5, 36], "uv_size": [-0.5, 1.5]},
								"south": {"uv": [6.25, 43], "uv_size": [-0.25, 1.5]},
								"west": {"uv": [32.5, 36], "uv_size": [-0.5, 1.5]},
								"up": {"uv": [23.25, 49], "uv_size": [-0.25, 0.5]},
								"down": {"uv": [49.25, 24.5], "uv_size": [-0.25, -0.5]}
							}
						},
						{
							"origin": [-1.19531, -0.89706, -3.23169],
							"size": [0.40625, 3.9375, 0.4375],
							"pivot": [-0.99219, -0.46581, -3.35611],
							"rotation": [-55, 0, 10],
							"uv": {
								"north": {"uv": [27.25, 42], "uv_size": [-0.25, 1.5]},
								"east": {"uv": [34.5, 36], "uv_size": [-0.5, 1.5]},
								"south": {"uv": [6.25, 43], "uv_size": [-0.25, 1.5]},
								"west": {"uv": [32.5, 36], "uv_size": [-0.5, 1.5]},
								"up": {"uv": [23.25, 49], "uv_size": [-0.25, 0.5]},
								"down": {"uv": [49.25, 24.5], "uv_size": [-0.25, -0.5]}
							}
						},
						{
							"origin": [-1.19531, -0.84606, -4.10114],
							"size": [0.40625, 2.21875, 0.4375],
							"pivot": [-0.99219, -0.46581, -3.35611],
							"rotation": [10, 0, 10],
							"uv": {
								"north": {"uv": [27.25, 42], "uv_size": [-0.25, 1.5]},
								"east": {"uv": [34.5, 36], "uv_size": [-0.5, 1.5]},
								"south": {"uv": [6.25, 43], "uv_size": [-0.25, 1.5]},
								"west": {"uv": [32.5, 36], "uv_size": [-0.5, 1.5]},
								"up": {"uv": [23.25, 49], "uv_size": [-0.25, 0.5]},
								"down": {"uv": [49.25, 24.5], "uv_size": [-0.25, -0.5]}
							}
						},
						{
							"origin": [-1.19531, -6.79822, -2.9482],
							"size": [0.40625, 10.5625, 0.4375],
							"pivot": [-0.99219, -0.46581, -3.35611],
							"rotation": [-90, 0, 10],
							"uv": {
								"north": {"uv": [27.25, 42], "uv_size": [-0.25, 1.5]},
								"east": {"uv": [34.5, 36], "uv_size": [-0.5, 1.5]},
								"south": {"uv": [6.25, 43], "uv_size": [-0.25, 1.5]},
								"west": {"uv": [32.5, 36], "uv_size": [-0.5, 1.5]},
								"up": {"uv": [23.25, 49], "uv_size": [-0.25, 0.5]},
								"down": {"uv": [49.25, 24.5], "uv_size": [-0.25, -0.5]}
							}
						},
						{
							"origin": [-1.19531, -6.37731, -5.66261],
							"size": [0.40625, 5.78125, 0.4375],
							"pivot": [-0.99219, -0.46581, -3.35611],
							"rotation": [-65, 0, 10],
							"uv": {
								"north": {"uv": [27.25, 42], "uv_size": [-0.25, 1.5]},
								"east": {"uv": [34.5, 36], "uv_size": [-0.5, 1.5]},
								"south": {"uv": [6.25, 43], "uv_size": [-0.25, 1.5]},
								"west": {"uv": [32.5, 36], "uv_size": [-0.5, 1.5]},
								"up": {"uv": [23.25, 49], "uv_size": [-0.25, 0.5]},
								"down": {"uv": [49.25, 24.5], "uv_size": [-0.25, -0.5]}
							}
						}
					]
				},
				{
					"name": "shell",
					"parent": "scope_body",
					"pivot": [0, 0, 0],
					"cubes": [
						{
							"origin": [-1.25, 1.5625, -10.71875],
							"size": [2.5, 1.625, 13.375],
							"uv": {
								"north": {"uv": [20, 22], "uv_size": [1.5, 1.5]},
								"east": {"uv": [10.75, 0], "uv_size": [3.5, 1.5]},
								"south": {"uv": [3, 23], "uv_size": [1.5, 1.5]},
								"west": {"uv": [9, 3], "uv_size": [3.5, 1.5]},
								"up": {"uv": [9, 7.75], "uv_size": [1.5, 3.5]},
								"down": {"uv": [12, 11.25], "uv_size": [1.5, -3.5]}
							}
						},
						{
							"origin": [0.5208, 2.45424, -11.25316],
							"size": [0.1875, 0.35355, 13.90941],
							"pivot": [0.5208, 3.65154, 0.625],
							"rotation": [0, 0, -45],
							"uv": {
								"north": {"uv": [52, 40], "uv_size": [0.25, 0.25]},
								"east": {"uv": [26, 13], "uv_size": [6.75, 0.25]},
								"south": {"uv": [43, 52], "uv_size": [0.25, 0.25]},
								"west": {"uv": [26, 15], "uv_size": [6.75, 0.25]},
								"up": {"uv": [9, 26], "uv_size": [0.25, 6.75]},
								"down": {"uv": [26, 23.75], "uv_size": [0.25, -6.75]}
							}
						},
						{
							"origin": [-0.73955, 1.92927, -10.84375],
							"size": [0.1875, 0.35355, 13.5],
							"pivot": [-0.55205, 1.12971, 0.625],
							"rotation": [0, 0, -45],
							"uv": {
								"north": {"uv": [45, 52.25], "uv_size": [0.25, -0.25]},
								"east": {"uv": [22, 26.25], "uv_size": [6.75, -0.25]},
								"south": {"uv": [47, 52.25], "uv_size": [0.25, -0.25]},
								"west": {"uv": [27, 8.25], "uv_size": [6.75, -0.25]},
								"up": {"uv": [11, 27], "uv_size": [0.25, 6.75]},
								"down": {"uv": [0, 33.75], "uv_size": [0.25, -6.75]}
							}
						},
						{
							"origin": [0.55205, 1.92927, -10.84375],
							"size": [0.1875, 0.35355, 13.5],
							"pivot": [0.55205, 1.12971, 0.625],
							"rotation": [0, 0, 45],
							"uv": {
								"north": {"uv": [52, 40.25], "uv_size": [0.25, -0.25]},
								"east": {"uv": [26, 13.25], "uv_size": [6.75, -0.25]},
								"south": {"uv": [43, 52.25], "uv_size": [0.25, -0.25]},
								"west": {"uv": [26, 15.25], "uv_size": [6.75, -0.25]},
								"up": {"uv": [26, 17], "uv_size": [0.25, 6.75]},
								"down": {"uv": [9, 32.75], "uv_size": [0.25, -6.75]}
							}
						},
						{
							"origin": [-0.7083, 2.45424, -11.25316],
							"size": [0.1875, 0.35355, 13.90941],
							"pivot": [-0.5208, 3.65154, 0.625],
							"rotation": [0, 0, 45],
							"uv": {
								"north": {"uv": [45, 52], "uv_size": [0.25, 0.25]},
								"east": {"uv": [22, 26], "uv_size": [6.75, 0.25]},
								"south": {"uv": [47, 52], "uv_size": [0.25, 0.25]},
								"west": {"uv": [27, 8], "uv_size": [6.75, 0.25]},
								"up": {"uv": [0, 27], "uv_size": [0.25, 6.75]},
								"down": {"uv": [11, 33.75], "uv_size": [0.25, -6.75]}
							}
						},
						{
							"origin": [-1.5, 1.8125, -10.71875],
							"size": [3, 1.125, 13.375],
							"uv": {
								"north": {"uv": [21, 11], "uv_size": [1.75, 1.75]},
								"east": {"uv": [18, 25], "uv_size": [1, 1.75]},
								"south": {"uv": [22, 0], "uv_size": [1.75, 1.75]},
								"west": {"uv": [20, 25], "uv_size": [1, 1.75]},
								"up": {"uv": [3, 26], "uv_size": [1.75, 1]},
								"down": {"uv": [6, 27], "uv_size": [1.75, -1]}
							}
						},
						{
							"origin": [-1.25001, 1.5625, -10.84375],
							"size": [2.50001, 0.15625, 0.125],
							"uv": {
								"north": {"uv": [14, 44], "uv_size": [1.5, 0.25]},
								"east": {"uv": [53, 22], "uv_size": [0.25, 0.25]},
								"south": {"uv": [17, 44], "uv_size": [1.5, 0.25]},
								"west": {"uv": [24, 53], "uv_size": [0.25, 0.25]},
								"up": {"uv": [44, 18], "uv_size": [1.5, 0.25]},
								"down": {"uv": [20, 44.25], "uv_size": [1.5, -0.25]}
							}
						},
						{
							"origin": [1.34375, 1.8125, -10.84375],
							"size": [0.15625, 0.125, 0.125],
							"uv": {
								"north": {"uv": [0, 46], "uv_size": [0.25, 1.25]},
								"east": {"uv": [5, 46], "uv_size": [0.25, 1.25]},
								"south": {"uv": [7, 46], "uv_size": [0.25, 1.25]},
								"west": {"uv": [9, 46], "uv_size": [0.25, 1.25]},
								"up": {"uv": [53, 24], "uv_size": [0.25, 0.25]},
								"down": {"uv": [26, 53.25], "uv_size": [0.25, -0.25]}
							}
						},
						{
							"origin": [1.34375, 2.81549, -11.25316],
							"size": [0.15625, 0.12201, 0.53441],
							"uv": {
								"north": {"uv": [0, 46], "uv_size": [0.25, 1.25]},
								"east": {"uv": [5, 46], "uv_size": [0.25, 1.25]},
								"south": {"uv": [7, 46], "uv_size": [0.25, 1.25]},
								"west": {"uv": [9, 46], "uv_size": [0.25, 1.25]},
								"up": {"uv": [53, 24], "uv_size": [0.25, 0.25]},
								"down": {"uv": [26, 53.25], "uv_size": [0.25, -0.25]}
							}
						},
						{
							"origin": [1.34375, 1.84871, -11.08733],
							"size": [0.15625, 0.90625, 0.53125],
							"pivot": [0, 2.47371, -11.02483],
							"rotation": [25, 0, 0],
							"uv": {
								"north": {"uv": [0, 46], "uv_size": [0.25, 1.25]},
								"east": {"uv": [5, 46], "uv_size": [0.25, 1.25]},
								"south": {"uv": [7, 46], "uv_size": [0.25, 1.25]},
								"west": {"uv": [9, 46], "uv_size": [0.25, 1.25]},
								"up": {"uv": [53, 24], "uv_size": [0.25, 0.25]},
								"down": {"uv": [26, 53.25], "uv_size": [0.25, -0.25]}
							}
						},
						{
							"origin": [1.34375, 2.72288, -11.48204],
							"size": [0.15625, 0.125, 0.15625],
							"pivot": [0, 3.34788, -11.29454],
							"rotation": [25, 0, 0],
							"uv": {
								"north": {"uv": [0, 46], "uv_size": [0.25, 1.25]},
								"east": {"uv": [5, 46], "uv_size": [0.25, 1.25]},
								"south": {"uv": [7, 46], "uv_size": [0.25, 1.25]},
								"west": {"uv": [9, 46], "uv_size": [0.25, 1.25]},
								"up": {"uv": [53, 24], "uv_size": [0.25, 0.25]},
								"down": {"uv": [26, 53.25], "uv_size": [0.25, -0.25]}
							}
						},
						{
							"origin": [1.34375, 2.72288, -11.35704],
							"size": [0.15625, 0.09375, 0.15625],
							"pivot": [0, 3.34788, -11.29454],
							"rotation": [25, 0, 0],
							"uv": {
								"north": {"uv": [0, 46], "uv_size": [0.25, 1.25]},
								"east": {"uv": [5, 46], "uv_size": [0.25, 1.25]},
								"south": {"uv": [7, 46], "uv_size": [0.25, 1.25]},
								"west": {"uv": [9, 46], "uv_size": [0.25, 1.25]},
								"up": {"uv": [53, 24], "uv_size": [0.25, 0.25]},
								"down": {"uv": [26, 53.25], "uv_size": [0.25, -0.25]}
							}
						},
						{
							"origin": [-1.25, 3.03125, -11.25316],
							"size": [2.5, 0.15625, 0.53441],
							"uv": {
								"north": {"uv": [44, 2], "uv_size": [1.5, 0.25]},
								"east": {"uv": [53, 20], "uv_size": [0.25, 0.25]},
								"south": {"uv": [44, 4], "uv_size": [1.5, 0.25]},
								"west": {"uv": [22, 53], "uv_size": [0.25, 0.25]},
								"up": {"uv": [44, 6], "uv_size": [1.5, 0.25]},
								"down": {"uv": [44, 8.25], "uv_size": [1.5, -0.25]}
							}
						},
						{
							"origin": [-1.5, 1.8125, -10.84375],
							"size": [0.15625, 0.125, 0.125],
							"uv": {
								"north": {"uv": [0.25, 46], "uv_size": [-0.25, 1.25]},
								"east": {"uv": [9.25, 46], "uv_size": [-0.25, 1.25]},
								"south": {"uv": [7.25, 46], "uv_size": [-0.25, 1.25]},
								"west": {"uv": [5.25, 46], "uv_size": [-0.25, 1.25]},
								"up": {"uv": [53.25, 24], "uv_size": [-0.25, 0.25]},
								"down": {"uv": [26.25, 53.25], "uv_size": [-0.25, -0.25]}
							}
						},
						{
							"origin": [-1.5, 2.72288, -11.35704],
							"size": [0.15625, 0.09375, 0.15625],
							"pivot": [0, 3.34788, -11.29454],
							"rotation": [25, 0, 0],
							"uv": {
								"north": {"uv": [0.25, 46], "uv_size": [-0.25, 1.25]},
								"east": {"uv": [9.25, 46], "uv_size": [-0.25, 1.25]},
								"south": {"uv": [7.25, 46], "uv_size": [-0.25, 1.25]},
								"west": {"uv": [5.25, 46], "uv_size": [-0.25, 1.25]},
								"up": {"uv": [53.25, 24], "uv_size": [-0.25, 0.25]},
								"down": {"uv": [26.25, 53.25], "uv_size": [-0.25, -0.25]}
							}
						},
						{
							"origin": [-1.5, 2.81549, -11.25316],
							"size": [0.15625, 0.12201, 0.53441],
							"uv": {
								"north": {"uv": [0.25, 46], "uv_size": [-0.25, 1.25]},
								"east": {"uv": [9.25, 46], "uv_size": [-0.25, 1.25]},
								"south": {"uv": [7.25, 46], "uv_size": [-0.25, 1.25]},
								"west": {"uv": [5.25, 46], "uv_size": [-0.25, 1.25]},
								"up": {"uv": [53.25, 24], "uv_size": [-0.25, 0.25]},
								"down": {"uv": [26.25, 53.25], "uv_size": [-0.25, -0.25]}
							}
						},
						{
							"origin": [-1.5, 2.72288, -11.48204],
							"size": [0.15625, 0.125, 0.15625],
							"pivot": [0, 3.34788, -11.29454],
							"rotation": [25, 0, 0],
							"uv": {
								"north": {"uv": [0.25, 46], "uv_size": [-0.25, 1.25]},
								"east": {"uv": [9.25, 46], "uv_size": [-0.25, 1.25]},
								"south": {"uv": [7.25, 46], "uv_size": [-0.25, 1.25]},
								"west": {"uv": [5.25, 46], "uv_size": [-0.25, 1.25]},
								"up": {"uv": [53.25, 24], "uv_size": [-0.25, 0.25]},
								"down": {"uv": [26.25, 53.25], "uv_size": [-0.25, -0.25]}
							}
						},
						{
							"origin": [-1.5, 1.84871, -11.08733],
							"size": [0.15625, 0.90625, 0.53125],
							"pivot": [0, 2.47371, -11.02483],
							"rotation": [25, 0, 0],
							"uv": {
								"north": {"uv": [0.25, 46], "uv_size": [-0.25, 1.25]},
								"east": {"uv": [9.25, 46], "uv_size": [-0.25, 1.25]},
								"south": {"uv": [7.25, 46], "uv_size": [-0.25, 1.25]},
								"west": {"uv": [5.25, 46], "uv_size": [-0.25, 1.25]},
								"up": {"uv": [53.25, 24], "uv_size": [-0.25, 0.25]},
								"down": {"uv": [26.25, 53.25], "uv_size": [-0.25, -0.25]}
							}
						}
					]
				},
				{
					"name": "scope",
					"parent": "scope_body",
					"pivot": [0, 0, 0]
				},
				{
					"name": "deco",
					"parent": "scope_body",
					"pivot": [0, 0, 0],
					"cubes": [
						{
							"origin": [-0.6875, 1.625, 1.875],
							"size": [1.375, 0.5, 0.5],
							"uv": {
								"north": {"uv": [4, 37], "uv_size": [1.5, 0.5]},
								"east": {"uv": [48, 40], "uv_size": [0.5, 0.5]},
								"south": {"uv": [7, 37], "uv_size": [1.5, 0.5]},
								"west": {"uv": [45, 48], "uv_size": [0.5, 0.5]},
								"up": {"uv": [10, 37], "uv_size": [1.5, 0.5]},
								"down": {"uv": [37, 10.5], "uv_size": [1.5, -0.5]}
							}
						},
						{
							"origin": [-0.84375, 1.78125, 1.875],
							"size": [1.6875, 0.34375, 0.5],
							"uv": {
								"north": {"uv": [21, 38], "uv_size": [1.75, 0.25]},
								"east": {"uv": [50, 2], "uv_size": [0.5, 0.25]},
								"south": {"uv": [38, 22], "uv_size": [1.75, 0.25]},
								"west": {"uv": [10, 50], "uv_size": [0.5, 0.25]},
								"up": {"uv": [34, 10], "uv_size": [1.75, 0.5]},
								"down": {"uv": [34, 12.5], "uv_size": [1.75, -0.5]}
							}
						},
						{
							"origin": [-0.71875, 1.28125, 0.125],
							"size": [1.4375, 0.15, 0.15],
							"pivot": [0, 1.35625, 0.2],
							"rotation": [-45, 0, 0],
							"uv": {
								"north": {"uv": [44, 20], "uv_size": [1.5, 0.25]},
								"east": {"uv": [56, 14], "uv_size": [0.25, 0.25]},
								"south": {"uv": [44, 22], "uv_size": [1.5, 0.25]},
								"west": {"uv": [56, 16], "uv_size": [0.25, 0.25]},
								"up": {"uv": [23, 44], "uv_size": [1.5, 0.25]},
								"down": {"uv": [44, 24.25], "uv_size": [1.5, -0.25]}
							}
						},
						{
							"origin": [-0.71875, 1.28125, -3],
							"size": [1.4375, 0.15, 0.15],
							"pivot": [0, 1.35625, -2.925],
							"rotation": [-45, 0, 0],
							"uv": {
								"north": {"uv": [44, 26], "uv_size": [1.5, 0.25]},
								"east": {"uv": [56, 28], "uv_size": [0.25, 0.25]},
								"south": {"uv": [35, 44], "uv_size": [1.5, 0.25]},
								"west": {"uv": [56, 30], "uv_size": [0.25, 0.25]},
								"up": {"uv": [44, 36], "uv_size": [1.5, 0.25]},
								"down": {"uv": [38, 44.25], "uv_size": [1.5, -0.25]}
							}
						},
						{
							"origin": [0.56824, 1.47097, 1.875],
							"size": [0.22097, 0.06472, 0.5],
							"pivot": [0.44194, 1.69194, 2.125],
							"rotation": [0, 0, -45],
							"uv": {
								"north": {"uv": [56, 2], "uv_size": [0.25, 0.25]},
								"east": {"uv": [50, 10], "uv_size": [0.5, 0.25]},
								"south": {"uv": [10, 56], "uv_size": [0.25, 0.25]},
								"west": {"uv": [50, 12], "uv_size": [0.5, 0.25]},
								"up": {"uv": [50, 14], "uv_size": [0.25, 0.5]},
								"down": {"uv": [50, 16.5], "uv_size": [0.25, -0.5]}
							}
						},
						{
							"origin": [-0.78921, 1.47097, 1.875],
							"size": [0.22097, 0.06472, 0.5],
							"pivot": [-0.44194, 1.69194, 2.125],
							"rotation": [0, 0, 45],
							"uv": {
								"north": {"uv": [56, 10], "uv_size": [0.25, 0.25]},
								"east": {"uv": [50, 28], "uv_size": [0.5, 0.25]},
								"south": {"uv": [56, 12], "uv_size": [0.25, 0.25]},
								"west": {"uv": [50, 30], "uv_size": [0.5, 0.25]},
								"up": {"uv": [50, 32], "uv_size": [0.25, 0.5]},
								"down": {"uv": [33, 50.5], "uv_size": [0.25, -0.5]}
							}
						},
						{
							"origin": [-0.875, 2.02145, 0.375],
							"size": [1.75, 0.2071, 0.5],
							"pivot": [0, 2.125, 0.625],
							"rotation": [-45, 0, 0],
							"uv": {
								"north": {"uv": [38, 38], "uv_size": [1.75, 0.25]},
								"east": {"uv": [35, 50], "uv_size": [0.5, 0.25]},
								"south": {"uv": [4, 39], "uv_size": [1.75, 0.25]},
								"west": {"uv": [37, 50], "uv_size": [0.5, 0.25]},
								"up": {"uv": [34, 14], "uv_size": [1.75, 0.5]},
								"down": {"uv": [15, 34.5], "uv_size": [1.75, -0.5]}
							}
						},
						{
							"origin": [-0.875, 2.02145, 0.375],
							"size": [1.75, 0.2071, 0.5],
							"uv": {
								"north": {"uv": [7, 39], "uv_size": [1.75, 0.25]},
								"east": {"uv": [50, 40], "uv_size": [0.5, 0.25]},
								"south": {"uv": [10, 39], "uv_size": [1.75, 0.25]},
								"west": {"uv": [44, 50], "uv_size": [0.5, 0.25]},
								"up": {"uv": [34, 16], "uv_size": [1.75, 0.5]},
								"down": {"uv": [22, 34.5], "uv_size": [1.75, -0.5]}
							}
						},
						{
							"origin": [-0.875, 1.875, 0.52145],
							"size": [1.75, 0.5, 0.2071],
							"pivot": [0, 2.125, 0.625],
							"rotation": [-45, 0, 0],
							"uv": {
								"north": {"uv": [25, 34], "uv_size": [1.75, 0.5]},
								"east": {"uv": [46, 50], "uv_size": [0.25, 0.5]},
								"south": {"uv": [34, 28], "uv_size": [1.75, 0.5]},
								"west": {"uv": [48, 50], "uv_size": [0.25, 0.5]},
								"up": {"uv": [39, 28], "uv_size": [1.75, 0.25]},
								"down": {"uv": [30, 39.25], "uv_size": [1.75, -0.25]}
							}
						},
						{
							"origin": [-0.875, 1.875, 0.52145],
							"size": [1.75, 0.5, 0.2071],
							"uv": {
								"north": {"uv": [34, 30], "uv_size": [1.75, 0.5]},
								"east": {"uv": [50, 50], "uv_size": [0.25, 0.5]},
								"south": {"uv": [31, 34], "uv_size": [1.75, 0.5]},
								"west": {"uv": [0, 51], "uv_size": [0.25, 0.5]},
								"up": {"uv": [39, 30], "uv_size": [1.75, 0.25]},
								"down": {"uv": [39, 32.25], "uv_size": [1.75, -0.25]}
							}
						},
						{
							"origin": [-0.875, 1.875, 1.27145],
							"size": [1.75, 0.5, 0.2071],
							"uv": {
								"north": {"uv": [10, 35], "uv_size": [1.75, 0.5]},
								"east": {"uv": [12, 51], "uv_size": [0.25, 0.5]},
								"south": {"uv": [18, 35], "uv_size": [1.75, 0.5]},
								"west": {"uv": [14, 51], "uv_size": [0.25, 0.5]},
								"up": {"uv": [17, 40], "uv_size": [1.75, 0.25]},
								"down": {"uv": [20, 40.25], "uv_size": [1.75, -0.25]}
							}
						},
						{
							"origin": [-0.875, 1.875, 1.27145],
							"size": [1.75, 0.5, 0.2071],
							"pivot": [0, 2.125, 1.375],
							"rotation": [-45, 0, 0],
							"uv": {
								"north": {"uv": [7, 35], "uv_size": [1.75, 0.5]},
								"east": {"uv": [8, 51], "uv_size": [0.25, 0.5]},
								"south": {"uv": [35, 8], "uv_size": [1.75, 0.5]},
								"west": {"uv": [51, 8], "uv_size": [0.25, 0.5]},
								"up": {"uv": [40, 14], "uv_size": [1.75, 0.25]},
								"down": {"uv": [40, 16.25], "uv_size": [1.75, -0.25]}
							}
						},
						{
							"origin": [-0.875, 2.02145, 1.125],
							"size": [1.75, 0.2071, 0.5],
							"uv": {
								"north": {"uv": [40, 10], "uv_size": [1.75, 0.25]},
								"east": {"uv": [6, 51], "uv_size": [0.5, 0.25]},
								"south": {"uv": [40, 12], "uv_size": [1.75, 0.25]},
								"west": {"uv": [51, 6], "uv_size": [0.5, 0.25]},
								"up": {"uv": [4, 35], "uv_size": [1.75, 0.5]},
								"down": {"uv": [35, 6.5], "uv_size": [1.75, -0.5]}
							}
						},
						{
							"origin": [-0.875, 2.02145, 1.125],
							"size": [1.75, 0.2071, 0.5],
							"pivot": [0, 2.125, 1.375],
							"rotation": [-45, 0, 0],
							"uv": {
								"north": {"uv": [33, 39], "uv_size": [1.75, 0.25]},
								"east": {"uv": [4, 51], "uv_size": [0.5, 0.25]},
								"south": {"uv": [0, 40], "uv_size": [1.75, 0.25]},
								"west": {"uv": [51, 4], "uv_size": [0.5, 0.25]},
								"up": {"uv": [34, 32], "uv_size": [1.75, 0.5]},
								"down": {"uv": [34, 34.5], "uv_size": [1.75, -0.5]}
							}
						},
						{
							"origin": [-0.84375, 2.3125, 2.03125],
							"size": [1.6875, 0.2125, 0.2125],
							"pivot": [0, 2.41875, 2.1375],
							"rotation": [-45, 0, 0],
							"uv": {
								"north": {"uv": [24, 38], "uv_size": [1.75, 0.25]},
								"east": {"uv": [32, 56], "uv_size": [0.25, 0.25]},
								"south": {"uv": [38, 24], "uv_size": [1.75, 0.25]},
								"west": {"uv": [56, 32], "uv_size": [0.25, 0.25]},
								"up": {"uv": [38, 26], "uv_size": [1.75, 0.25]},
								"down": {"uv": [38, 36.25], "uv_size": [1.75, -0.25]}
							}
						},
						{
							"origin": [-0.88672, 2.36719, -6.09375],
							"size": [1.77344, 0.21357, 6.27803],
							"uv": {
								"north": {"uv": [23, 40], "uv_size": [1.75, 0.25]},
								"east": {"uv": [28, 2], "uv_size": [6.25, 0.25]},
								"south": {"uv": [26, 40], "uv_size": [1.75, 0.25]},
								"west": {"uv": [28, 4], "uv_size": [6.25, 0.25]},
								"up": {"uv": [6, 0], "uv_size": [1.75, 6.25]},
								"down": {"uv": [0, 14.25], "uv_size": [1.75, -6.25]}
							}
						},
						{
							"origin": [-0.88672, 2.65625, -6.09375],
							"size": [1.77344, 0.4625, 6.55625],
							"uv": {
								"north": {"uv": [35, 18], "uv_size": [1.75, 0.5]},
								"east": {"uv": [6, 21], "uv_size": [6.5, 0.5]},
								"south": {"uv": [35, 20], "uv_size": [1.75, 0.5]},
								"west": {"uv": [21, 6], "uv_size": [6.5, 0.5]},
								"up": {"uv": [0, 0], "uv_size": [1.75, 6.5]},
								"down": {"uv": [3, 6.5], "uv_size": [1.75, -6.5]}
							}
						},
						{
							"origin": [-0.88672, 2.90625, 0.4625],
							"size": [1.77344, 0.2125, 0.375],
							"uv": {
								"north": {"uv": [40, 34], "uv_size": [1.75, 0.25]},
								"east": {"uv": [37.375, 40], "uv_size": [0.375, 0.25]},
								"south": {"uv": [39, 40], "uv_size": [1.75, 0.25]},
								"west": {"uv": [41, 0], "uv_size": [0.375, 0.25]},
								"up": {"uv": [22, 4.375], "uv_size": [1.75, 0.375]},
								"down": {"uv": [14, 23.75], "uv_size": [1.75, -0.375]}
							}
						},
						{
							"origin": [-0.88672, 2.90625, 2.3375],
							"size": [1.77344, 0.04063, 0.01563],
							"uv": {
								"north": {"uv": [32, 41], "uv_size": [1.75, 0.25]},
								"east": {"uv": [48, 56], "uv_size": [0.25, 0.25]},
								"south": {"uv": [41, 36], "uv_size": [1.75, 0.25]},
								"west": {"uv": [50, 56], "uv_size": [0.25, 0.25]},
								"up": {"uv": [41, 38], "uv_size": [1.75, 0.25]},
								"down": {"uv": [0, 42.25], "uv_size": [1.75, -0.25]}
							}
						},
						{
							"origin": [-0.88672, 2.81974, 0.2925],
							"size": [1.77344, 0.20526, 0.4825],
							"pivot": [0, 2.7625, 0.6375],
							"rotation": [47.5, 0, 0],
							"uv": {
								"north": {"uv": [41, 2], "uv_size": [1.75, 0.25]},
								"east": {"uv": [16, 51], "uv_size": [0.5, 0.25]},
								"south": {"uv": [3, 41], "uv_size": [1.75, 0.25]},
								"west": {"uv": [18, 51], "uv_size": [0.5, 0.25]},
								"up": {"uv": [35, 22], "uv_size": [1.75, 0.5]},
								"down": {"uv": [35, 24.5], "uv_size": [1.75, -0.5]}
							}
						},
						{
							"origin": [-0.88672, 2.53146, 0.16684],
							"size": [1.77344, 0.14206, 0.1595],
							"pivot": [0, 2.4657, 0.36072],
							"rotation": [47.5, 0, 0],
							"uv": {
								"north": {"uv": [41, 4], "uv_size": [1.75, 0.25]},
								"east": {"uv": [34, 56], "uv_size": [0.25, 0.25]},
								"south": {"uv": [6, 41], "uv_size": [1.75, 0.25]},
								"west": {"uv": [36, 56], "uv_size": [0.25, 0.25]},
								"up": {"uv": [41, 6], "uv_size": [1.75, 0.25]},
								"down": {"uv": [41, 8.25], "uv_size": [1.75, -0.25]}
							}
						},
						{
							"origin": [-0.90625, 2.03125, -6],
							"size": [1.8125, 0.15, 0.15],
							"pivot": [0, 2.10625, -5.925],
							"rotation": [-45, 0, 0],
							"uv": {
								"north": {"uv": [15, 42], "uv_size": [1.75, 0.25]},
								"east": {"uv": [56, 50], "uv_size": [0.25, 0.25]},
								"south": {"uv": [18, 42], "uv_size": [1.75, 0.25]},
								"west": {"uv": [52, 56], "uv_size": [0.25, 0.25]},
								"up": {"uv": [21, 42], "uv_size": [1.75, 0.25]},
								"down": {"uv": [24, 42.25], "uv_size": [1.75, -0.25]}
							}
						}
					]
				},
				{
					"name": "lens_illuminated",
					"parent": "scope_body",
					"pivot": [4, 2.0625, -10.25],
					"cubes": [
						{
							"origin": [-0.46875, 1.15625, -10.76],
							"size": [1.3125, 2.78125, 0],
							"pivot": [0, 2.5625, -10.76],
							"rotation": [0, 0, 90],
							"uv": {
								"north": {"uv": [17, 22], "uv_size": [1.5, 1.75]}
							}
						}
					]
				},
				{
					"name": "deco2",
					"parent": "scope_body",
					"pivot": [0, 0, 0],
					"cubes": [
						{
							"origin": [-1.30492, 1.47289, -8.25],
							"size": [2.60984, 0.53125, 0.5],
							"uv": {
								"north": {"uv": [4, 37], "uv_size": [1.5, 0.5]},
								"east": {"uv": [48, 40], "uv_size": [0.5, 0.5]},
								"south": {"uv": [7, 37], "uv_size": [1.5, 0.5]},
								"west": {"uv": [45, 48], "uv_size": [0.5, 0.5]},
								"up": {"uv": [10, 37], "uv_size": [1.5, 0.5]},
								"down": {"uv": [37, 10.5], "uv_size": [1.5, -0.5]}
							}
						},
						{
							"origin": [-1.59375, 1.76172, -8.25],
							"size": [3.1875, 0.375, 0.5],
							"uv": {
								"north": {"uv": [21, 38], "uv_size": [1.75, 0.25]},
								"east": {"uv": [50, 2], "uv_size": [0.5, 0.25]},
								"south": {"uv": [38, 22], "uv_size": [1.75, 0.25]},
								"west": {"uv": [10, 50], "uv_size": [0.5, 0.25]},
								"up": {"uv": [34, 10], "uv_size": [1.75, 0.5]},
								"down": {"uv": [34, 12.5], "uv_size": [1.75, -0.5]}
							}
						},
						{
							"origin": [-1.09375, 1.28125, -0.25],
							"size": [2.1875, 0.15, 0.15],
							"pivot": [0, 1.35625, -0.175],
							"rotation": [-45, 0, 0],
							"uv": {
								"north": {"uv": [44, 20], "uv_size": [1.5, 0.25]},
								"east": {"uv": [56, 14], "uv_size": [0.25, 0.25]},
								"south": {"uv": [44, 22], "uv_size": [1.5, 0.25]},
								"west": {"uv": [56, 16], "uv_size": [0.25, 0.25]},
								"up": {"uv": [23, 44], "uv_size": [1.5, 0.25]},
								"down": {"uv": [44, 24.25], "uv_size": [1.5, -0.25]}
							}
						},
						{
							"origin": [-1.09375, 1.28125, -4.375],
							"size": [2.1875, 0.15, 0.15],
							"pivot": [0, 1.35625, -4.3],
							"rotation": [-45, 0, 0],
							"uv": {
								"north": {"uv": [44, 26], "uv_size": [1.5, 0.25]},
								"east": {"uv": [56, 28], "uv_size": [0.25, 0.25]},
								"south": {"uv": [35, 44], "uv_size": [1.5, 0.25]},
								"west": {"uv": [56, 30], "uv_size": [0.25, 0.25]},
								"up": {"uv": [44, 36], "uv_size": [1.5, 0.25]},
								"down": {"uv": [38, 44.25], "uv_size": [1.5, -0.25]}
							}
						},
						{
							"origin": [1.13074, 1.45144, -8.25],
							"size": [0.40847, 0.12722, 0.5],
							"pivot": [1.19194, 1.67241, -8],
							"rotation": [0, 0, -45],
							"uv": {
								"north": {"uv": [56, 2], "uv_size": [0.25, 0.25]},
								"east": {"uv": [50, 10], "uv_size": [0.5, 0.25]},
								"south": {"uv": [10, 56], "uv_size": [0.25, 0.25]},
								"west": {"uv": [50, 12], "uv_size": [0.5, 0.25]},
								"up": {"uv": [50, 14], "uv_size": [0.25, 0.5]},
								"down": {"uv": [50, 16.5], "uv_size": [0.25, -0.5]}
							}
						},
						{
							"origin": [-1.53921, 1.45144, -8.25],
							"size": [0.40847, 0.12722, 0.5],
							"pivot": [-1.19194, 1.67241, -8],
							"rotation": [0, 0, 45],
							"uv": {
								"north": {"uv": [56.25, 2], "uv_size": [-0.25, 0.25]},
								"east": {"uv": [50.5, 12], "uv_size": [-0.5, 0.25]},
								"south": {"uv": [10.25, 56], "uv_size": [-0.25, 0.25]},
								"west": {"uv": [50.5, 10], "uv_size": [-0.5, 0.25]},
								"up": {"uv": [50.25, 14], "uv_size": [-0.25, 0.5]},
								"down": {"uv": [50.25, 16.5], "uv_size": [-0.25, -0.5]}
							}
						},
						{
							"origin": [-1.625, 2.02145, -6.25],
							"size": [3.25, 0.2071, 0.5],
							"pivot": [0, 2.125, -6],
							"rotation": [-45, 0, 0],
							"uv": {
								"north": {"uv": [38, 38], "uv_size": [1.75, 0.25]},
								"east": {"uv": [35, 50], "uv_size": [0.5, 0.25]},
								"south": {"uv": [4, 39], "uv_size": [1.75, 0.25]},
								"west": {"uv": [37, 50], "uv_size": [0.5, 0.25]},
								"up": {"uv": [34, 14], "uv_size": [1.75, 0.5]},
								"down": {"uv": [15, 34.5], "uv_size": [1.75, -0.5]}
							}
						},
						{
							"origin": [-1.625, 2.02145, -6.25],
							"size": [3.25, 0.2071, 0.5],
							"uv": {
								"north": {"uv": [7, 39], "uv_size": [1.75, 0.25]},
								"east": {"uv": [50, 40], "uv_size": [0.5, 0.25]},
								"south": {"uv": [10, 39], "uv_size": [1.75, 0.25]},
								"west": {"uv": [44, 50], "uv_size": [0.5, 0.25]},
								"up": {"uv": [34, 16], "uv_size": [1.75, 0.5]},
								"down": {"uv": [22, 34.5], "uv_size": [1.75, -0.5]}
							}
						},
						{
							"origin": [-1.625, 1.875, -6.10355],
							"size": [3.25, 0.5, 0.2071],
							"pivot": [0, 2.125, -6],
							"rotation": [-45, 0, 0],
							"uv": {
								"north": {"uv": [25, 34], "uv_size": [1.75, 0.5]},
								"east": {"uv": [46, 50], "uv_size": [0.25, 0.5]},
								"south": {"uv": [34, 28], "uv_size": [1.75, 0.5]},
								"west": {"uv": [48, 50], "uv_size": [0.25, 0.5]},
								"up": {"uv": [39, 28], "uv_size": [1.75, 0.25]},
								"down": {"uv": [30, 39.25], "uv_size": [1.75, -0.25]}
							}
						},
						{
							"origin": [-1.625, 1.875, -6.10355],
							"size": [3.25, 0.5, 0.2071],
							"uv": {
								"north": {"uv": [34, 30], "uv_size": [1.75, 0.5]},
								"east": {"uv": [50, 50], "uv_size": [0.25, 0.5]},
								"south": {"uv": [31, 34], "uv_size": [1.75, 0.5]},
								"west": {"uv": [0, 51], "uv_size": [0.25, 0.5]},
								"up": {"uv": [39, 30], "uv_size": [1.75, 0.25]},
								"down": {"uv": [39, 32.25], "uv_size": [1.75, -0.25]}
							}
						},
						{
							"origin": [-1.625, 1.875, 1.27145],
							"size": [3.25, 0.5, 0.2071],
							"uv": {
								"north": {"uv": [10, 35], "uv_size": [1.75, 0.5]},
								"east": {"uv": [12, 51], "uv_size": [0.25, 0.5]},
								"south": {"uv": [18, 35], "uv_size": [1.75, 0.5]},
								"west": {"uv": [14, 51], "uv_size": [0.25, 0.5]},
								"up": {"uv": [17, 40], "uv_size": [1.75, 0.25]},
								"down": {"uv": [20, 40.25], "uv_size": [1.75, -0.25]}
							}
						},
						{
							"origin": [-1.625, 1.875, 1.27145],
							"size": [3.25, 0.5, 0.2071],
							"pivot": [0, 2.125, 1.375],
							"rotation": [-45, 0, 0],
							"uv": {
								"north": {"uv": [7, 35], "uv_size": [1.75, 0.5]},
								"east": {"uv": [8, 51], "uv_size": [0.25, 0.5]},
								"south": {"uv": [35, 8], "uv_size": [1.75, 0.5]},
								"west": {"uv": [51, 8], "uv_size": [0.25, 0.5]},
								"up": {"uv": [40, 14], "uv_size": [1.75, 0.25]},
								"down": {"uv": [40, 16.25], "uv_size": [1.75, -0.25]}
							}
						},
						{
							"origin": [-1.625, 2.02145, 1.125],
							"size": [3.25, 0.2071, 0.5],
							"uv": {
								"north": {"uv": [40, 10], "uv_size": [1.75, 0.25]},
								"east": {"uv": [6, 51], "uv_size": [0.5, 0.25]},
								"south": {"uv": [40, 12], "uv_size": [1.75, 0.25]},
								"west": {"uv": [51, 6], "uv_size": [0.5, 0.25]},
								"up": {"uv": [4, 35], "uv_size": [1.75, 0.5]},
								"down": {"uv": [35, 6.5], "uv_size": [1.75, -0.5]}
							}
						},
						{
							"origin": [-1.625, 2.02145, 1.125],
							"size": [3.25, 0.2071, 0.5],
							"pivot": [0, 2.125, 1.375],
							"rotation": [-45, 0, 0],
							"uv": {
								"north": {"uv": [33, 39], "uv_size": [1.75, 0.25]},
								"east": {"uv": [4, 51], "uv_size": [0.5, 0.25]},
								"south": {"uv": [0, 40], "uv_size": [1.75, 0.25]},
								"west": {"uv": [51, 4], "uv_size": [0.5, 0.25]},
								"up": {"uv": [34, 32], "uv_size": [1.75, 0.5]},
								"down": {"uv": [34, 34.5], "uv_size": [1.75, -0.5]}
							}
						},
						{
							"origin": [1.44141, 2.52344, -10.93428],
							"size": [0.125, 0.21357, 13.27803],
							"uv": {
								"north": {"uv": [27.75, 40], "uv_size": [-1.75, 0.25]},
								"east": {"uv": [34.25, 2], "uv_size": [-6.25, 0.25]},
								"south": {"uv": [24.75, 40], "uv_size": [-1.75, 0.25]},
								"west": {"uv": [34.25, 4], "uv_size": [-6.25, 0.25]},
								"up": {"uv": [6, 6.25], "uv_size": [1.75, -6.25]},
								"down": {"uv": [0, 8], "uv_size": [1.75, 6.25]}
							}
						},
						{
							"origin": [1.44141, 2.74023, -11.14043],
							"size": [0.125, 0.09026, 0.19356],
							"pivot": [0, 2.62195, -11.11072],
							"rotation": [-65, 0, 0],
							"uv": {
								"north": {"uv": [7.75, 41], "uv_size": [-1.75, 0.25]},
								"east": {"uv": [34.25, 56], "uv_size": [-0.25, 0.25]},
								"south": {"uv": [42.75, 4], "uv_size": [-1.75, 0.25]},
								"west": {"uv": [36.25, 56], "uv_size": [-0.25, 0.25]},
								"up": {"uv": [41, 6.25], "uv_size": [1.75, -0.25]},
								"down": {"uv": [41, 8], "uv_size": [1.75, 0.25]}
							}
						},
						{
							"origin": [-1.56641, 2.52344, -10.93428],
							"size": [0.125, 0.21357, 13.27803],
							"uv": {
								"north": {"uv": [26, 40], "uv_size": [1.75, 0.25]},
								"east": {"uv": [28, 4], "uv_size": [6.25, 0.25]},
								"south": {"uv": [23, 40], "uv_size": [1.75, 0.25]},
								"west": {"uv": [28, 2], "uv_size": [6.25, 0.25]},
								"up": {"uv": [7.75, 6.25], "uv_size": [-1.75, -6.25]},
								"down": {"uv": [1.75, 8], "uv_size": [-1.75, 6.25]}
							}
						},
						{
							"origin": [-1.56641, 2.74023, -11.14043],
							"size": [0.125, 0.09026, 0.19356],
							"pivot": [0, 2.62195, -11.11072],
							"rotation": [-65, 0, 0],
							"uv": {
								"north": {"uv": [6, 41], "uv_size": [1.75, 0.25]},
								"east": {"uv": [36, 56], "uv_size": [0.25, 0.25]},
								"south": {"uv": [41, 4], "uv_size": [1.75, 0.25]},
								"west": {"uv": [34, 56], "uv_size": [0.25, 0.25]},
								"up": {"uv": [42.75, 6.25], "uv_size": [-1.75, -0.25]},
								"down": {"uv": [42.75, 8], "uv_size": [-1.75, 0.25]}
							}
						}
					]
				},
				{
					"name": "division",
					"pivot": [0, 0, 0]
				},
				{
					"name": "bg",
					"parent": "division",
					"pivot": [0, 2.10938, -182],
					"cubes": [
						{
							"origin": [-177.875, -134.17187, -121.71094],
							"size": [143, 276.53125, 0],
							"uv": {
								"south": {"uv": [49.46875, 59.25], "uv_size": [7.4375, 4.46875]}
							}
						},
						{
							"origin": [-34.625, -136.79687, -121.71094],
							"size": [68.78125, 120.40625, 0],
							"uv": {
								"south": {"uv": [50.46875, 63.1875], "uv_size": [1, 1]}
							}
						},
						{
							"origin": [-34.625, 19.85938, -121.71094],
							"size": [68.78125, 122.96875, 0],
							"uv": {
								"south": {"uv": [48.5, 59.71875], "uv_size": [4.25, 6.4375]}
							}
						},
						{
							"origin": [34.15625, -134.17187, -121.71094],
							"size": [113.71875, 276.53125, 0],
							"uv": {
								"south": {"uv": [47.21875, 58.125], "uv_size": [4.78125, 7.8125]}
							}
						}
					]
				},
				{
					"name": "black_oculus",
					"parent": "bg",
					"pivot": [0, 2.10938, -181.5],
					"cubes": [
						{
							"origin": [-34.625, -16.39062, -121.71094],
							"size": [68.78125, 36.25, 0],
							"uv": {
								"south": {"uv": [49.0625, 58.6875], "uv_size": [78.8125, 68.84375]}
							}
						}
					]
				},
				{
					"name": "scope_division_illuminated",
					"parent": "division",
					"pivot": [0, -0.14062, 0]
				},
				{
					"name": "dot_illuminated",
					"parent": "scope_division_illuminated",
					"pivot": [0, 2.0625, -180.625],
					"cubes": [
						{
							"origin": [-0.31284, 2.22619, -119.6875],
							"size": [0.625, 0.3608, 0],
							"pivot": [-0.00034, 2.40659, -119.6875],
							"rotation": [0, 0, -60],
							"uv": {
								"south": {"uv": [28.9375, 4.03125], "uv_size": [0.3125, 0.125]}
							}
						},
						{
							"origin": [-0.31284, 2.22619, -119.6875],
							"size": [0.625, 0.3608, 0],
							"pivot": [-0.00034, 2.40659, -119.6875],
							"rotation": [0, 0, -120],
							"uv": {
								"south": {"uv": [28.9375, 4.03125], "uv_size": [0.3125, 0.125]}
							}
						},
						{
							"origin": [-0.31284, 2.22619, -119.6875],
							"size": [0.625, 0.3608, 0],
							"pivot": [-0.00034, 2.40659, -119.6875],
							"rotation": [0, 0, -180],
							"uv": {
								"south": {"uv": [28.9375, 4.03125], "uv_size": [0.3125, 0.125]}
							}
						}
					]
				},
				{
					"name": "line_illuminated",
					"parent": "scope_division_illuminated",
					"pivot": [0, -3.65156, -180],
					"cubes": [
						{
							"origin": [4.00781, 2.32032, -119.75],
							"size": [10, 0.1875, 0],
							"pivot": [0, 2.41407, -119.71875],
							"rotation": [0, 0, 90],
							"uv": {
								"south": {"uv": [53.125, 63.09375], "uv_size": [1, 1]}
							}
						},
						{
							"origin": [-6.24219, 2.32032, -119.75],
							"size": [3.25, 0.1875, 0],
							"pivot": [0, 2.41407, -119.71875],
							"rotation": [0, 0, 90],
							"uv": {
								"south": {"uv": [53.125, 63.09375], "uv_size": [1, 1]}
							}
						},
						{
							"origin": [-14.24219, 0.19532, -119.75],
							"size": [3.25, 0.1875, 0],
							"pivot": [0, 0.28907, -119.71875],
							"rotation": [0, 0, 90],
							"uv": {
								"south": {"uv": [53.125, 63.09375], "uv_size": [1, 1]}
							}
						},
						{
							"origin": [-2.39202, 4.26473, -119.75],
							"size": [0.53033, 0.53033, 0],
							"pivot": [0, 2.41407, -119.71875],
							"rotation": [0, 0, -45],
							"uv": {
								"south": {"uv": [50.96875, 62.375], "uv_size": [1, 1]}
							}
						},
						{
							"origin": [-8.40243, 9.92154, -119.75],
							"size": [0.88388, 0.88388, 0],
							"pivot": [0, 2.41407, -119.71875],
							"rotation": [0, 0, -45],
							"uv": {
								"south": {"uv": [50.96875, 62.375], "uv_size": [1, 1]}
							}
						},
						{
							"origin": [7.51854, 9.92154, -119.75],
							"size": [0.88388, 0.88388, 0],
							"pivot": [0, 2.41407, -119.71875],
							"rotation": [0, 0, 45],
							"uv": {
								"south": {"uv": [51.96875, 62.375], "uv_size": [-1, 1]}
							}
						},
						{
							"origin": [17.39354, 9.92154, -119.75],
							"size": [0.88388, 0.88388, 0],
							"pivot": [9.875, 2.41407, -119.71875],
							"rotation": [0, 0, 45],
							"uv": {
								"south": {"uv": [51.96875, 62.375], "uv_size": [-1, 1]}
							}
						},
						{
							"origin": [3, 2.04689, -119.75],
							"size": [13, 0.75, 0],
							"pivot": [0, 2.41407, -119.71875],
							"rotation": [0, 0, -180],
							"uv": {
								"south": {"uv": [49.21875, 65.9375], "uv_size": [1, 1]}
							}
						},
						{
							"origin": [-21.125, 1.79689, -119.75],
							"size": [9.875, 1.25, 0],
							"pivot": [0, 2.41407, -119.71875],
							"rotation": [0, 0, 180],
							"uv": {
								"south": {"uv": [50.21875, 65.9375], "uv_size": [-1, 1]}
							}
						},
						{
							"origin": [-18.27742, 9.92154, -119.75],
							"size": [0.88388, 0.88388, 0],
							"pivot": [-9.875, 2.41407, -119.71875],
							"rotation": [0, 0, -45],
							"uv": {
								"south": {"uv": [50.96875, 62.375], "uv_size": [1, 1]}
							}
						},
						{
							"origin": [11.25, 1.79689, -119.75],
							"size": [9.875, 1.25, 0],
							"pivot": [0, 2.41407, -119.71875],
							"rotation": [0, 0, -180],
							"uv": {
								"south": {"uv": [49.21875, 65.9375], "uv_size": [1, 1]}
							}
						},
						{
							"origin": [3, 2.04689, -119.75],
							"size": [13, 0.75, 0],
							"pivot": [0, 2.41407, -119.71875],
							"rotation": [0, 0, -180],
							"uv": {
								"south": {"uv": [49.21875, 65.9375], "uv_size": [1, 1]}
							}
						},
						{
							"origin": [-2.38097, 4.27578, -119.75],
							"size": [0.53033, 0.53033, 0],
							"pivot": [0, 2.41407, -119.71875],
							"rotation": [0, 0, 135],
							"uv": {
								"south": {"uv": [50.96875, 62.375], "uv_size": [1, 1]}
							}
						},
						{
							"origin": [3, 2.03126, -119.75],
							"size": [13, 0.75, 0],
							"uv": {
								"south": {"uv": [49.21875, 65.9375], "uv_size": [1, 1]}
							}
						},
						{
							"origin": [-4.03906, 1.38281, -119.75],
							"size": [0.09375, 2.0625, 0],
							"pivot": [0, 2.41407, -119.71875],
							"rotation": [0, 0, -90],
							"uv": {
								"south": {"uv": [50.625, 60.96875], "uv_size": [1, 1]}
							}
						},
						{
							"origin": [-8.03906, 1.38281, -119.75],
							"size": [0.09375, 2.0625, 0],
							"pivot": [0, 2.41407, -119.71875],
							"rotation": [0, 0, -90],
							"uv": {
								"south": {"uv": [50.625, 60.96875], "uv_size": [1, 1]}
							}
						},
						{
							"origin": [-12.03906, 1.38281, -119.75],
							"size": [0.09375, 2.0625, 0],
							"pivot": [0, 2.41407, -119.71875],
							"rotation": [0, 0, -90],
							"uv": {
								"south": {"uv": [50.625, 60.96875], "uv_size": [1, 1]}
							}
						},
						{
							"origin": [-10.07031, 1.00781, -119.75],
							"size": [0.125, 2.8125, 0],
							"pivot": [0, 2.41407, -119.71875],
							"rotation": [0, 0, -90],
							"uv": {
								"south": {"uv": [50.625, 60.96875], "uv_size": [1, 1]}
							}
						},
						{
							"origin": [-14.07031, 0.63281, -119.75],
							"size": [0.21094, 3.5625, 0],
							"pivot": [0, 2.41407, -119.71875],
							"rotation": [0, 0, -90],
							"uv": {
								"south": {"uv": [50.625, 60.96875], "uv_size": [1, 1]}
							}
						},
						{
							"origin": [-5.74219, 22.69532, -119.75],
							"size": [20.75, 0.1875, 0],
							"pivot": [4.625, 2.41407, -119.71875],
							"rotation": [0, 0, 90],
							"uv": {
								"south": {"uv": [53.125, 63.09375], "uv_size": [1, 1]}
							}
						},
						{
							"origin": [0.55469, -17.99219, -119.75],
							"size": [0.125, 1.0625, 0],
							"pivot": [4.625, 2.41407, -119.71875],
							"rotation": [0, 0, -90],
							"uv": {
								"south": {"uv": [50.625, 60.96875], "uv_size": [1, 1]}
							}
						},
						{
							"origin": [-1.57031, -17.86719, -119.75],
							"size": [0.125, 1.6875, 0],
							"pivot": [4.625, 2.41407, -119.71875],
							"rotation": [0, 0, -90],
							"uv": {
								"south": {"uv": [50.625, 60.96875], "uv_size": [1, 1]}
							}
						},
						{
							"origin": [-5.57031, -17.86719, -119.75],
							"size": [0.125, 1.6875, 0],
							"pivot": [4.625, 2.41407, -119.71875],
							"rotation": [0, 0, -90],
							"uv": {
								"south": {"uv": [50.625, 60.96875], "uv_size": [1, 1]}
							}
						},
						{
							"origin": [-3.69531, -17.99219, -119.75],
							"size": [0.125, 1.0625, 0],
							"pivot": [4.625, 2.41407, -119.71875],
							"rotation": [0, 0, -90],
							"uv": {
								"south": {"uv": [50.625, 60.96875], "uv_size": [1, 1]}
							}
						},
						{
							"origin": [10.67969, -17.86719, -119.75],
							"size": [0.125, 1.6875, 0],
							"pivot": [4.625, 2.41407, -119.71875],
							"rotation": [0, 0, -90],
							"uv": {
								"south": {"uv": [50.625, 60.96875], "uv_size": [1, 1]}
							}
						},
						{
							"origin": [14.80469, -17.86719, -119.75],
							"size": [0.125, 1.6875, 0],
							"pivot": [4.625, 2.41407, -119.71875],
							"rotation": [0, 0, -90],
							"uv": {
								"south": {"uv": [50.625, 60.96875], "uv_size": [1, 1]}
							}
						},
						{
							"origin": [12.67969, -17.99219, -119.75],
							"size": [0.125, 1.0625, 0],
							"pivot": [4.625, 2.41407, -119.71875],
							"rotation": [0, 0, -90],
							"uv": {
								"south": {"uv": [50.625, 60.96875], "uv_size": [1, 1]}
							}
						},
						{
							"origin": [6.67969, -17.86719, -119.75],
							"size": [0.125, 1.6875, 0],
							"pivot": [4.625, 2.41407, -119.71875],
							"rotation": [0, 0, -90],
							"uv": {
								"south": {"uv": [50.625, 60.96875], "uv_size": [1, 1]}
							}
						},
						{
							"origin": [2.67969, -17.86719, -119.75],
							"size": [0.125, 1.6875, 0],
							"pivot": [4.625, 2.41407, -119.71875],
							"rotation": [0, 0, -90],
							"uv": {
								"south": {"uv": [50.625, 60.96875], "uv_size": [1, 1]}
							}
						},
						{
							"origin": [4.55469, -17.99219, -119.75],
							"size": [0.125, 1.0625, 0],
							"pivot": [4.625, 2.41407, -119.71875],
							"rotation": [0, 0, -90],
							"uv": {
								"south": {"uv": [50.625, 60.96875], "uv_size": [1, 1]}
							}
						},
						{
							"origin": [8.55469, -17.99219, -119.75],
							"size": [0.125, 1.0625, 0],
							"pivot": [4.625, 2.41407, -119.71875],
							"rotation": [0, 0, -90],
							"uv": {
								"south": {"uv": [50.625, 60.96875], "uv_size": [1, 1]}
							}
						},
						{
							"origin": [-6.07031, 1.00781, -119.75],
							"size": [0.125, 2.8125, 0],
							"pivot": [0, 2.41407, -119.71875],
							"rotation": [0, 0, -90],
							"uv": {
								"south": {"uv": [50.625, 60.96875], "uv_size": [1, 1]}
							}
						},
						{
							"origin": [-0.8125, 9.09375, -119.6875],
							"size": [1.625, 1.625, 0],
							"uv": {
								"south": {"uv": [3.8125, 88.375], "uv_size": [7.71875, 7.4375]}
							}
						},
						{
							"origin": [-0.8125, 14.96875, -119.6875],
							"size": [1.625, 1.625, 0],
							"uv": {
								"south": {"uv": [3.8125, 88.375], "uv_size": [7.71875, 7.4375]}
							}
						},
						{
							"origin": [18.8125, 9.71875, -119.6875],
							"size": [2, 2, 0],
							"uv": {
								"south": {"uv": [7.28125, 91.96875], "uv_size": [7.25, 7]}
							}
						},
						{
							"origin": [-20.8125, -9.34375, -119.6875],
							"size": [2, 2, 0],
							"uv": {
								"south": {"uv": [14.53125, 98.96875], "uv_size": [-7.25, -7]}
							}
						}
					]
				},
				{
					"name": "text_illuminated",
					"parent": "scope_division_illuminated",
					"pivot": [0, -3.65156, -180],
					"cubes": [
						{
							"origin": [15.8125, -9.40625, -119.6875],
							"size": [5.125, 4.25, 0],
							"uv": {
								"south": {"uv": [4.71875, 60.09375], "uv_size": [31.34375, 24.90625]}
							}
						},
						{
							"origin": [-16.1875, 3.46875, -119.6875],
							"size": [5.125, 1.75, 0],
							"uv": {
								"south": {"uv": [66.75, 0.96875], "uv_size": [44.5, 13.0625]}
							}
						},
						{
							"origin": [-17.9375, -7.875, -119.6875],
							"size": [7.375, 1.375, 0],
							"uv": {
								"south": {"uv": [54.96875, 12.75], "uv_size": [69.25, 13.59375]}
							}
						},
						{
							"origin": [-16.8125, 0, -119.6875],
							"size": [8.25, 1.25, 0],
							"uv": {
								"south": {"uv": [57.46875, 25.71875], "uv_size": [70.5, 11.5]}
							}
						},
						{
							"origin": [-19.0625, 13.34375, -119.6875],
							"size": [9.3125, 1.875, 0],
							"uv": {
								"south": {"uv": [57.59375, 36.15625], "uv_size": [69.25, 13.59375]}
							}
						}
					]
				},
				{
					"name": "scope_view",
					"pivot": [0, 2.40855, 8.625]
				},
				{
					"name": "ocular",
					"pivot": [0, 1.825, 5.25],
					"cubes": [
						{
							"origin": [-1.34727, 1.58672, 2.81875],
							"size": [2.69454, 1.5625, 0.01],
							"uv": {
								"south": {"uv": [55.96875, 60.53125], "uv_size": [0.5, 1.5]}
							}
						},
						{
							"origin": [-1.48047, 1.63398, 2.81875],
							"size": [2.96094, 1.47188, 0.01],
							"uv": {
								"south": {"uv": [50.96875, 66.53125], "uv_size": [1.5, 0.5]}
							}
						}
					]
				},
				{
					"name": "ocular_ring",
					"pivot": [0, 3.875, 9],
					"cubes": [
						{
							"origin": [-1.24198, 3.14645, 2.625],
							"size": [2.48395, 0.12499, 0.25],
							"uv": {
								"north": {"uv": [47, 4], "uv_size": [1, 0.25]},
								"east": {"uv": [51, 18], "uv_size": [0.25, 0.25]},
								"south": {"uv": [47, 6], "uv_size": [1, 0.25]},
								"west": {"uv": [20, 51], "uv_size": [0.25, 0.25]},
								"up": {"uv": [47, 8], "uv_size": [1, 0.25]},
								"down": {"uv": [47, 18.25], "uv_size": [1, -0.25]}
							}
						},
						{
							"origin": [0.83891, 3.24511, 2.625],
							"size": [0.16487, 0.125, 0.25],
							"pivot": [0.79243, 2.30761, 3.125],
							"rotation": [0, 0, 22.5],
							"uv": {
								"north": {"uv": [51, 20], "uv_size": [0.25, 0.25]},
								"east": {"uv": [22, 51], "uv_size": [0.25, 0.25]},
								"south": {"uv": [51, 22], "uv_size": [0.25, 0.25]},
								"west": {"uv": [24, 51], "uv_size": [0.25, 0.25]},
								"up": {"uv": [51, 24], "uv_size": [0.25, 0.25]},
								"down": {"uv": [26, 51.25], "uv_size": [0.25, -0.25]}
							}
						},
						{
							"origin": [0.65661, 3.42741, 2.625],
							"size": [0.16487, 0.125, 0.25],
							"pivot": [0.61013, 2.48991, 3.125],
							"rotation": [0, 0, 45],
							"uv": {
								"north": {"uv": [51, 26], "uv_size": [0.25, 0.25]},
								"east": {"uv": [28, 51], "uv_size": [0.25, 0.25]},
								"south": {"uv": [30, 51], "uv_size": [0.25, 0.25]},
								"west": {"uv": [51, 34], "uv_size": [0.25, 0.25]},
								"up": {"uv": [51, 36], "uv_size": [0.25, 0.25]},
								"down": {"uv": [51, 38.25], "uv_size": [0.25, -0.25]}
							}
						},
						{
							"origin": [1.46094, 2.48788, 2.625],
							"size": [0.125, 0.19613, 0.25],
							"pivot": [0.52344, 2.69922, 3.125],
							"rotation": [0, 0, -22.5],
							"uv": {
								"north": {"uv": [39, 51], "uv_size": [0.25, 0.25]},
								"east": {"uv": [41, 51], "uv_size": [0.25, 0.25]},
								"south": {"uv": [51, 42], "uv_size": [0.25, 0.25]},
								"west": {"uv": [51, 44], "uv_size": [0.25, 0.25]},
								"up": {"uv": [51, 46], "uv_size": [0.25, 0.25]},
								"down": {"uv": [51, 48.25], "uv_size": [0.25, -0.25]}
							}
						},
						{
							"origin": [-1.58594, 2.48788, 2.625],
							"size": [0.125, 0.19613, 0.25],
							"pivot": [-0.52344, 2.69922, 3.125],
							"rotation": [0, 0, 22.5],
							"uv": {
								"north": {"uv": [55, 44], "uv_size": [0.25, 0.25]},
								"east": {"uv": [55, 46], "uv_size": [0.25, 0.25]},
								"south": {"uv": [55, 48], "uv_size": [0.25, 0.25]},
								"west": {"uv": [55, 52], "uv_size": [0.25, 0.25]},
								"up": {"uv": [56, 0], "uv_size": [0.25, 0.25]},
								"down": {"uv": [2, 56.25], "uv_size": [0.25, -0.25]}
							}
						},
						{
							"origin": [-0.82148, 3.42741, 2.625],
							"size": [0.16487, 0.125, 0.25],
							"pivot": [-0.61013, 2.48991, 3.125],
							"rotation": [0, 0, -45],
							"uv": {
								"north": {"uv": [55, 34], "uv_size": [0.25, 0.25]},
								"east": {"uv": [55, 36], "uv_size": [0.25, 0.25]},
								"south": {"uv": [38, 55], "uv_size": [0.25, 0.25]},
								"west": {"uv": [55, 38], "uv_size": [0.25, 0.25]},
								"up": {"uv": [40, 55], "uv_size": [0.25, 0.25]},
								"down": {"uv": [55, 42.25], "uv_size": [0.25, -0.25]}
							}
						},
						{
							"origin": [-1.00378, 3.24511, 2.625],
							"size": [0.16487, 0.125, 0.25],
							"pivot": [-0.79243, 2.30761, 3.125],
							"rotation": [0, 0, -22.5],
							"uv": {
								"north": {"uv": [24, 55], "uv_size": [0.25, 0.25]},
								"east": {"uv": [55, 24], "uv_size": [0.25, 0.25]},
								"south": {"uv": [26, 55], "uv_size": [0.25, 0.25]},
								"west": {"uv": [55, 26], "uv_size": [0.25, 0.25]},
								"up": {"uv": [28, 55], "uv_size": [0.25, 0.25]},
								"down": {"uv": [30, 55.25], "uv_size": [0.25, -0.25]}
							}
						},
						{
							"origin": [1.46094, 1.83943, 2.625],
							"size": [0.125, 1.07114, 0.25],
							"uv": {
								"north": {"uv": [41, 44], "uv_size": [0.25, 1.25]},
								"east": {"uv": [44, 42], "uv_size": [0.25, 1.25]},
								"south": {"uv": [3, 45], "uv_size": [0.25, 1.25]},
								"west": {"uv": [12, 45], "uv_size": [0.25, 1.25]},
								"up": {"uv": [52, 0], "uv_size": [0.25, 0.25]},
								"down": {"uv": [2, 52.25], "uv_size": [0.25, -0.25]}
							}
						},
						{
							"origin": [-1.58594, 1.83943, 2.625],
							"size": [0.125, 1.07114, 0.25],
							"uv": {
								"north": {"uv": [41.25, 44], "uv_size": [-0.25, 1.25]},
								"east": {"uv": [12.25, 45], "uv_size": [-0.25, 1.25]},
								"south": {"uv": [3.25, 45], "uv_size": [-0.25, 1.25]},
								"west": {"uv": [44.25, 42], "uv_size": [-0.25, 1.25]},
								"up": {"uv": [52.25, 0], "uv_size": [-0.25, 0.25]},
								"down": {"uv": [2.25, 52.25], "uv_size": [-0.25, -0.25]}
							}
						},
						{
							"origin": [-1.58594, 2.06599, 2.625],
							"size": [0.125, 0.19613, 0.25],
							"pivot": [-0.52344, 2.05078, 3.125],
							"rotation": [0, 0, -22.5],
							"uv": {
								"north": {"uv": [36, 54], "uv_size": [0.25, 0.25]},
								"east": {"uv": [54, 40], "uv_size": [0.25, 0.25]},
								"south": {"uv": [42, 54], "uv_size": [0.25, 0.25]},
								"west": {"uv": [44, 54], "uv_size": [0.25, 0.25]},
								"up": {"uv": [46, 54], "uv_size": [0.25, 0.25]},
								"down": {"uv": [48, 54.25], "uv_size": [0.25, -0.25]}
							}
						},
						{
							"origin": [-0.82148, 1.19759, 2.625],
							"size": [0.16487, 0.125, 0.25],
							"pivot": [-0.61013, 2.26009, 3.125],
							"rotation": [0, 0, 45],
							"uv": {
								"north": {"uv": [54, 16], "uv_size": [0.25, 0.25]},
								"east": {"uv": [54, 28], "uv_size": [0.25, 0.25]},
								"south": {"uv": [54, 30], "uv_size": [0.25, 0.25]},
								"west": {"uv": [32, 54], "uv_size": [0.25, 0.25]},
								"up": {"uv": [54, 32], "uv_size": [0.25, 0.25]},
								"down": {"uv": [34, 54.25], "uv_size": [0.25, -0.25]}
							}
						},
						{
							"origin": [-1.00378, 1.37989, 2.625],
							"size": [0.16487, 0.125, 0.25],
							"pivot": [-0.79243, 2.44239, 3.125],
							"rotation": [0, 0, 22.5],
							"uv": {
								"north": {"uv": [2, 54], "uv_size": [0.25, 0.25]},
								"east": {"uv": [54, 2], "uv_size": [0.25, 0.25]},
								"south": {"uv": [10, 54], "uv_size": [0.25, 0.25]},
								"west": {"uv": [54, 10], "uv_size": [0.25, 0.25]},
								"up": {"uv": [54, 12], "uv_size": [0.25, 0.25]},
								"down": {"uv": [54, 14.25], "uv_size": [0.25, -0.25]}
							}
						},
						{
							"origin": [0.83891, 1.37989, 2.625],
							"size": [0.16487, 0.125, 0.25],
							"pivot": [0.79243, 2.44239, 3.125],
							"rotation": [0, 0, -22.5],
							"uv": {
								"north": {"uv": [52, 54], "uv_size": [0.25, 0.25]},
								"east": {"uv": [54, 54], "uv_size": [0.25, 0.25]},
								"south": {"uv": [0, 55], "uv_size": [0.25, 0.25]},
								"west": {"uv": [4, 55], "uv_size": [0.25, 0.25]},
								"up": {"uv": [55, 4], "uv_size": [0.25, 0.25]},
								"down": {"uv": [6, 55.25], "uv_size": [0.25, -0.25]}
							}
						},
						{
							"origin": [0.65661, 1.19759, 2.625],
							"size": [0.16487, 0.125, 0.25],
							"pivot": [0.61013, 2.26009, 3.125],
							"rotation": [0, 0, -45],
							"uv": {
								"north": {"uv": [55, 6], "uv_size": [0.25, 0.25]},
								"east": {"uv": [8, 55], "uv_size": [0.25, 0.25]},
								"south": {"uv": [55, 8], "uv_size": [0.25, 0.25]},
								"west": {"uv": [12, 55], "uv_size": [0.25, 0.25]},
								"up": {"uv": [14, 55], "uv_size": [0.25, 0.25]},
								"down": {"uv": [16, 55.25], "uv_size": [0.25, -0.25]}
							}
						},
						{
							"origin": [1.46094, 2.06599, 2.625],
							"size": [0.125, 0.19613, 0.25],
							"pivot": [0.52344, 2.05078, 3.125],
							"rotation": [0, 0, 22.5],
							"uv": {
								"north": {"uv": [18, 55], "uv_size": [0.25, 0.25]},
								"east": {"uv": [55, 18], "uv_size": [0.25, 0.25]},
								"south": {"uv": [20, 55], "uv_size": [0.25, 0.25]},
								"west": {"uv": [55, 20], "uv_size": [0.25, 0.25]},
								"up": {"uv": [22, 55], "uv_size": [0.25, 0.25]},
								"down": {"uv": [55, 22.25], "uv_size": [0.25, -0.25]}
							}
						},
						{
							"origin": [-1.24197, 1.47855, 2.625],
							"size": [2.48395, 0.125, 0.25],
							"uv": {
								"north": {"uv": [48, 32], "uv_size": [1, 0.25]},
								"east": {"uv": [53, 52], "uv_size": [0.25, 0.25]},
								"south": {"uv": [34, 48], "uv_size": [1, 0.25]},
								"west": {"uv": [54, 0], "uv_size": [0.25, 0.25]},
								"up": {"uv": [36, 48], "uv_size": [1, 0.25]},
								"down": {"uv": [38, 48.25], "uv_size": [1, -0.25]}
							}
						}
					]
				}
			]
		}
	]
}