{
	"format_version": "1.12.0",
	"minecraft:geometry": [
		{
			"description": {
				"identifier": "geometry.unknown",
				"texture_width": 128,
				"texture_height": 128,
				"visible_bounds_width": 45,
				"visible_bounds_height": 25,
				"visible_bounds_offset": [0, -2.5, 0]
			},
			"bones": [
				{
					"name": "scope_body",
					"pivot": [0, -2.75, 0]
				},
				{
					"name": "ammo_count_text",
					"parent": "scope_body",
					"pivot": [-0.5, 1.75, 1.875]
				},
				{
					"name": "custom_text_ammo",
					"parent": "scope_body",
					"pivot": [-0.375, 1.75, 1.875]
				},
				{
					"name": "base",
					"parent": "scope_body",
					"pivot": [0, 0, 0],
					"cubes": [
						{
							"origin": [-0.6875, -0.05, -4.1],
							"size": [1.375, 0.3125, 0.3125],
							"pivot": [0, 0.075, -3.975],
							"rotation": [45, 0, 0],
							"uv": {
								"north": {"uv": [42, 28], "uv_size": [1.5, 0.25]},
								"east": {"uv": [52, 2], "uv_size": [0.25, 0.25]},
								"south": {"uv": [42, 30], "uv_size": [1.5, 0.25]},
								"up": {"uv": [42, 32], "uv_size": [1.5, 0.25]},
								"down": {"uv": [35, 42.25], "uv_size": [1.5, -0.25]}
							}
						},
						{
							"origin": [0.6875, -0.14375, -4.19375],
							"size": [0.375, 0.5, 0.5],
							"pivot": [1.375, 0.075, -3.975],
							"rotation": [45, 0, 0],
							"uv": {
								"north": {"uv": [47, 20], "uv_size": [0.5, 0.5]},
								"east": {"uv": [47, 22], "uv_size": [0.5, 0.5]},
								"south": {"uv": [47, 24], "uv_size": [0.5, 0.5]},
								"west": {"uv": [26, 47], "uv_size": [0.5, 0.5]},
								"up": {"uv": [47, 26], "uv_size": [0.5, 0.5]},
								"down": {"uv": [28, 47.5], "uv_size": [0.5, -0.5]}
							}
						},
						{
							"origin": [0.6875, -0.14375, 0.80625],
							"size": [0.375, 0.5, 0.5],
							"pivot": [1.375, 0.075, 1.025],
							"rotation": [45, 0, 0],
							"uv": {
								"north": {"uv": [30, 47], "uv_size": [0.5, 0.5]},
								"east": {"uv": [32, 47], "uv_size": [0.5, 0.5]},
								"south": {"uv": [47, 36], "uv_size": [0.5, 0.5]},
								"west": {"uv": [47, 38], "uv_size": [0.5, 0.5]},
								"up": {"uv": [41, 47], "uv_size": [0.5, 0.5]},
								"down": {"uv": [43, 47.5], "uv_size": [0.5, -0.5]}
							}
						},
						{
							"origin": [-0.6875, -0.05, 0.9],
							"size": [1.375, 0.3125, 0.3125],
							"pivot": [0, 0.075, 1.025],
							"rotation": [45, 0, 0],
							"uv": {
								"north": {"uv": [38, 42], "uv_size": [1.5, 0.25]},
								"east": {"uv": [10, 52], "uv_size": [0.25, 0.25]},
								"south": {"uv": [42, 40], "uv_size": [1.5, 0.25]},
								"up": {"uv": [41, 42], "uv_size": [1.5, 0.25]},
								"down": {"uv": [3, 43.25], "uv_size": [1.5, -0.25]}
							}
						},
						{
							"origin": [-0.72346, -0.05021, -4.5],
							"size": [0.1875, 0.17678, 1],
							"pivot": [-0.16096, 0.04354, -4.25],
							"rotation": [0, 0, 45],
							"uv": {
								"north": {"uv": [52, 10], "uv_size": [0.25, 0.25]},
								"east": {"uv": [2, 48], "uv_size": [1, 0.25]},
								"south": {"uv": [52, 12], "uv_size": [0.25, 0.25]}
							}
						},
						{
							"origin": [0.53596, -0.05021, -4.5],
							"size": [0.1875, 0.17678, 1],
							"pivot": [0.16096, 0.04354, -4.25],
							"rotation": [0, 0, -45],
							"uv": {
								"north": {"uv": [52, 14], "uv_size": [0.25, 0.25]},
								"south": {"uv": [52, 16], "uv_size": [0.25, 0.25]},
								"west": {"uv": [48, 10], "uv_size": [1, 0.25]}
							}
						},
						{
							"origin": [-0.625, -0.25, -4.5],
							"size": [1.25, 0.625, 1],
							"uv": {
								"north": {"uv": [25, 30], "uv_size": [1.25, 0.75]},
								"east": {"uv": [18, 32], "uv_size": [1, 0.75]},
								"south": {"uv": [30, 26], "uv_size": [1.25, 0.75]},
								"west": {"uv": [26, 36], "uv_size": [1, 0.75]},
								"down": {"uv": [30, 1], "uv_size": [1.25, -1]}
							}
						},
						{
							"origin": [-0.5, 0.375, -4.5],
							"size": [1, 0.125, 1],
							"uv": {
								"north": {"uv": [11, 48], "uv_size": [1, 0.25]},
								"south": {"uv": [48, 12], "uv_size": [1, 0.25]},
								"up": {"uv": [15, 11], "uv_size": [1, 1]}
							}
						},
						{
							"origin": [-0.5, 0.375, 0.5],
							"size": [1, 0.125, 1],
							"uv": {
								"north": {"uv": [48, 14], "uv_size": [1, 0.25]},
								"south": {"uv": [48, 16], "uv_size": [1, 0.25]},
								"up": {"uv": [12, 23], "uv_size": [1, 1]}
							}
						},
						{
							"origin": [0.53596, -0.05021, 0.5],
							"size": [0.1875, 0.17678, 1],
							"pivot": [0.16096, 0.04354, 1],
							"rotation": [0, 0, -45],
							"uv": {
								"north": {"uv": [52, 28], "uv_size": [0.25, 0.25]},
								"south": {"uv": [52, 30], "uv_size": [0.25, 0.25]},
								"west": {"uv": [48, 28], "uv_size": [1, 0.25]}
							}
						},
						{
							"origin": [-0.625, -0.25, 0.5],
							"size": [1.25, 0.625, 1],
							"uv": {
								"north": {"uv": [31, 28], "uv_size": [1.25, 0.75]},
								"east": {"uv": [36, 26], "uv_size": [1, 0.75]},
								"south": {"uv": [31, 30], "uv_size": [1.25, 0.75]},
								"west": {"uv": [30, 36], "uv_size": [1, 0.75]},
								"down": {"uv": [4, 31], "uv_size": [1.25, -1]}
							}
						},
						{
							"origin": [-0.72346, -0.05021, 0.5],
							"size": [0.1875, 0.17678, 1],
							"pivot": [-0.16096, 0.04354, 1],
							"rotation": [0, 0, 45],
							"uv": {
								"north": {"uv": [32, 52], "uv_size": [0.25, 0.25]},
								"east": {"uv": [48, 30], "uv_size": [1, 0.25]},
								"south": {"uv": [52, 32], "uv_size": [0.25, 0.25]}
							}
						},
						{
							"origin": [-0.65625, 1.15625, -3.46875],
							"size": [1.3125, 0.28125, 3.875],
							"uv": {
								"north": {"uv": [29, 45], "uv_size": [1.25, 0.25]},
								"east": {"uv": [30, 19], "uv_size": [4, 0.25]},
								"south": {"uv": [45, 30], "uv_size": [1.25, 0.25]},
								"west": {"uv": [30, 21], "uv_size": [4, 0.25]},
								"up": {"uv": [0, 16], "uv_size": [1.25, 4]},
								"down": {"uv": [8, 20], "uv_size": [1.25, -4]}
							}
						},
						{
							"origin": [-0.65625, 1.56585, -0.01771],
							"size": [1.3125, 0.12165, 0.33021],
							"pivot": [0, 1.64063, 0.65625],
							"rotation": [60, 0, 0],
							"uv": {
								"north": {"uv": [32, 45], "uv_size": [1.25, 0.25]},
								"east": {"uv": [4, 53], "uv_size": [0.25, 0.25]},
								"south": {"uv": [45, 32], "uv_size": [1.25, 0.25]},
								"west": {"uv": [53, 4], "uv_size": [0.25, 0.25]},
								"up": {"uv": [45, 40], "uv_size": [1.25, 0.25]},
								"down": {"uv": [43, 45.25], "uv_size": [1.25, -0.25]}
							}
						},
						{
							"origin": [-0.65625, 1.52288, 0.32604],
							"size": [1.3125, 0.07087, 0.33021],
							"pivot": [0, 1.57813, 1],
							"rotation": [30, 0, 0],
							"uv": {
								"north": {"uv": [46, 34], "uv_size": [1.25, 0.25]},
								"east": {"uv": [54, 56], "uv_size": [0.25, 0.25]},
								"south": {"uv": [35, 46], "uv_size": [1.25, 0.25]},
								"west": {"uv": [56, 54], "uv_size": [0.25, 0.25]},
								"up": {"uv": [38, 46], "uv_size": [1.25, 0.25]},
								"down": {"uv": [46, 42.25], "uv_size": [1.25, -0.25]}
							}
						},
						{
							"origin": [0.3125, -0.125, 0.28125],
							"size": [0.28125, 1.40625, 0.4375],
							"pivot": [0.5625, 0.625, 0.625],
							"rotation": [50, 0, 0],
							"uv": {
								"north": {"uv": [27, 42], "uv_size": [0.25, 1.5]},
								"east": {"uv": [32, 36], "uv_size": [0.5, 1.5]},
								"south": {"uv": [6, 43], "uv_size": [0.25, 1.5]},
								"west": {"uv": [34, 36], "uv_size": [0.5, 1.5]},
								"up": {"uv": [23, 49], "uv_size": [0.25, 0.5]},
								"down": {"uv": [49, 24.5], "uv_size": [0.25, -0.5]}
							}
						},
						{
							"origin": [-0.65625, 0.75, -3.21875],
							"size": [1.3125, 0.40625, 3.625],
							"uv": {
								"north": {"uv": [37, 12], "uv_size": [1.25, 0.5]},
								"east": {"uv": [24, 11], "uv_size": [3.75, 0.5]},
								"south": {"uv": [37, 14], "uv_size": [1.25, 0.5]},
								"west": {"uv": [25, 0], "uv_size": [3.75, 0.5]},
								"up": {"uv": [11, 16], "uv_size": [1.25, 3.75]},
								"down": {"uv": [17, 17.75], "uv_size": [1.25, -3.75]}
							}
						},
						{
							"origin": [-0.65625, 1.31375, -3.50556],
							"size": [1.3125, 0.1862, 0.18606],
							"pivot": [0, 1.26688, -3.35075],
							"rotation": [60, 0, 0],
							"uv": {
								"north": {"uv": [44, 38], "uv_size": [1.25, 0.25]},
								"east": {"uv": [34, 52], "uv_size": [0.25, 0.25]},
								"south": {"uv": [45, 10], "uv_size": [1.25, 0.25]},
								"west": {"uv": [36, 52], "uv_size": [0.25, 0.25]},
								"up": {"uv": [26, 45], "uv_size": [1.25, 0.25]},
								"down": {"uv": [45, 28.25], "uv_size": [1.25, -0.25]}
							}
						},
						{
							"origin": [-0.65625, 1.36762, -3.69204],
							"size": [1.3125, 0.2285, 0.25172],
							"pivot": [0, 1.42425, -3.44032],
							"rotation": [30, 0, 0],
							"uv": {
								"north": {"uv": [46, 44], "uv_size": [1.25, 0.25]},
								"east": {"uv": [56, 56], "uv_size": [0.25, 0.25]},
								"south": {"uv": [46, 46], "uv_size": [1.25, 0.25]},
								"west": {"uv": [0, 57], "uv_size": [0.25, 0.25]},
								"up": {"uv": [47, 0], "uv_size": [1.25, 0.25]},
								"down": {"uv": [47, 2.25], "uv_size": [1.25, -0.25]}
							}
						},
						{
							"origin": [-0.59375, -0.125, 0.28125],
							"size": [0.28125, 1.40625, 0.4375],
							"pivot": [-0.5625, 0.625, 0.625],
							"rotation": [50, 0, 0],
							"uv": {
								"north": {"uv": [8, 43], "uv_size": [0.25, 1.5]},
								"east": {"uv": [36, 36], "uv_size": [0.5, 1.5]},
								"south": {"uv": [10, 43], "uv_size": [0.25, 1.5]},
								"west": {"uv": [2, 37], "uv_size": [0.5, 1.5]},
								"up": {"uv": [25, 49], "uv_size": [0.25, 0.5]},
								"down": {"uv": [49, 26.5], "uv_size": [0.25, -0.5]}
							}
						},
						{
							"origin": [0.3125, -0.125, -3.59375],
							"size": [0.28125, 1.625, 0.4375],
							"pivot": [0.5625, 0.625, -3.5],
							"rotation": [-60, 0, 0],
							"uv": {
								"north": {"uv": [37, 28], "uv_size": [0.25, 1.75]},
								"east": {"uv": [32, 10], "uv_size": [0.5, 1.75]},
								"south": {"uv": [37, 31], "uv_size": [0.25, 1.75]},
								"west": {"uv": [13, 32], "uv_size": [0.5, 1.75]},
								"up": {"uv": [31, 49], "uv_size": [0.25, 0.5]},
								"down": {"uv": [49, 34.5], "uv_size": [0.25, -0.5]}
							}
						},
						{
							"origin": [-0.59375, -0.125, -3.59375],
							"size": [0.28125, 1.625, 0.4375],
							"pivot": [-0.5625, 0.625, -3.5],
							"rotation": [-60, 0, 0],
							"uv": {
								"north": {"uv": [17, 37], "uv_size": [0.25, 1.75]},
								"east": {"uv": [7, 30], "uv_size": [0.5, 1.75]},
								"south": {"uv": [19, 37], "uv_size": [0.25, 1.75]},
								"west": {"uv": [4, 32], "uv_size": [0.5, 1.75]},
								"up": {"uv": [27, 49], "uv_size": [0.25, 0.5]},
								"down": {"uv": [29, 49.5], "uv_size": [0.25, -0.5]}
							}
						}
					]
				},
				{
					"name": "shell",
					"parent": "scope_body",
					"pivot": [0, 0, 0],
					"cubes": [
						{
							"origin": [-0.75, 1.4375, -6.09375],
							"size": [1.5, 1.5, 5.25],
							"uv": {
								"north": {"uv": [20, 22], "uv_size": [1.5, 1.5]},
								"east": {"uv": [9, 0], "uv_size": [5.25, 1.5]},
								"south": {"uv": [3, 23], "uv_size": [1.5, 1.5]},
								"west": {"uv": [9, 3], "uv_size": [5.25, 1.5]},
								"up": {"uv": [9, 6], "uv_size": [1.5, 5.25]},
								"down": {"uv": [12, 11.25], "uv_size": [1.5, -5.25]}
							}
						},
						{
							"origin": [-0.75, 2.8125, -0.84375],
							"size": [1.5, 0.125, 1.375],
							"uv": {
								"north": {"uv": [43, 12], "uv_size": [1.5, 0.25]},
								"east": {"uv": [43, 14], "uv_size": [1.5, 0.25]},
								"south": {"uv": [43, 16], "uv_size": [1.5, 0.25]},
								"west": {"uv": [29, 43], "uv_size": [1.5, 0.25]},
								"up": {"uv": [6, 23], "uv_size": [1.5, 1.5]},
								"down": {"uv": [9, 24.5], "uv_size": [1.5, -1.5]}
							}
						},
						{
							"origin": [-0.75, 2.8125, -6.21875],
							"size": [1.5, 0.125, 0.125],
							"uv": {
								"north": {"uv": [44, 2], "uv_size": [1.5, 0.25]},
								"east": {"uv": [53, 20], "uv_size": [0.25, 0.25]},
								"south": {"uv": [44, 4], "uv_size": [1.5, 0.25]},
								"west": {"uv": [22, 53], "uv_size": [0.25, 0.25]},
								"up": {"uv": [44, 6], "uv_size": [1.5, 0.25]},
								"down": {"uv": [44, 8.25], "uv_size": [1.5, -0.25]}
							}
						},
						{
							"origin": [-0.75, 1.4375, -6.21875],
							"size": [1.5, 0.125, 0.125],
							"uv": {
								"north": {"uv": [14, 44], "uv_size": [1.5, 0.25]},
								"east": {"uv": [53, 22], "uv_size": [0.25, 0.25]},
								"south": {"uv": [17, 44], "uv_size": [1.5, 0.25]},
								"west": {"uv": [24, 53], "uv_size": [0.25, 0.25]},
								"up": {"uv": [44, 18], "uv_size": [1.5, 0.25]},
								"down": {"uv": [20, 44.25], "uv_size": [1.5, -0.25]}
							}
						},
						{
							"origin": [0.75, 1.5625, -6.21875],
							"size": [0.125, 1.25, 0.125],
							"uv": {
								"north": {"uv": [0, 46], "uv_size": [0.25, 1.25]},
								"east": {"uv": [5, 46], "uv_size": [0.25, 1.25]},
								"south": {"uv": [7, 46], "uv_size": [0.25, 1.25]},
								"west": {"uv": [9, 46], "uv_size": [0.25, 1.25]},
								"up": {"uv": [53, 24], "uv_size": [0.25, 0.25]},
								"down": {"uv": [26, 53.25], "uv_size": [0.25, -0.25]}
							}
						},
						{
							"origin": [-0.875, 1.5625, -6.21875],
							"size": [0.125, 1.25, 0.125],
							"uv": {
								"north": {"uv": [46, 12], "uv_size": [0.25, 1.25]},
								"east": {"uv": [14, 46], "uv_size": [0.25, 1.25]},
								"south": {"uv": [46, 15], "uv_size": [0.25, 1.25]},
								"west": {"uv": [16, 46], "uv_size": [0.25, 1.25]},
								"up": {"uv": [53, 26], "uv_size": [0.25, 0.25]},
								"down": {"uv": [28, 53.25], "uv_size": [0.25, -0.25]}
							}
						},
						{
							"origin": [-0.875, 3.46875, -0.06916],
							"size": [1.75, 0.15755, 0.60041],
							"pivot": [0, 2.875, 0.78125],
							"rotation": [45, 0, 0],
							"uv": {
								"north": {"uv": [37, 16], "uv_size": [1.75, 0.25]},
								"east": {"uv": [49, 36], "uv_size": [0.5, 0.25]},
								"south": {"uv": [37, 34], "uv_size": [1.75, 0.25]},
								"west": {"uv": [49, 38], "uv_size": [0.5, 0.25]},
								"up": {"uv": [31, 32], "uv_size": [1.75, 0.5]},
								"down": {"uv": [33, 0.5], "uv_size": [1.75, -0.5]}
							}
						},
						{
							"origin": [-0.875, 2.8125, 0.07322],
							"size": [1.75, 0.41697, 2.08303],
							"uv": {
								"north": {"uv": [6, 33], "uv_size": [1.75, 0.5]},
								"east": {"uv": [17, 30], "uv_size": [2, 0.5]},
								"south": {"uv": [33, 26], "uv_size": [1.75, 0.5]},
								"west": {"uv": [22, 30], "uv_size": [2, 0.5]},
								"up": {"uv": [17, 19], "uv_size": [1.75, 2]},
								"down": {"uv": [3, 22], "uv_size": [1.75, -2]}
							}
						},
						{
							"origin": [-0.8125, 2.78125, 2.13672],
							"size": [1.625, 0.29197, 0.09375],
							"uv": {
								"north": {"uv": [38, 6], "uv_size": [1.75, 0.25]},
								"east": {"uv": [30, 53], "uv_size": [0.25, 0.25]},
								"south": {"uv": [38, 8], "uv_size": [1.75, 0.25]},
								"west": {"uv": [53, 34], "uv_size": [0.25, 0.25]},
								"up": {"uv": [38, 18], "uv_size": [1.75, 0.25]},
								"down": {"uv": [38, 20.25], "uv_size": [1.75, -0.25]}
							}
						},
						{
							"origin": [0.11455, 2.38101, -6.21875],
							"size": [0.09375, 0.17678, 6.75],
							"pivot": [0.0208, 3.40154, 0.625],
							"rotation": [0, 0, -45],
							"uv": {
								"north": {"uv": [52, 40], "uv_size": [0.25, 0.25]},
								"east": {"uv": [26, 13], "uv_size": [6.75, 0.25]},
								"south": {"uv": [43, 52], "uv_size": [0.25, 0.25]},
								"west": {"uv": [26, 15], "uv_size": [6.75, 0.25]},
								"up": {"uv": [9, 26], "uv_size": [0.25, 6.75]},
								"down": {"uv": [26, 23.75], "uv_size": [0.25, -6.75]}
							}
						},
						{
							"origin": [-0.2083, 2.38101, -6.21875],
							"size": [0.09375, 0.17678, 6.75],
							"pivot": [-0.0208, 3.40154, 0.625],
							"rotation": [0, 0, 45],
							"uv": {
								"north": {"uv": [45, 52], "uv_size": [0.25, 0.25]},
								"east": {"uv": [22, 26], "uv_size": [6.75, 0.25]},
								"south": {"uv": [47, 52], "uv_size": [0.25, 0.25]},
								"west": {"uv": [27, 8], "uv_size": [6.75, 0.25]},
								"up": {"uv": [0, 27], "uv_size": [0.25, 6.75]},
								"down": {"uv": [11, 33.75], "uv_size": [0.25, -6.75]}
							}
						},
						{
							"origin": [0.11455, 1.81721, -6.21875],
							"size": [0.09375, 0.17678, 5.375],
							"pivot": [0.0208, 0.97346, 0.625],
							"rotation": [0, 0, 45],
							"uv": {
								"north": {"uv": [51, 52], "uv_size": [0.25, 0.25]},
								"east": {"uv": [22, 28], "uv_size": [5.5, 0.25]},
								"south": {"uv": [0, 53], "uv_size": [0.25, 0.25]},
								"west": {"uv": [28, 24], "uv_size": [5.5, 0.25]},
								"up": {"uv": [29, 28], "uv_size": [0.25, 5.5]},
								"down": {"uv": [2, 35.5], "uv_size": [0.25, -5.5]}
							}
						},
						{
							"origin": [-0.2083, 1.81721, -6.21875],
							"size": [0.09375, 0.17678, 5.375],
							"pivot": [-0.0208, 0.97346, 0.625],
							"rotation": [0, 0, -45],
							"uv": {
								"north": {"uv": [49, 52], "uv_size": [0.25, 0.25]},
								"east": {"uv": [2, 28], "uv_size": [5.5, 0.25]},
								"south": {"uv": [52, 50], "uv_size": [0.25, 0.25]},
								"west": {"uv": [13, 28], "uv_size": [5.5, 0.25]},
								"up": {"uv": [28, 17], "uv_size": [0.25, 5.5]},
								"down": {"uv": [20, 33.5], "uv_size": [0.25, -5.5]}
							}
						},
						{
							"origin": [-0.875, 1.5625, -6.09375],
							"size": [1.75, 1.25, 4.6875],
							"uv": {
								"north": {"uv": [23, 20], "uv_size": [1.75, 1.25]},
								"east": {"uv": [16, 0], "uv_size": [4.75, 1.25]},
								"south": {"uv": [23, 23], "uv_size": [1.75, 1.25]},
								"west": {"uv": [16, 3], "uv_size": [4.75, 1.25]},
								"up": {"uv": [3, 8], "uv_size": [1.75, 4.75]},
								"down": {"uv": [6, 12.75], "uv_size": [1.75, -4.75]}
							}
						},
						{
							"origin": [-0.875, 2.4375, -0.46875],
							"size": [1.75, 0.375, 2.59375],
							"uv": {
								"north": {"uv": [22, 32], "uv_size": [1.75, 0.5]},
								"east": {"uv": [13, 30], "uv_size": [2.5, 0.5]},
								"south": {"uv": [25, 32], "uv_size": [1.75, 0.5]},
								"west": {"uv": [30, 17], "uv_size": [2.5, 0.5]},
								"up": {"uv": [18, 6], "uv_size": [1.75, 2.5]},
								"down": {"uv": [14, 20.5], "uv_size": [1.75, -2.5]}
							}
						},
						{
							"origin": [0.75, 2.4375, 2.125],
							"size": [0.125, 0.375, 0.25],
							"uv": {
								"north": {"uv": [40, 49], "uv_size": [0.25, 0.5]},
								"east": {"uv": [42, 49], "uv_size": [0.25, 0.5]},
								"south": {"uv": [49, 42], "uv_size": [0.25, 0.5]},
								"west": {"uv": [49, 44], "uv_size": [0.25, 0.5]},
								"up": {"uv": [16, 53], "uv_size": [0.25, 0.25]},
								"down": {"uv": [18, 53.25], "uv_size": [0.25, -0.25]}
							}
						},
						{
							"origin": [-0.875, 2.4375, 2.125],
							"size": [0.125, 0.375, 0.25],
							"uv": {
								"north": {"uv": [49, 46], "uv_size": [0.25, 0.5]},
								"east": {"uv": [49, 48], "uv_size": [0.25, 0.5]},
								"south": {"uv": [50, 0], "uv_size": [0.25, 0.5]},
								"west": {"uv": [2, 50], "uv_size": [0.25, 0.5]},
								"up": {"uv": [53, 18], "uv_size": [0.25, 0.25]},
								"down": {"uv": [20, 53.25], "uv_size": [0.25, -0.25]}
							}
						},
						{
							"origin": [-0.875, 1.93608, 2.19117],
							"size": [0.125, 0.79524, 0.20654],
							"pivot": [0, 2.52983, 1.34742],
							"rotation": [30, 0, 0],
							"uv": {
								"north": {"uv": [47, 48], "uv_size": [0.25, 0.75]},
								"east": {"uv": [0, 49], "uv_size": [0.25, 0.75]},
								"south": {"uv": [4, 49], "uv_size": [0.25, 0.75]},
								"west": {"uv": [49, 4], "uv_size": [0.25, 0.75]},
								"up": {"uv": [6, 53], "uv_size": [0.25, 0.25]},
								"down": {"uv": [53, 6.25], "uv_size": [0.25, -0.25]}
							}
						},
						{
							"origin": [-0.75, 2.56108, 2.19117],
							"size": [1.5, 0.17024, 0.20654],
							"pivot": [0, 2.52983, 1.34742],
							"rotation": [30, 0, 0],
							"uv": {
								"north": {"uv": [32, 43], "uv_size": [1.5, 0.25]},
								"east": {"uv": [12, 53], "uv_size": [0.25, 0.25]},
								"south": {"uv": [43, 34], "uv_size": [1.5, 0.25]},
								"west": {"uv": [14, 53], "uv_size": [0.25, 0.25]},
								"up": {"uv": [0, 44], "uv_size": [1.5, 0.25]},
								"down": {"uv": [44, 0.25], "uv_size": [1.5, -0.25]}
							}
						},
						{
							"origin": [0.75, 1.93608, 2.19117],
							"size": [0.125, 0.79524, 0.20654],
							"pivot": [0, 2.52983, 1.34742],
							"rotation": [30, 0, 0],
							"uv": {
								"north": {"uv": [6, 49], "uv_size": [0.25, 0.75]},
								"east": {"uv": [49, 6], "uv_size": [0.25, 0.75]},
								"south": {"uv": [8, 49], "uv_size": [0.25, 0.75]},
								"west": {"uv": [49, 8], "uv_size": [0.25, 0.75]},
								"up": {"uv": [8, 53], "uv_size": [0.25, 0.25]},
								"down": {"uv": [53, 8.25], "uv_size": [0.25, -0.25]}
							}
						},
						{
							"origin": [-0.875, 1.5625, -1.34375],
							"size": [1.75, 0.375, 0.625],
							"pivot": [0, 2.1875, -1.59375],
							"rotation": [-45, 0, 0],
							"uv": {
								"north": {"uv": [32, 6], "uv_size": [1.75, 0.5]},
								"east": {"uv": [43, 10], "uv_size": [0.75, 0.5]},
								"south": {"uv": [15, 32], "uv_size": [1.75, 0.5]},
								"west": {"uv": [12, 43], "uv_size": [0.75, 0.5]},
								"up": {"uv": [29, 6], "uv_size": [1.75, 0.75]},
								"down": {"uv": [29, 10.75], "uv_size": [1.75, -0.75]}
							}
						},
						{
							"origin": [-0.875, 1.60126, -1.1934],
							"size": [1.75, 0.89874, 1.80768],
							"pivot": [0, 2.1875, -0.29197],
							"rotation": [47.5, 0, 0],
							"uv": {
								"north": {"uv": [25, 2], "uv_size": [1.75, 1]},
								"east": {"uv": [25, 4], "uv_size": [1.75, 1]},
								"south": {"uv": [12, 25], "uv_size": [1.75, 1]},
								"west": {"uv": [15, 25], "uv_size": [1.75, 1]},
								"up": {"uv": [0, 21], "uv_size": [1.75, 1.75]},
								"down": {"uv": [21, 9.75], "uv_size": [1.75, -1.75]}
							}
						},
						{
							"origin": [-0.875, 1.12684, -1.41697],
							"size": [1.75, 1.68566, 0.94822],
							"uv": {
								"north": {"uv": [21, 11], "uv_size": [1.75, 1.75]},
								"east": {"uv": [18, 25], "uv_size": [1, 1.75]},
								"south": {"uv": [22, 0], "uv_size": [1.75, 1.75]},
								"west": {"uv": [20, 25], "uv_size": [1, 1.75]},
								"up": {"uv": [3, 26], "uv_size": [1.75, 1]},
								"down": {"uv": [6, 27], "uv_size": [1.75, -1]}
							}
						}
					]
				},
				{
					"name": "scope",
					"parent": "scope_body",
					"pivot": [0, 0, 0],
					"cubes": [
						{
							"origin": [-0.65625, 1.3125, 0.03125],
							"size": [1.3125, 1.625, 2.78125],
							"uv": {
								"north": {"uv": [0, 24], "uv_size": [1.25, 1.75]},
								"east": {"uv": [3, 17], "uv_size": [2.75, 1.75]},
								"south": {"uv": [24, 8], "uv_size": [1.25, 1.75]},
								"west": {"uv": [17, 11], "uv_size": [2.75, 1.75]},
								"up": {"uv": [20, 14], "uv_size": [1.25, 2.75]},
								"down": {"uv": [20, 20.75], "uv_size": [1.25, -2.75]}
							}
						},
						{
							"origin": [-0.78125, 1.4375, -1.21875],
							"size": [1.5625, 1.375, 4.03125],
							"uv": {
								"north": {"uv": [23, 14], "uv_size": [1.5, 1.5]},
								"east": {"uv": [9, 13], "uv_size": [4, 1.5]},
								"south": {"uv": [3.78125, 56.53125], "uv_size": [0.65625, 0.6875]},
								"west": {"uv": [3, 14], "uv_size": [4, 1.5]},
								"up": {"uv": [14, 13], "uv_size": [1.5, 4]},
								"down": {"uv": [15, 10], "uv_size": [1.5, -4]}
							}
						},
						{
							"origin": [0.90468, 2.74713, 2.03125],
							"size": [0.09375, 0.17678, 0.78125],
							"pivot": [0.81093, 2.51766, 0.625],
							"rotation": [0, 0, -45],
							"uv": {
								"north": {"uv": [53, 36], "uv_size": [0.25, 0.25]},
								"east": {"uv": [13, 49], "uv_size": [0.75, 0.25]},
								"south": {"uv": [38, 53], "uv_size": [0.25, 0.25]},
								"west": {"uv": [15, 49], "uv_size": [0.75, 0.25]},
								"up": {"uv": [17, 49], "uv_size": [0.25, 0.75]},
								"down": {"uv": [49, 18.75], "uv_size": [0.25, -0.75]}
							}
						},
						{
							"origin": [0.90468, 1.32609, -0.46875],
							"size": [0.09375, 0.17678, 3.28125],
							"pivot": [0.81093, 1.73234, 0.625],
							"rotation": [0, 0, 45],
							"uv": {
								"north": {"uv": [53, 38], "uv_size": [0.25, 0.25]},
								"east": {"uv": [36, 0], "uv_size": [3.25, 0.25]},
								"south": {"uv": [40, 53], "uv_size": [0.25, 0.25]},
								"west": {"uv": [36, 2], "uv_size": [3.25, 0.25]},
								"up": {"uv": [0, 35], "uv_size": [0.25, 3.25]},
								"down": {"uv": [13, 38.25], "uv_size": [0.25, -3.25]}
							}
						},
						{
							"origin": [-0.99843, 2.74713, 2.03125],
							"size": [0.09375, 0.17678, 0.78125],
							"pivot": [-0.81093, 2.51766, 0.625],
							"rotation": [0, 0, 45],
							"uv": {
								"north": {"uv": [53, 46], "uv_size": [0.25, 0.25]},
								"east": {"uv": [19, 49], "uv_size": [0.75, 0.25]},
								"south": {"uv": [53, 48], "uv_size": [0.25, 0.25]},
								"west": {"uv": [49, 20], "uv_size": [0.75, 0.25]},
								"up": {"uv": [21, 49], "uv_size": [0.25, 0.75]},
								"down": {"uv": [49, 22.75], "uv_size": [0.25, -0.75]}
							}
						},
						{
							"origin": [-0.99843, 1.32609, -0.46875],
							"size": [0.09375, 0.17678, 3.28125],
							"pivot": [-0.81093, 1.73234, 0.625],
							"rotation": [0, 0, -45],
							"uv": {
								"north": {"uv": [53, 42], "uv_size": [0.25, 0.25]},
								"east": {"uv": [36, 4], "uv_size": [3.25, 0.25]},
								"south": {"uv": [53, 44], "uv_size": [0.25, 0.25]},
								"west": {"uv": [21, 36], "uv_size": [3.25, 0.25]},
								"up": {"uv": [28, 35], "uv_size": [0.25, 3.25]},
								"down": {"uv": [15, 39.25], "uv_size": [0.25, -3.25]}
							}
						}
					]
				},
				{
					"name": "deco",
					"parent": "scope_body",
					"pivot": [0, 0, 0],
					"cubes": [
						{
							"origin": [-0.6875, 1.25, 1.875],
							"size": [1.375, 0.5, 0.5],
							"uv": {
								"north": {"uv": [4, 37], "uv_size": [1.5, 0.5]},
								"east": {"uv": [48, 40], "uv_size": [0.5, 0.5]},
								"south": {"uv": [7, 37], "uv_size": [1.5, 0.5]},
								"west": {"uv": [45, 48], "uv_size": [0.5, 0.5]},
								"up": {"uv": [10, 37], "uv_size": [1.5, 0.5]},
								"down": {"uv": [37, 10.5], "uv_size": [1.5, -0.5]}
							}
						},
						{
							"origin": [-0.84375, 1.40625, 1.875],
							"size": [1.6875, 0.34375, 0.5],
							"uv": {
								"north": {"uv": [21, 38], "uv_size": [1.75, 0.25]},
								"east": {"uv": [50, 2], "uv_size": [0.5, 0.25]},
								"south": {"uv": [38, 22], "uv_size": [1.75, 0.25]},
								"west": {"uv": [10, 50], "uv_size": [0.5, 0.25]},
								"up": {"uv": [34, 10], "uv_size": [1.75, 0.5]},
								"down": {"uv": [34, 12.5], "uv_size": [1.75, -0.5]}
							}
						},
						{
							"origin": [-0.71875, 0.90625, 0.125],
							"size": [1.4375, 0.15, 0.15],
							"pivot": [0, 0.98125, 0.2],
							"rotation": [-45, 0, 0],
							"uv": {
								"north": {"uv": [44, 20], "uv_size": [1.5, 0.25]},
								"east": {"uv": [56, 14], "uv_size": [0.25, 0.25]},
								"south": {"uv": [44, 22], "uv_size": [1.5, 0.25]},
								"west": {"uv": [56, 16], "uv_size": [0.25, 0.25]},
								"up": {"uv": [23, 44], "uv_size": [1.5, 0.25]},
								"down": {"uv": [44, 24.25], "uv_size": [1.5, -0.25]}
							}
						},
						{
							"origin": [-0.71875, 0.90625, -3],
							"size": [1.4375, 0.15, 0.15],
							"pivot": [0, 0.98125, -2.925],
							"rotation": [-45, 0, 0],
							"uv": {
								"north": {"uv": [44, 26], "uv_size": [1.5, 0.25]},
								"east": {"uv": [56, 28], "uv_size": [0.25, 0.25]},
								"south": {"uv": [35, 44], "uv_size": [1.5, 0.25]},
								"west": {"uv": [56, 30], "uv_size": [0.25, 0.25]},
								"up": {"uv": [44, 36], "uv_size": [1.5, 0.25]},
								"down": {"uv": [38, 44.25], "uv_size": [1.5, -0.25]}
							}
						},
						{
							"origin": [0.56824, 1.09597, 1.875],
							"size": [0.22097, 0.06472, 0.5],
							"pivot": [0.44194, 1.31694, 2.125],
							"rotation": [0, 0, -45],
							"uv": {
								"north": {"uv": [56, 2], "uv_size": [0.25, 0.25]},
								"east": {"uv": [50, 10], "uv_size": [0.5, 0.25]},
								"south": {"uv": [10, 56], "uv_size": [0.25, 0.25]},
								"west": {"uv": [50, 12], "uv_size": [0.5, 0.25]},
								"up": {"uv": [50, 14], "uv_size": [0.25, 0.5]},
								"down": {"uv": [50, 16.5], "uv_size": [0.25, -0.5]}
							}
						},
						{
							"origin": [-0.78921, 1.09597, 1.875],
							"size": [0.22097, 0.06472, 0.5],
							"pivot": [-0.44194, 1.31694, 2.125],
							"rotation": [0, 0, 45],
							"uv": {
								"north": {"uv": [56, 10], "uv_size": [0.25, 0.25]},
								"east": {"uv": [50, 28], "uv_size": [0.5, 0.25]},
								"south": {"uv": [56, 12], "uv_size": [0.25, 0.25]},
								"west": {"uv": [50, 30], "uv_size": [0.5, 0.25]},
								"up": {"uv": [50, 32], "uv_size": [0.25, 0.5]},
								"down": {"uv": [33, 50.5], "uv_size": [0.25, -0.5]}
							}
						},
						{
							"origin": [-0.875, 1.64645, 0.375],
							"size": [1.75, 0.2071, 0.5],
							"pivot": [0, 1.75, 0.625],
							"rotation": [-45, 0, 0],
							"uv": {
								"north": {"uv": [38, 38], "uv_size": [1.75, 0.25]},
								"east": {"uv": [35, 50], "uv_size": [0.5, 0.25]},
								"south": {"uv": [4, 39], "uv_size": [1.75, 0.25]},
								"west": {"uv": [37, 50], "uv_size": [0.5, 0.25]},
								"up": {"uv": [34, 14], "uv_size": [1.75, 0.5]},
								"down": {"uv": [15, 34.5], "uv_size": [1.75, -0.5]}
							}
						},
						{
							"origin": [-0.875, 1.64645, 0.375],
							"size": [1.75, 0.2071, 0.5],
							"uv": {
								"north": {"uv": [7, 39], "uv_size": [1.75, 0.25]},
								"east": {"uv": [50, 40], "uv_size": [0.5, 0.25]},
								"south": {"uv": [10, 39], "uv_size": [1.75, 0.25]},
								"west": {"uv": [44, 50], "uv_size": [0.5, 0.25]},
								"up": {"uv": [34, 16], "uv_size": [1.75, 0.5]},
								"down": {"uv": [22, 34.5], "uv_size": [1.75, -0.5]}
							}
						},
						{
							"origin": [-0.875, 1.5, 0.52145],
							"size": [1.75, 0.5, 0.2071],
							"pivot": [0, 1.75, 0.625],
							"rotation": [-45, 0, 0],
							"uv": {
								"north": {"uv": [25, 34], "uv_size": [1.75, 0.5]},
								"east": {"uv": [46, 50], "uv_size": [0.25, 0.5]},
								"south": {"uv": [34, 28], "uv_size": [1.75, 0.5]},
								"west": {"uv": [48, 50], "uv_size": [0.25, 0.5]},
								"up": {"uv": [39, 28], "uv_size": [1.75, 0.25]},
								"down": {"uv": [30, 39.25], "uv_size": [1.75, -0.25]}
							}
						},
						{
							"origin": [-0.875, 1.5, 0.52145],
							"size": [1.75, 0.5, 0.2071],
							"uv": {
								"north": {"uv": [34, 30], "uv_size": [1.75, 0.5]},
								"east": {"uv": [50, 50], "uv_size": [0.25, 0.5]},
								"south": {"uv": [31, 34], "uv_size": [1.75, 0.5]},
								"west": {"uv": [0, 51], "uv_size": [0.25, 0.5]},
								"up": {"uv": [39, 30], "uv_size": [1.75, 0.25]},
								"down": {"uv": [39, 32.25], "uv_size": [1.75, -0.25]}
							}
						},
						{
							"origin": [-0.875, 1.5, 1.27145],
							"size": [1.75, 0.5, 0.2071],
							"uv": {
								"north": {"uv": [10, 35], "uv_size": [1.75, 0.5]},
								"east": {"uv": [12, 51], "uv_size": [0.25, 0.5]},
								"south": {"uv": [18, 35], "uv_size": [1.75, 0.5]},
								"west": {"uv": [14, 51], "uv_size": [0.25, 0.5]},
								"up": {"uv": [17, 40], "uv_size": [1.75, 0.25]},
								"down": {"uv": [20, 40.25], "uv_size": [1.75, -0.25]}
							}
						},
						{
							"origin": [-0.875, 1.5, 1.27145],
							"size": [1.75, 0.5, 0.2071],
							"pivot": [0, 1.75, 1.375],
							"rotation": [-45, 0, 0],
							"uv": {
								"north": {"uv": [7, 35], "uv_size": [1.75, 0.5]},
								"east": {"uv": [8, 51], "uv_size": [0.25, 0.5]},
								"south": {"uv": [35, 8], "uv_size": [1.75, 0.5]},
								"west": {"uv": [51, 8], "uv_size": [0.25, 0.5]},
								"up": {"uv": [40, 14], "uv_size": [1.75, 0.25]},
								"down": {"uv": [40, 16.25], "uv_size": [1.75, -0.25]}
							}
						},
						{
							"origin": [-0.875, 1.64645, 1.125],
							"size": [1.75, 0.2071, 0.5],
							"uv": {
								"north": {"uv": [40, 10], "uv_size": [1.75, 0.25]},
								"east": {"uv": [6, 51], "uv_size": [0.5, 0.25]},
								"south": {"uv": [40, 12], "uv_size": [1.75, 0.25]},
								"west": {"uv": [51, 6], "uv_size": [0.5, 0.25]},
								"up": {"uv": [4, 35], "uv_size": [1.75, 0.5]},
								"down": {"uv": [35, 6.5], "uv_size": [1.75, -0.5]}
							}
						},
						{
							"origin": [-0.875, 1.64645, 1.125],
							"size": [1.75, 0.2071, 0.5],
							"pivot": [0, 1.75, 1.375],
							"rotation": [-45, 0, 0],
							"uv": {
								"north": {"uv": [33, 39], "uv_size": [1.75, 0.25]},
								"east": {"uv": [4, 51], "uv_size": [0.5, 0.25]},
								"south": {"uv": [0, 40], "uv_size": [1.75, 0.25]},
								"west": {"uv": [51, 4], "uv_size": [0.5, 0.25]},
								"up": {"uv": [34, 32], "uv_size": [1.75, 0.5]},
								"down": {"uv": [34, 34.5], "uv_size": [1.75, -0.5]}
							}
						},
						{
							"origin": [-0.84375, 1.9375, 2.03125],
							"size": [1.6875, 0.2125, 0.2125],
							"pivot": [0, 2.04375, 2.1375],
							"rotation": [-45, 0, 0],
							"uv": {
								"north": {"uv": [24, 38], "uv_size": [1.75, 0.25]},
								"east": {"uv": [32, 56], "uv_size": [0.25, 0.25]},
								"south": {"uv": [38, 24], "uv_size": [1.75, 0.25]},
								"west": {"uv": [56, 32], "uv_size": [0.25, 0.25]},
								"up": {"uv": [38, 26], "uv_size": [1.75, 0.25]},
								"down": {"uv": [38, 36.25], "uv_size": [1.75, -0.25]}
							}
						},
						{
							"origin": [-0.88672, 1.99219, -6.09375],
							"size": [1.77344, 0.21357, 6.27803],
							"uv": {
								"north": {"uv": [23, 40], "uv_size": [1.75, 0.25]},
								"east": {"uv": [28, 2], "uv_size": [6.25, 0.25]},
								"south": {"uv": [26, 40], "uv_size": [1.75, 0.25]},
								"west": {"uv": [28, 4], "uv_size": [6.25, 0.25]},
								"up": {"uv": [6, 0], "uv_size": [1.75, 6.25]},
								"down": {"uv": [0, 14.25], "uv_size": [1.75, -6.25]}
							}
						},
						{
							"origin": [-0.88672, 2.28125, -6.09375],
							"size": [1.77344, 0.4625, 6.55625],
							"uv": {
								"north": {"uv": [35, 18], "uv_size": [1.75, 0.5]},
								"east": {"uv": [6, 21], "uv_size": [6.5, 0.5]},
								"south": {"uv": [35, 20], "uv_size": [1.75, 0.5]},
								"west": {"uv": [21, 6], "uv_size": [6.5, 0.5]},
								"up": {"uv": [0, 0], "uv_size": [1.75, 6.5]},
								"down": {"uv": [3, 6.5], "uv_size": [1.75, -6.5]}
							}
						},
						{
							"origin": [-0.88672, 2.53125, 0.4625],
							"size": [1.77344, 0.2125, 1.75],
							"uv": {
								"north": {"uv": [40, 34], "uv_size": [1.75, 0.25]},
								"east": {"uv": [36, 40], "uv_size": [1.75, 0.25]},
								"south": {"uv": [39, 40], "uv_size": [1.75, 0.25]},
								"west": {"uv": [41, 0], "uv_size": [1.75, 0.25]},
								"up": {"uv": [22, 3], "uv_size": [1.75, 1.75]},
								"down": {"uv": [14, 23.75], "uv_size": [1.75, -1.75]}
							}
						},
						{
							"origin": [-0.88672, 2.53125, 2.2125],
							"size": [1.77344, 0.2125, 0.125],
							"uv": {
								"north": {"uv": [41, 22], "uv_size": [1.75, 0.25]},
								"east": {"uv": [44, 56], "uv_size": [0.25, 0.25]},
								"south": {"uv": [41, 24], "uv_size": [1.75, 0.25]},
								"west": {"uv": [46, 56], "uv_size": [0.25, 0.25]},
								"up": {"uv": [41, 26], "uv_size": [1.75, 0.25]},
								"down": {"uv": [29, 41.25], "uv_size": [1.75, -0.25]}
							}
						},
						{
							"origin": [-0.88672, 2.53125, 2.3375],
							"size": [1.77344, 0.04063, 0.01563],
							"uv": {
								"north": {"uv": [32, 41], "uv_size": [1.75, 0.25]},
								"east": {"uv": [48, 56], "uv_size": [0.25, 0.25]},
								"south": {"uv": [41, 36], "uv_size": [1.75, 0.25]},
								"west": {"uv": [50, 56], "uv_size": [0.25, 0.25]},
								"up": {"uv": [41, 38], "uv_size": [1.75, 0.25]},
								"down": {"uv": [0, 42.25], "uv_size": [1.75, -0.25]}
							}
						},
						{
							"origin": [-0.88672, 2.44474, 0.2925],
							"size": [1.77344, 0.20526, 0.4825],
							"pivot": [0, 2.3875, 0.6375],
							"rotation": [47.5, 0, 0],
							"uv": {
								"north": {"uv": [41, 2], "uv_size": [1.75, 0.25]},
								"east": {"uv": [16, 51], "uv_size": [0.5, 0.25]},
								"south": {"uv": [3, 41], "uv_size": [1.75, 0.25]},
								"west": {"uv": [18, 51], "uv_size": [0.5, 0.25]},
								"up": {"uv": [35, 22], "uv_size": [1.75, 0.5]},
								"down": {"uv": [35, 24.5], "uv_size": [1.75, -0.5]}
							}
						},
						{
							"origin": [-0.88672, 2.15646, 0.16684],
							"size": [1.77344, 0.14206, 0.1595],
							"pivot": [0, 2.0907, 0.36072],
							"rotation": [47.5, 0, 0],
							"uv": {
								"north": {"uv": [41, 4], "uv_size": [1.75, 0.25]},
								"east": {"uv": [34, 56], "uv_size": [0.25, 0.25]},
								"south": {"uv": [6, 41], "uv_size": [1.75, 0.25]},
								"west": {"uv": [36, 56], "uv_size": [0.25, 0.25]},
								"up": {"uv": [41, 6], "uv_size": [1.75, 0.25]},
								"down": {"uv": [41, 8.25], "uv_size": [1.75, -0.25]}
							}
						},
						{
							"origin": [-0.88672, 2.66753, 2.35655],
							"size": [1.77344, 0.19232, 0.09408],
							"pivot": [0, 2.5907, 2.61072],
							"rotation": [30, 0, 0],
							"uv": {
								"north": {"uv": [9, 41], "uv_size": [1.75, 0.25]},
								"east": {"uv": [56, 40], "uv_size": [0.25, 0.25]},
								"south": {"uv": [12, 41], "uv_size": [1.75, 0.25]},
								"west": {"uv": [42, 56], "uv_size": [0.25, 0.25]},
								"up": {"uv": [41, 18], "uv_size": [1.75, 0.25]},
								"down": {"uv": [41, 20.25], "uv_size": [1.75, -0.25]}
							}
						},
						{
							"origin": [-0.90625, 1.65625, -6],
							"size": [1.8125, 0.15, 0.15],
							"pivot": [0, 1.73125, -5.925],
							"rotation": [-45, 0, 0],
							"uv": {
								"north": {"uv": [15, 42], "uv_size": [1.75, 0.25]},
								"east": {"uv": [56, 50], "uv_size": [0.25, 0.25]},
								"south": {"uv": [18, 42], "uv_size": [1.75, 0.25]},
								"west": {"uv": [52, 56], "uv_size": [0.25, 0.25]},
								"up": {"uv": [21, 42], "uv_size": [1.75, 0.25]},
								"down": {"uv": [24, 42.25], "uv_size": [1.75, -0.25]}
							}
						}
					]
				},
				{
					"name": "lens_illuminated",
					"parent": "scope_body",
					"pivot": [4, 2.0625, -10.25],
					"cubes": [
						{
							"origin": [-0.6875, 1.375, -6.135],
							"size": [1.375, 1.625, 0],
							"pivot": [0, 2.1875, -6.135],
							"rotation": [0, 0, 90],
							"uv": {
								"north": {"uv": [17, 22], "uv_size": [1.5, 1.75]}
							}
						}
					]
				},
				{
					"name": "ocular_ring",
					"pivot": [0, 2.125, 8.5],
					"cubes": [
						{
							"origin": [-0.55447, 2.9277, 2.75],
							"size": [1.10894, 0.125, 0.25],
							"uv": {
								"north": {"uv": [47, 4], "uv_size": [1, 0.25]},
								"east": {"uv": [51, 18], "uv_size": [0.25, 0.25]},
								"south": {"uv": [47, 6], "uv_size": [1, 0.25]},
								"west": {"uv": [20, 51], "uv_size": [0.25, 0.25]},
								"up": {"uv": [47, 8], "uv_size": [1, 0.25]},
								"down": {"uv": [47, 18.25], "uv_size": [1, -0.25]}
							}
						},
						{
							"origin": [0.15141, 3.02636, 2.75],
							"size": [0.16487, 0.125, 0.25],
							"pivot": [0.10493, 2.08886, 3.25],
							"rotation": [0, 0, 22.5],
							"uv": {
								"north": {"uv": [51, 20], "uv_size": [0.25, 0.25]},
								"east": {"uv": [22, 51], "uv_size": [0.25, 0.25]},
								"south": {"uv": [51, 22], "uv_size": [0.25, 0.25]},
								"west": {"uv": [24, 51], "uv_size": [0.25, 0.25]},
								"up": {"uv": [51, 24], "uv_size": [0.25, 0.25]},
								"down": {"uv": [26, 51.25], "uv_size": [0.25, -0.25]}
							}
						},
						{
							"origin": [-0.03089, 3.20866, 2.75],
							"size": [0.16487, 0.125, 0.25],
							"pivot": [-0.07737, 2.27116, 3.25],
							"rotation": [0, 0, 45],
							"uv": {
								"north": {"uv": [51, 26], "uv_size": [0.25, 0.25]},
								"east": {"uv": [28, 51], "uv_size": [0.25, 0.25]},
								"south": {"uv": [30, 51], "uv_size": [0.25, 0.25]},
								"west": {"uv": [51, 34], "uv_size": [0.25, 0.25]},
								"up": {"uv": [51, 36], "uv_size": [0.25, 0.25]},
								"down": {"uv": [51, 38.25], "uv_size": [0.25, -0.25]}
							}
						},
						{
							"origin": [0.77344, 2.26913, 2.75],
							"size": [0.125, 0.19613, 0.25],
							"pivot": [-0.16406, 2.48047, 3.25],
							"rotation": [0, 0, -22.5],
							"uv": {
								"north": {"uv": [39, 51], "uv_size": [0.25, 0.25]},
								"east": {"uv": [41, 51], "uv_size": [0.25, 0.25]},
								"south": {"uv": [51, 42], "uv_size": [0.25, 0.25]},
								"west": {"uv": [51, 44], "uv_size": [0.25, 0.25]},
								"up": {"uv": [51, 46], "uv_size": [0.25, 0.25]},
								"down": {"uv": [51, 48.25], "uv_size": [0.25, -0.25]}
							}
						},
						{
							"origin": [-0.89844, 2.26913, 2.75],
							"size": [0.125, 0.19613, 0.25],
							"pivot": [0.16406, 2.48047, 3.25],
							"rotation": [0, 0, 22.5],
							"uv": {
								"north": {"uv": [55, 44], "uv_size": [0.25, 0.25]},
								"east": {"uv": [55, 46], "uv_size": [0.25, 0.25]},
								"south": {"uv": [55, 48], "uv_size": [0.25, 0.25]},
								"west": {"uv": [55, 52], "uv_size": [0.25, 0.25]},
								"up": {"uv": [56, 0], "uv_size": [0.25, 0.25]},
								"down": {"uv": [2, 56.25], "uv_size": [0.25, -0.25]}
							}
						},
						{
							"origin": [-0.13398, 3.20866, 2.75],
							"size": [0.16487, 0.125, 0.25],
							"pivot": [0.07737, 2.27116, 3.25],
							"rotation": [0, 0, -45],
							"uv": {
								"north": {"uv": [55, 34], "uv_size": [0.25, 0.25]},
								"east": {"uv": [55, 36], "uv_size": [0.25, 0.25]},
								"south": {"uv": [38, 55], "uv_size": [0.25, 0.25]},
								"west": {"uv": [55, 38], "uv_size": [0.25, 0.25]},
								"up": {"uv": [40, 55], "uv_size": [0.25, 0.25]},
								"down": {"uv": [55, 42.25], "uv_size": [0.25, -0.25]}
							}
						},
						{
							"origin": [-0.31628, 3.02636, 2.75],
							"size": [0.16487, 0.125, 0.25],
							"pivot": [-0.10493, 2.08886, 3.25],
							"rotation": [0, 0, -22.5],
							"uv": {
								"north": {"uv": [24, 55], "uv_size": [0.25, 0.25]},
								"east": {"uv": [55, 24], "uv_size": [0.25, 0.25]},
								"south": {"uv": [26, 55], "uv_size": [0.25, 0.25]},
								"west": {"uv": [55, 26], "uv_size": [0.25, 0.25]},
								"up": {"uv": [28, 55], "uv_size": [0.25, 0.25]},
								"down": {"uv": [30, 55.25], "uv_size": [0.25, -0.25]}
							}
						},
						{
							"origin": [0.77344, 1.55818, 2.75],
							"size": [0.125, 1.13364, 0.25],
							"uv": {
								"north": {"uv": [41, 44], "uv_size": [0.25, 1.25]},
								"east": {"uv": [44, 42], "uv_size": [0.25, 1.25]},
								"south": {"uv": [3, 45], "uv_size": [0.25, 1.25]},
								"west": {"uv": [12, 45], "uv_size": [0.25, 1.25]},
								"up": {"uv": [52, 0], "uv_size": [0.25, 0.25]},
								"down": {"uv": [2, 52.25], "uv_size": [0.25, -0.25]}
							}
						},
						{
							"origin": [-0.89844, 1.55818, 2.75],
							"size": [0.125, 1.13364, 0.25],
							"uv": {
								"north": {"uv": [18, 46], "uv_size": [0.25, 1.25]},
								"east": {"uv": [20, 46], "uv_size": [0.25, 1.25]},
								"south": {"uv": [22, 46], "uv_size": [0.25, 1.25]},
								"west": {"uv": [24, 46], "uv_size": [0.25, 1.25]},
								"up": {"uv": [50, 54], "uv_size": [0.25, 0.25]},
								"down": {"uv": [54, 50.25], "uv_size": [0.25, -0.25]}
							}
						},
						{
							"origin": [-0.89844, 1.78474, 2.75],
							"size": [0.125, 0.19613, 0.25],
							"pivot": [0.16406, 1.76953, 3.25],
							"rotation": [0, 0, -22.5],
							"uv": {
								"north": {"uv": [36, 54], "uv_size": [0.25, 0.25]},
								"east": {"uv": [54, 40], "uv_size": [0.25, 0.25]},
								"south": {"uv": [42, 54], "uv_size": [0.25, 0.25]},
								"west": {"uv": [44, 54], "uv_size": [0.25, 0.25]},
								"up": {"uv": [46, 54], "uv_size": [0.25, 0.25]},
								"down": {"uv": [48, 54.25], "uv_size": [0.25, -0.25]}
							}
						},
						{
							"origin": [-0.13398, 0.91634, 2.75],
							"size": [0.16487, 0.125, 0.25],
							"pivot": [0.07737, 1.97884, 3.25],
							"rotation": [0, 0, 45],
							"uv": {
								"north": {"uv": [54, 16], "uv_size": [0.25, 0.25]},
								"east": {"uv": [54, 28], "uv_size": [0.25, 0.25]},
								"south": {"uv": [54, 30], "uv_size": [0.25, 0.25]},
								"west": {"uv": [32, 54], "uv_size": [0.25, 0.25]},
								"up": {"uv": [54, 32], "uv_size": [0.25, 0.25]},
								"down": {"uv": [34, 54.25], "uv_size": [0.25, -0.25]}
							}
						},
						{
							"origin": [-0.31628, 1.09864, 2.75],
							"size": [0.16487, 0.125, 0.25],
							"pivot": [-0.10493, 2.16114, 3.25],
							"rotation": [0, 0, 22.5],
							"uv": {
								"north": {"uv": [2, 54], "uv_size": [0.25, 0.25]},
								"east": {"uv": [54, 2], "uv_size": [0.25, 0.25]},
								"south": {"uv": [10, 54], "uv_size": [0.25, 0.25]},
								"west": {"uv": [54, 10], "uv_size": [0.25, 0.25]},
								"up": {"uv": [54, 12], "uv_size": [0.25, 0.25]},
								"down": {"uv": [54, 14.25], "uv_size": [0.25, -0.25]}
							}
						},
						{
							"origin": [0.15141, 1.09864, 2.75],
							"size": [0.16487, 0.125, 0.25],
							"pivot": [0.10493, 2.16114, 3.25],
							"rotation": [0, 0, -22.5],
							"uv": {
								"north": {"uv": [52, 54], "uv_size": [0.25, 0.25]},
								"east": {"uv": [54, 54], "uv_size": [0.25, 0.25]},
								"south": {"uv": [0, 55], "uv_size": [0.25, 0.25]},
								"west": {"uv": [4, 55], "uv_size": [0.25, 0.25]},
								"up": {"uv": [55, 4], "uv_size": [0.25, 0.25]},
								"down": {"uv": [6, 55.25], "uv_size": [0.25, -0.25]}
							}
						},
						{
							"origin": [-0.03089, 0.91634, 2.75],
							"size": [0.16487, 0.125, 0.25],
							"pivot": [-0.07737, 1.97884, 3.25],
							"rotation": [0, 0, -45],
							"uv": {
								"north": {"uv": [55, 6], "uv_size": [0.25, 0.25]},
								"east": {"uv": [8, 55], "uv_size": [0.25, 0.25]},
								"south": {"uv": [55, 8], "uv_size": [0.25, 0.25]},
								"west": {"uv": [12, 55], "uv_size": [0.25, 0.25]},
								"up": {"uv": [14, 55], "uv_size": [0.25, 0.25]},
								"down": {"uv": [16, 55.25], "uv_size": [0.25, -0.25]}
							}
						},
						{
							"origin": [0.77344, 1.78474, 2.75],
							"size": [0.125, 0.19613, 0.25],
							"pivot": [-0.16406, 1.76953, 3.25],
							"rotation": [0, 0, 22.5],
							"uv": {
								"north": {"uv": [18, 55], "uv_size": [0.25, 0.25]},
								"east": {"uv": [55, 18], "uv_size": [0.25, 0.25]},
								"south": {"uv": [20, 55], "uv_size": [0.25, 0.25]},
								"west": {"uv": [55, 20], "uv_size": [0.25, 0.25]},
								"up": {"uv": [22, 55], "uv_size": [0.25, 0.25]},
								"down": {"uv": [55, 22.25], "uv_size": [0.25, -0.25]}
							}
						},
						{
							"origin": [-0.55447, 1.1973, 2.75],
							"size": [1.10894, 0.125, 0.25],
							"uv": {
								"north": {"uv": [48, 32], "uv_size": [1, 0.25]},
								"east": {"uv": [53, 52], "uv_size": [0.25, 0.25]},
								"south": {"uv": [34, 48], "uv_size": [1, 0.25]},
								"west": {"uv": [54, 0], "uv_size": [0.25, 0.25]},
								"up": {"uv": [36, 48], "uv_size": [1, 0.25]},
								"down": {"uv": [38, 48.25], "uv_size": [1, -0.25]}
							}
						}
					]
				},
				{
					"name": "division",
					"pivot": [0, 0, 0]
				},
				{
					"name": "bg",
					"parent": "division",
					"pivot": [0, 2.10938, -182],
					"cubes": [
						{
							"origin": [-20.125, -18.89062, -15.21094],
							"size": [15.625, 25.25, 0],
							"uv": {
								"south": {"uv": [49.46875, 59.25], "uv_size": [7.4375, 4.46875]}
							}
						},
						{
							"origin": [-4.5, -18.89062, -15.21094],
							"size": [9, 16.25, 0],
							"uv": {
								"south": {"uv": [50.46875, 63.1875], "uv_size": [1, 1]}
							}
						},
						{
							"origin": [-20.125, 6.35938, -15.21094],
							"size": [40.375, 11.125, 0],
							"uv": {
								"south": {"uv": [48.5, 59.71875], "uv_size": [4.25, 6.4375]}
							}
						},
						{
							"origin": [4.5, -18.89062, -15.21094],
							"size": [15.75, 25.25, 0],
							"uv": {
								"south": {"uv": [47.21875, 58.125], "uv_size": [4.78125, 7.8125]}
							}
						}
					]
				},
				{
					"name": "black_oculus",
					"parent": "bg",
					"pivot": [0, 2.10938, -181.5],
					"cubes": [
						{
							"origin": [-4.5, -2.64062, -15.21094],
							"size": [9, 9, 0],
							"uv": {
								"south": {"uv": [49.0625, 58.6875], "uv_size": [78.8125, 68.84375]}
							}
						}
					]
				},
				{
					"name": "scope_division_illuminated",
					"parent": "division",
					"pivot": [0, -0.14062, 0]
				},
				{
					"name": "dot_illuminated",
					"parent": "scope_division_illuminated",
					"pivot": [0, 2.0625, -180.625],
					"cubes": [
						{
							"origin": [-0.31803, 1.87729, -119.6875],
							"size": [0.625, 0.625, 0],
							"pivot": [0, 2.19532, -119.71875],
							"rotation": [0, 0, -45],
							"uv": {
								"south": {"uv": [28.9375, 4.03125], "uv_size": [0.3125, 0.125]}
							}
						}
					]
				},
				{
					"name": "line_illuminated",
					"parent": "scope_division_illuminated",
					"pivot": [0, -3.65156, -180],
					"cubes": [
						{
							"origin": [4.00781, 2.10157, -119.75],
							"size": [12, 0.1875, 0],
							"pivot": [0, 2.19532, -119.71875],
							"rotation": [0, 0, 90],
							"uv": {
								"south": {"uv": [53.125, 63.09375], "uv_size": [1, 1]}
							}
						},
						{
							"origin": [-7.11719, 2.10157, -119.75],
							"size": [4.125, 0.1875, 0],
							"pivot": [0, 2.19532, -119.71875],
							"rotation": [0, 0, 90],
							"uv": {
								"south": {"uv": [53.125, 63.09375], "uv_size": [1, 1]}
							}
						},
						{
							"origin": [-14.61719, 0.60157, -119.75],
							"size": [3.625, 0.1875, 0],
							"pivot": [0, 0.69532, -119.71875],
							"rotation": [0, 0, 90],
							"uv": {
								"south": {"uv": [53.125, 63.09375], "uv_size": [1, 1]}
							}
						},
						{
							"origin": [-2.39202, 4.04598, -119.75],
							"size": [0.53033, 0.53033, 0],
							"pivot": [0, 2.19532, -119.71875],
							"rotation": [0, 0, -45],
							"uv": {
								"south": {"uv": [50.96875, 62.375], "uv_size": [1, 1]}
							}
						},
						{
							"origin": [-8.40243, 9.70279, -119.75],
							"size": [0.88388, 0.88388, 0],
							"pivot": [0, 2.19532, -119.71875],
							"rotation": [0, 0, -45],
							"uv": {
								"south": {"uv": [50.96875, 62.375], "uv_size": [1, 1]}
							}
						},
						{
							"origin": [7.51854, 9.70279, -119.75],
							"size": [0.88388, 0.88388, 0],
							"pivot": [0, 2.19532, -119.71875],
							"rotation": [0, 0, 45],
							"uv": {
								"south": {"uv": [51.96875, 62.375], "uv_size": [-1, 1]}
							}
						},
						{
							"origin": [3, 1.82814, -119.75],
							"size": [13, 0.75, 0],
							"pivot": [0, 2.19532, -119.71875],
							"rotation": [0, 0, -180],
							"uv": {
								"south": {"uv": [49.21875, 65.9375], "uv_size": [1, 1]}
							}
						},
						{
							"origin": [11.25, 1.57814, -119.75],
							"size": [5.5, 1.25, 0],
							"pivot": [0, 2.19532, -119.71875],
							"rotation": [0, 0, -180],
							"uv": {
								"south": {"uv": [49.21875, 65.9375], "uv_size": [1, 1]}
							}
						},
						{
							"origin": [-16.75, 1.57814, -119.75],
							"size": [5.5, 1.25, 0],
							"pivot": [0, 2.19532, -119.71875],
							"rotation": [0, 0, 180],
							"uv": {
								"south": {"uv": [50.21875, 65.9375], "uv_size": [-1, 1]}
							}
						},
						{
							"origin": [3, 1.82814, -119.75],
							"size": [13, 0.75, 0],
							"pivot": [0, 2.19532, -119.71875],
							"rotation": [0, 0, -180],
							"uv": {
								"south": {"uv": [49.21875, 65.9375], "uv_size": [1, 1]}
							}
						},
						{
							"origin": [-2.38097, 4.05703, -119.75],
							"size": [0.53033, 0.53033, 0],
							"pivot": [0, 2.19532, -119.71875],
							"rotation": [0, 0, 135],
							"uv": {
								"south": {"uv": [50.96875, 62.375], "uv_size": [1, 1]}
							}
						},
						{
							"origin": [3, 1.81251, -119.75],
							"size": [13, 0.75, 0],
							"uv": {
								"south": {"uv": [49.21875, 65.9375], "uv_size": [1, 1]}
							}
						},
						{
							"origin": [-4.03906, 1.16406, -119.75],
							"size": [0.09375, 2.0625, 0],
							"pivot": [0, 2.19532, -119.71875],
							"rotation": [0, 0, -90],
							"uv": {
								"south": {"uv": [50.625, 60.96875], "uv_size": [1, 1]}
							}
						},
						{
							"origin": [-8.03906, 1.16406, -119.75],
							"size": [0.09375, 2.0625, 0],
							"pivot": [0, 2.19532, -119.71875],
							"rotation": [0, 0, -90],
							"uv": {
								"south": {"uv": [50.625, 60.96875], "uv_size": [1, 1]}
							}
						},
						{
							"origin": [-12.03906, 1.16406, -119.75],
							"size": [0.09375, 2.0625, 0],
							"pivot": [0, 2.19532, -119.71875],
							"rotation": [0, 0, -90],
							"uv": {
								"south": {"uv": [50.625, 60.96875], "uv_size": [1, 1]}
							}
						},
						{
							"origin": [-10.07031, 0.78906, -119.75],
							"size": [0.125, 2.8125, 0],
							"pivot": [0, 2.19532, -119.71875],
							"rotation": [0, 0, -90],
							"uv": {
								"south": {"uv": [50.625, 60.96875], "uv_size": [1, 1]}
							}
						},
						{
							"origin": [-16.03906, 1.16406, -119.75],
							"size": [0.09375, 2.0625, 0],
							"pivot": [0, 2.19532, -119.71875],
							"rotation": [0, 0, -90],
							"uv": {
								"south": {"uv": [50.625, 60.96875], "uv_size": [1, 1]}
							}
						},
						{
							"origin": [-14.07031, 0.78906, -119.75],
							"size": [0.125, 2.8125, 0],
							"pivot": [0, 2.19532, -119.71875],
							"rotation": [0, 0, -90],
							"uv": {
								"south": {"uv": [50.625, 60.96875], "uv_size": [1, 1]}
							}
						},
						{
							"origin": [-10.36719, 22.47657, -119.75],
							"size": [20.75, 0.1875, 0],
							"pivot": [0, 2.19532, -119.71875],
							"rotation": [0, 0, 90],
							"uv": {
								"south": {"uv": [53.125, 63.09375], "uv_size": [1, 1]}
							}
						},
						{
							"origin": [-4.07031, -18.21094, -119.75],
							"size": [0.125, 1.0625, 0],
							"pivot": [0, 2.19532, -119.71875],
							"rotation": [0, 0, -90],
							"uv": {
								"south": {"uv": [50.625, 60.96875], "uv_size": [1, 1]}
							}
						},
						{
							"origin": [-6.19531, -18.08594, -119.75],
							"size": [0.125, 1.6875, 0],
							"pivot": [0, 2.19532, -119.71875],
							"rotation": [0, 0, -90],
							"uv": {
								"south": {"uv": [50.625, 60.96875], "uv_size": [1, 1]}
							}
						},
						{
							"origin": [-10.19531, -18.08594, -119.75],
							"size": [0.125, 1.6875, 0],
							"pivot": [0, 2.19532, -119.71875],
							"rotation": [0, 0, -90],
							"uv": {
								"south": {"uv": [50.625, 60.96875], "uv_size": [1, 1]}
							}
						},
						{
							"origin": [-8.32031, -18.21094, -119.75],
							"size": [0.125, 1.0625, 0],
							"pivot": [0, 2.19532, -119.71875],
							"rotation": [0, 0, -90],
							"uv": {
								"south": {"uv": [50.625, 60.96875], "uv_size": [1, 1]}
							}
						},
						{
							"origin": [6.05469, -18.08594, -119.75],
							"size": [0.125, 1.6875, 0],
							"pivot": [0, 2.19532, -119.71875],
							"rotation": [0, 0, -90],
							"uv": {
								"south": {"uv": [50.625, 60.96875], "uv_size": [1, 1]}
							}
						},
						{
							"origin": [10.17969, -18.08594, -119.75],
							"size": [0.125, 1.6875, 0],
							"pivot": [0, 2.19532, -119.71875],
							"rotation": [0, 0, -90],
							"uv": {
								"south": {"uv": [50.625, 60.96875], "uv_size": [1, 1]}
							}
						},
						{
							"origin": [8.05469, -18.21094, -119.75],
							"size": [0.125, 1.0625, 0],
							"pivot": [0, 2.19532, -119.71875],
							"rotation": [0, 0, -90],
							"uv": {
								"south": {"uv": [50.625, 60.96875], "uv_size": [1, 1]}
							}
						},
						{
							"origin": [2.05469, -18.08594, -119.75],
							"size": [0.125, 1.6875, 0],
							"pivot": [0, 2.19532, -119.71875],
							"rotation": [0, 0, -90],
							"uv": {
								"south": {"uv": [50.625, 60.96875], "uv_size": [1, 1]}
							}
						},
						{
							"origin": [-1.94531, -18.08594, -119.75],
							"size": [0.125, 1.6875, 0],
							"pivot": [0, 2.19532, -119.71875],
							"rotation": [0, 0, -90],
							"uv": {
								"south": {"uv": [50.625, 60.96875], "uv_size": [1, 1]}
							}
						},
						{
							"origin": [-0.07031, -18.21094, -119.75],
							"size": [0.125, 1.0625, 0],
							"pivot": [0, 2.19532, -119.71875],
							"rotation": [0, 0, -90],
							"uv": {
								"south": {"uv": [50.625, 60.96875], "uv_size": [1, 1]}
							}
						},
						{
							"origin": [3.92969, -18.21094, -119.75],
							"size": [0.125, 1.0625, 0],
							"pivot": [0, 2.19532, -119.71875],
							"rotation": [0, 0, -90],
							"uv": {
								"south": {"uv": [50.625, 60.96875], "uv_size": [1, 1]}
							}
						},
						{
							"origin": [-6.07031, 0.78906, -119.75],
							"size": [0.125, 2.8125, 0],
							"pivot": [0, 2.19532, -119.71875],
							"rotation": [0, 0, -90],
							"uv": {
								"south": {"uv": [50.625, 60.96875], "uv_size": [1, 1]}
							}
						},
						{
							"origin": [-0.8125, 9.625, -119.6875],
							"size": [1.625, 1.625, 0],
							"uv": {
								"south": {"uv": [3.8125, 88.375], "uv_size": [7.71875, 7.4375]}
							}
						},
						{
							"origin": [-0.8125, 16, -119.6875],
							"size": [1.625, 1.625, 0],
							"uv": {
								"south": {"uv": [3.8125, 88.375], "uv_size": [7.71875, 7.4375]}
							}
						},
						{
							"origin": [12.4375, 14.625, -119.6875],
							"size": [4.125, 4.375, 0],
							"uv": {
								"south": {"uv": [7.28125, 91.96875], "uv_size": [7.25, 7]}
							}
						}
					]
				},
				{
					"name": "text_illuminated",
					"parent": "scope_division_illuminated",
					"pivot": [0, -3.65156, -180],
					"cubes": [
						{
							"origin": [11.4375, -9.625, -119.6875],
							"size": [5.125, 4.25, 0],
							"uv": {
								"south": {"uv": [4.71875, 60.09375], "uv_size": [31.34375, 24.90625]}
							}
						},
						{
							"origin": [-16.1875, 3.25, -119.6875],
							"size": [5.125, 1.75, 0],
							"uv": {
								"south": {"uv": [66.75, 0.96875], "uv_size": [44.5, 13.0625]}
							}
						},
						{
							"origin": [-16.1875, -4.09375, -119.6875],
							"size": [11.375, 2.375, 0],
							"uv": {
								"south": {"uv": [54.96875, 12.75], "uv_size": [69.25, 13.59375]}
							}
						},
						{
							"origin": [-16.8125, -0.21875, -119.6875],
							"size": [8.25, 1.25, 0],
							"uv": {
								"south": {"uv": [57.46875, 25.71875], "uv_size": [70.5, 11.5]}
							}
						},
						{
							"origin": [-13.9375, -6, -119.6875],
							"size": [9.3125, 1.875, 0],
							"uv": {
								"south": {"uv": [57.59375, 36.15625], "uv_size": [69.25, 13.59375]}
							}
						}
					]
				},
				{
					"name": "scope_view",
					"pivot": [0, 2.19375, 7]
				},
				{
					"name": "ocular",
					"pivot": [0, 1.825, 5.25],
					"cubes": [
						{
							"origin": [-0.15977, 1.1375, 2.94375],
							"size": [0.44454, 2, 0.01],
							"pivot": [0, 2.2, 2.94375],
							"rotation": [0, 0, 45],
							"uv": {
								"south": {"uv": [52.96875, 62.53125], "uv_size": [0.5, 1.5]}
							}
						},
						{
							"origin": [-0.69102, 1.29375, 2.94375],
							"size": [1.28829, 1.65625, 0.01],
							"uv": {
								"south": {"uv": [55.96875, 60.53125], "uv_size": [0.5, 1.5]}
							}
						},
						{
							"origin": [-0.9375, 1.91523, 2.94375],
							"size": [2, 0.47579, 0.01],
							"pivot": [0, 2.2, 2.94375],
							"rotation": [0, 0, 45],
							"uv": {
								"south": {"uv": [52.96875, 64.53125], "uv_size": [1.5, 0.5]}
							}
						},
						{
							"origin": [-0.8125, 1.44648, 2.94375],
							"size": [1.625, 1.25704, 0.01],
							"uv": {
								"south": {"uv": [50.96875, 66.53125], "uv_size": [1.5, 0.5]}
							}
						}
					]
				}
			]
		}
	]
}