{
  "ammo": "tacz:45acp",
  "ammo_amount": 30,
  "extended_mag_ammo_amount": [
    34,
    39,
    50
  ],
  "bolt": "closed_bolt",
  "rpm": 710,
  "bullet": {
    "life": 0.8,
    "bullet_amount": 1,
    "damage": 8,
    "tracer_count_interval": 0,
    "extra_damage": {
      "armor_ignore": 0.2,
      "head_shot_multiplier": 1.25,
      "damage_adjust": [
        {"distance": 15, "damage": 8},
        {"distance": 36, "damage": 7},
        {"distance": 50, "damage": 6},
        {"distance": "infinite", "damage": 5}
      ]
    },
    "speed": 295,
    "gravity": 0.15,
    "knockback": 0,
    "friction": 0.0175,
    "ignite": false,
    "pierce": 1
  },
  "reload": {
    "type": "magazine",
    "feed": {
      "empty": 2.63,
      "tactical": 1.42
    },
    "cooldown": {
      "empty": 3,
      "tactical": 2.25
    }
  },
  "draw_time": 0.43,
  "put_away_time": 0.33,
  "aim_time": 0.2,
  "sprint_time": 0.2,
  "weight": 3.1,
  "movement_speed": {
    "base": 0.0,
    "aim": -0.35,
    "reload": -0.1
  },
  "fire_mode": [
    "auto",
    "semi"
  ],
  "crawl_recoil_multiplier": 0.75,
  "recoil": {
    "pitch": [
      {"time": 0, "value": [1.0, 1.375]},
      {"time": 0.1875, "value": [-0.0, 0.375]},
      {"time": 0.55, "value": [-0, 0.725]},
      {"time": 0.7, "value": [0, 0]}
    ],
    "yaw": [
      {"time": 0, "value": [-0.75, 0.75]},
      {"time": 0.1, "value": [-0.6, 0.4]},
      {"time": 0.5, "value": [0, 0]}
    ]
  },
  "inaccuracy": {
    "stand": 3.75,
    "move": 4.5,
    "sneak": 2.5,
    "lie": 1.5,
    "aim": 0.1375
  },
  "allow_attachment_types": [
    "muzzle",
    "extended_mag",
    "scope",
    "grip",
    "laser"
  ],
  "exclusive_attachments": {
  }
}