{
  "ammo": "tacz:762x25",
  "rpm": 980,
  "bullet": {
    "life": 0.95,
    "bullet_amount": 1,
    "damage": 7,
    "tracer_count_interval": 0,
    "extra_damage": {
      "armor_ignore": 0.15,
      "head_shot_multiplier": 1.25,
      "damage_adjust": [
        {"distance": 24, "damage": 6.9},
        {"distance": 50, "damage": 6.5},
        {"distance": "infinite", "damage": 6}
      ]
    },
    "speed": 200,
    "gravity": 0.15,
    "knockback": 0,
    "friction": 0.025,
    "ignite": false,
    "pierce": 1
  },
  "ammo_amount": 25,
  "extended_mag_ammo_amount": [
    35,
    50,
    71
  ],
  "bolt": "open_bolt",
  "reload": {
    "type": "magazine",
    "feed": {
      "empty": 3.8,
      "tactical": 3.8
    },
    "cooldown": {
      "empty": 5.83,
      "tactical": 5
    }
  },
  "draw_time": 1.7,
  "put_away_time": 2,
  "aim_time": 0.12,
  "sprint_time": 0.15,
  "weight": 4,
  "movement_speed": {
    "base": 0.0,
    "aim": -0.15,
    "reload": 0
  },
  "crawl_recoil_multiplier": 0.75,
  "fire_mode": [
    "auto",
    "semi"
  ],
  "allow_attachment_types": [
    "extended_mag"
  ],
  "recoil": {
    "pitch": [
      {"time": 0, "value": [1.0, 1.0]},
      {"time": 0.2, "value": [1.0, 1.0]},
      {"time": 0.45, "value": [-0.2, -0.2]},
      {"time": 0.6, "value": [0, 0]},
      {"time": 0.7, "value": [0, 0]}
    ],
    "yaw": [
      {"time": 0, "value": [-0.38, 0.20]},
      {"time": 0.35, "value": [-0.3, 0.15]},
      {"time": 0.5, "value": [0, 0]}
    ]
  },
  "inaccuracy": {
    "stand": 3.5,
    "move": 4.2,
    "sneak": 2.8,
    "lie": 2.2,
    "aim": 0.12
  },

  "melee": {
    "distance": 1,
    "cooldown": 0.6,
    "default": {
      "animation_type": "melee_push",
      "distance": 1,
      "range_angle": 40,
      "cooldown": 0.2,
      "damage": 1,
      "knockback": 0.4,
      "prep": 0.1
    }
  }
}