{
  "ammo": "tacz:50bmg",
  "ammo_amount": 5,
  "extended_mag_ammo_amount": [
    6,
    7,
    8
  ],
  "bolt": "manual_action",
  "script": "murasamet:tdf141ls_gun_logic",
  "script_param": {
    "shoot_delay": 0.1
  },
  "rpm": 150,
  "bullet": {
    "life": 0.9,
    "bullet_amount": 1,
    "damage": 10,
    "extra_damage": {
      "armor_ignore": 0.95,
      "head_shot_multiplier": 3.6,
      "damage_adjust": [
        {"distance": 30, "damage": 10},
        {"distance": 60, "damage": 9},
        {"distance": "infinite", "damage": 8}
      ]
    },
    "speed": 2700,
    "gravity": 0,
    "knockback": 0,
    "friction": 0.015,
    "ignite": false,
    "pierce": 1
  },
  "reload": {
    "type": "fuel",
    "feed": {
      "empty": 1.86,
      "tactical": 1.3
    },
    "cooldown": {
      "empty": 2.3,
      "tactical": 2
    }
  },
  "draw_time": 0.47,
  "put_away_time": 0.53,
  "aim_time": 0.16,
  "sprint_time": 0.17,
  "bolt_action_time": 0.9,
  "weight": 3.4,
  "movement_speed": {
    "base": 0.0,
    "aim": -0.15,
    "reload": -0.1
  },
  "crawl_recoil_multiplier": 0.5,
  "fire_mode": [
    "semi"
  ],
  "recoil": {
    "pitch": [
      {"time": 0, "value": [0, 0]},
      {"time": 0.02, "value": [0, 0]},
      {"time": 0.05, "value": [0, 0]},
      {"time": 0.09, "value": [0, 0]},
      {"time": 0.1, "value": [0.625, 0.625]},
      {"time": 0.15, "value": [0.625, 0.625]},
      {"time": 0.5, "value": [-0.125, -0.125]},
      {"time": 0.65, "value": [0, 0]}
    ],
    "yaw": [
      {"time": 0, "value": [0, 0]},
      {"time": 0.05, "value": [0, 0]},
      {"time": 0.09, "value": [0, 0]},
      {"time": 0.1, "value": [-0.3, 0.2]},
      {"time": 0.15, "value": [-0.3, 0.2]},
      {"time": 0.5, "value": [0, 0]}
    ]
  },
  "inaccuracy": {
    "stand": 2,
    "move": 2.5,
    "sneak": 1.8,
    "lie": 1,
    "aim": 0.1
  },
  "melee": {
    "distance": 1,
    "cooldown": 0.6,
    "default": {
      "animation_type": "melee_stock",
      "distance": 1,
      "range_angle": 30,
      "damage": 2,
      "knockback": 0.5,
      "prep": 0.1
    }
  },
  "allow_attachment_types": [
    "scope",
    "extended_mag",
    "laser"
  ],
  "exclusive_attachments": {
  }
}