{
  "ammo": "tacz:556x45",
  "ammo_amount": 30,
  "extended_mag_ammo_amount": [
    40,
    55,
    65
  ],
  "bolt": "closed_bolt",
  "rpm": 700,
  "script": "tacz:xmag_reload_logic",
  "script_param": {
    "reload_feed": 1.8,
    "reload_cooldown": 2.33,
    "empty_feed": 2.4,
    "empty_cooldown": 2.97,
    "reload_xmag_1_feed": 2.03,
    "reload_xmag_1_cooldown": 2.5,
    "empty_xmag_1_feed": 2.67,
    "empty_xmag_1_cooldown": 3.17,
    "reload_xmag_2_feed": 2.23,
    "reload_xmag_2_cooldown": 2.8,
    "empty_xmag_2_feed": 2.93,
    "empty_xmag_2_cooldown": 3.5,
    "reload_xmag_3_feed": 2.67,
    "reload_xmag_3_cooldown": 3.32,
    "empty_xmag_3_feed": 3.43,
    "empty_xmag_3_cooldown": 4
  },
  "bullet": {
    "life": 0.9,
    "bullet_amount": 1,
    "damage": 16,
    "extra_damage": {
      "armor_ignore": 0.5,
      "head_shot_multiplier": 1.2,
      "damage_adjust": [
        {"distance": 30, "damage": 15},
        {"distance": 55, "damage": 14},
        {"distance": "infinite", "damage": 13}
      ]
    },
    "speed": 310,
    "gravity": 0.15,
    "knockback": 0,
    "friction": 0.015,
    "ignite": false,
    "pierce": 1
  },
  "reload": {
    "type": "magazine",
    "feed": {
      "empty": 2.4,
      "tactical": 1.8
    },
    "cooldown": {
      "empty": 2.97,
      "tactical": 2.33
    }
  },
  "draw_time": 0.6,
  "put_away_time": 0.6,
  "aim_time": 0.16,
  "sprint_time": 0.15,
  "weight": 3.3,
  "movement_speed": {
    "base": 0.0,
    "aim": -0.15,
    "reload": -0.1
  },
  "crawl_recoil_multiplier": 0.5,
  "fire_mode": [
    "auto",
    "burst",
    "semi"
  ],
  "burst_data": {
    "continuous_shoot": false,
    "count": 3,
    "bpm": 800,
    "min_interval": 0.35
  },
  "recoil": {
    "pitch": [
      {"time": 0, "value": [0.6, 0.6]},
      {"time": 0.32, "value": [0.6, 0.6]},
      {"time": 0.57, "value": [-0.2, -0.2]},
      {"time": 0.82, "value": [0.05, 0.05]},
      {"time": 1.17, "value": [0, 0]},
      {"time": 1.47, "value": [0, 0]}
    ],
    "yaw": [
      {"time": 0, "value": [-0.6, 0.6]},
      {"time": 0.32, "value": [-0.6, 0.6]},
      {"time": 0.57, "value": [0, 0]}
    ]
  },
  "inaccuracy": {
    "stand": 0.8,
    "move": 1,
    "sneak": 0.5,
    "lie": 0.3,
    "aim": 0
  },
  "allow_attachment_types": [
    "scope",
    "extended_mag",
    "laser"
  ],
  "exclusive_attachments": {
  }
}