{
  "ammo": "murasamet:6mmbb",
  "rpm": 180,
  "bullet": {
    "life": 0.9,
    "bullet_amount": 1,
    "damage": 1,
    "tracer_count_interval": 0,
    "extra_damage": {
      "armor_ignore": 0,
      "head_shot_multiplier": 1.5,
      "damage_adjust": [
        {"distance": 20, "damage": 0.5},
        {"distance": 45, "damage": 0.3},
        {"distance": "infinite", "damage": 0.1}
      ]
    },
    "speed": 50,
    "gravity": 0.09,
    "knockback": 0,
    "friction": 0.025,
    "ignite": false,
    "pierce": 1
  },
  "ammo_amount": 17,
  "extended_mag_ammo_amount": [
    20,
    25,
    30
  ],
  "bolt": "manual_action",
  "reload": {
    "type": "magazine",
    "feed": {
      "empty": 1.63,
      "tactical": 1.05
    },
    "cooldown": {
      "empty": 1.88,
      "tactical": 1.5
    }
  },
  "draw_time": 0.32,
  "put_away_time": 0.35,
  "aim_time": 0.17,
  "sprint_time": 0.05,
  "weight": 1,
  "movement_speed": {
    "base": 0.0,
    "aim": 0,
    "reload": 0.1
  },
  "crawl_recoil_multiplier": 0.75,
  "fire_mode": [
    "semi"
  ],
  "allow_attachment_types": [
    "scope",
    "muzzle",
    "extended_mag"
  ],
  "recoil": {
    "pitch": [
      {"time": 0, "value": [0.2, 0.2]},
      {"time": 0.35, "value": [0.3, 0.3]},
      {"time": 0.6, "value": [-0.1, -0.1]},
      {"time": 0.8, "value": [0.01, 0.01]},
      {"time": 1.0, "value": [0, 0]}
    ],
    "yaw": [
      {"time": 0, "value": [-0.05, 0.05]},
      {"time": 0.45, "value": [0, 0]}
    ]
  },
  "inaccuracy": {
    "stand": 3,
    "move": 3.5,
    "sneak": 2.5,
    "lie": 1.7,
    "aim": 0.2
  }
}