{
	"format_version": "1.12.0",
	"minecraft:geometry": [
		{
			"description": {
				"identifier": "geometry.unknown",
				"texture_width": 32,
				"texture_height": 32,
				"visible_bounds_width": 3,
				"visible_bounds_height": 3.5,
				"visible_bounds_offset": [0, 1.25, 0]
			},
			"bones": [
				{
					"name": "root",
					"pivot": [0, 0, 0]
				},
				{
					"name": "box",
					"parent": "root",
					"pivot": [0, 5, 0],
					"rotation": [0, -10, 0]
				},
				{
					"name": "bottle",
					"parent": "box",
					"pivot": [0, 5, 0],
					"cubes": [
						{
							"origin": [-1.75444, 0, -0.64813],
							"size": [3.25, 5.85, 1.3474],
							"uv": {
								"north": {"uv": [0, 0], "uv_size": [3.5, 6]},
								"east": {"uv": [4, 12], "uv_size": [1.5, 6]},
								"south": {"uv": [4, 0], "uv_size": [3.5, 6]},
								"west": {"uv": [6, 12], "uv_size": [1.5, 6]},
								"up": {"uv": [16, 0], "uv_size": [3.5, 1.5]},
								"down": {"uv": [16, 3.5], "uv_size": [3.5, -1.5]}
							}
						},
						{
							"origin": [-1.75444, 0, -0.64813],
							"size": [3.25, 5.85, 1.3474],
							"pivot": [-0.12944, 4, 0.02557],
							"rotation": [0, -45, 0],
							"uv": {
								"north": {"uv": [8, 0], "uv_size": [3.5, 6]},
								"east": {"uv": [10, 12], "uv_size": [1.5, 6]},
								"south": {"uv": [8, 6], "uv_size": [3.5, 6]},
								"west": {"uv": [12, 12], "uv_size": [1.5, 6]},
								"up": {"uv": [16, 8], "uv_size": [3.5, 1.5]},
								"down": {"uv": [16, 11.5], "uv_size": [3.5, -1.5]}
							}
						},
						{
							"origin": [-1.3002, 5.5, -0.47812],
							"size": [2.4142, 1.45, 1],
							"pivot": [-0.0931, 8.425, 0.02188],
							"rotation": [0, -45, 0],
							"uv": {
								"north": {"uv": [16, 16], "uv_size": [2.5, 1.5]},
								"east": {"uv": [20, 4], "uv_size": [1, 1.5]},
								"south": {"uv": [0, 18], "uv_size": [2.5, 1.5]},
								"west": {"uv": [6, 20], "uv_size": [1, 1.5]},
								"up": {"uv": [19, 16], "uv_size": [2.5, 1]},
								"down": {"uv": [19, 18], "uv_size": [2.5, -1]}
							}
						},
						{
							"origin": [-1.3002, 5.5, -0.47812],
							"size": [2.4142, 1.45, 1],
							"uv": {
								"north": {"uv": [3, 18], "uv_size": [2.5, 1.5]},
								"east": {"uv": [20, 6], "uv_size": [1, 1.5]},
								"south": {"uv": [6, 18], "uv_size": [2.5, 1.5]},
								"west": {"uv": [7, 20], "uv_size": [1, 1.5]},
								"up": {"uv": [0, 20], "uv_size": [2.5, 1]},
								"down": {"uv": [20, 1], "uv_size": [2.5, -1]}
							}
						},
						{
							"origin": [-1.3002, 5.5, -0.47812],
							"size": [2.4142, 1.45, 1],
							"pivot": [-0.0931, 8.425, 0.02188],
							"rotation": [0, 45, 0],
							"uv": {
								"north": {"uv": [9, 18], "uv_size": [2.5, 1.5]},
								"east": {"uv": [8, 20], "uv_size": [1, 1.5]},
								"south": {"uv": [12, 18], "uv_size": [2.5, 1.5]},
								"west": {"uv": [20, 8], "uv_size": [1, 1.5]},
								"up": {"uv": [20, 1], "uv_size": [2.5, 1]},
								"down": {"uv": [20, 3], "uv_size": [2.5, -1]}
							}
						},
						{
							"origin": [0.40658, 5.5, 0.48958],
							"size": [0.3, 3.15, 0.3],
							"pivot": [-0.50052, 12.925, 0.98958],
							"rotation": [0, 45, 0],
							"uv": {
								"north": {"uv": [20, 10], "uv_size": [0.5, 3]},
								"east": {"uv": [11, 20], "uv_size": [0.5, 3]},
								"south": {"uv": [12, 20], "uv_size": [0.5, 3]},
								"west": {"uv": [13, 20], "uv_size": [0.5, 3]},
								"up": {"uv": [3, 22], "uv_size": [0.5, 0.5]},
								"down": {"uv": [4, 22.5], "uv_size": [0.5, -0.5]}
							}
						},
						{
							"origin": [-1.3002, 5.5, -0.47812],
							"size": [2.4142, 1.45, 1],
							"pivot": [-0.0931, 8.425, 0.02188],
							"rotation": [0, -90, 0],
							"uv": {
								"north": {"uv": [15, 18], "uv_size": [2.5, 1.5]},
								"east": {"uv": [9, 20], "uv_size": [1, 1.5]},
								"south": {"uv": [18, 18], "uv_size": [2.5, 1.5]},
								"west": {"uv": [10, 20], "uv_size": [1, 1.5]},
								"up": {"uv": [3, 20], "uv_size": [2.5, 1]},
								"down": {"uv": [20, 4], "uv_size": [2.5, -1]}
							}
						},
						{
							"origin": [-1.75444, 0, -0.64813],
							"size": [3.25, 5.85, 1.3474],
							"pivot": [-0.12944, 4, 0.02557],
							"rotation": [0, 45, 0],
							"uv": {
								"north": {"uv": [0, 12], "uv_size": [3.5, 6]},
								"east": {"uv": [14, 6], "uv_size": [1.5, 6]},
								"south": {"uv": [12, 0], "uv_size": [3.5, 6]},
								"west": {"uv": [14, 12], "uv_size": [1.5, 6]},
								"up": {"uv": [16, 12], "uv_size": [3.5, 1.5]},
								"down": {"uv": [16, 15.5], "uv_size": [3.5, -1.5]}
							}
						},
						{
							"origin": [-1.75444, 0, -0.64813],
							"size": [3.25, 5.85, 1.3474],
							"pivot": [-0.12944, 4, 0.02557],
							"rotation": [0, -90, 0],
							"uv": {
								"north": {"uv": [0, 6], "uv_size": [3.5, 6]},
								"east": {"uv": [12, 6], "uv_size": [1.5, 6]},
								"south": {"uv": [4, 6], "uv_size": [3.5, 6]},
								"west": {"uv": [8, 12], "uv_size": [1.5, 6]},
								"up": {"uv": [16, 4], "uv_size": [3.5, 1.5]},
								"down": {"uv": [16, 7.5], "uv_size": [3.5, -1.5]}
							}
						}
					]
				},
				{
					"name": "pink",
					"parent": "box",
					"pivot": [-1.08922, 23.02183, -0.26874],
					"cubes": [
						{
							"origin": [-0.73991, 7.37351, -0.14536],
							"size": [0.83187, 0.16567, 0.3318],
							"pivot": [-0.82398, 9.95635, 0.15179],
							"rotation": [0, 0, 12.5],
							"uv": {
								"north": {"uv": [20, 14], "uv_size": [1, 0.5]},
								"east": {"uv": [21, 6], "uv_size": [0.5, 0.5]},
								"south": {"uv": [15, 20], "uv_size": [1, 0.5]},
								"west": {"uv": [21, 7], "uv_size": [0.5, 0.5]},
								"up": {"uv": [20, 15], "uv_size": [1, 0.5]},
								"down": {"uv": [16, 20.5], "uv_size": [1, -0.5]}
							}
						},
						{
							"origin": [0.54342, 6.55649, -0.14536],
							"size": [0.83187, 0.16567, 0.3318],
							"pivot": [-0.54065, 6.63933, 0.15179],
							"rotation": [0, 0, -130],
							"uv": {
								"north": {"uv": [17, 20], "uv_size": [1, 0.5]},
								"east": {"uv": [21, 8], "uv_size": [0.5, 0.5]},
								"south": {"uv": [18, 20], "uv_size": [1, 0.5]},
								"west": {"uv": [21, 9], "uv_size": [0.5, 0.5]},
								"up": {"uv": [19, 20], "uv_size": [1, 0.5]},
								"down": {"uv": [20, 20.5], "uv_size": [1, -0.5]}
							}
						},
						{
							"origin": [-0.57458, 6.89822, -0.14536],
							"size": [0.45687, 0.16567, 0.3318],
							"pivot": [-1.65865, 6.98106, 0.15179],
							"rotation": [0, 0, -95],
							"uv": {
								"north": {"uv": [21, 10], "uv_size": [0.5, 0.5]},
								"east": {"uv": [21, 11], "uv_size": [0.5, 0.5]},
								"south": {"uv": [21, 12], "uv_size": [0.5, 0.5]},
								"west": {"uv": [21, 13], "uv_size": [0.5, 0.5]},
								"up": {"uv": [14, 21], "uv_size": [0.5, 0.5]},
								"down": {"uv": [21, 14.5], "uv_size": [0.5, -0.5]}
							}
						},
						{
							"origin": [-1.2617, 7.44585, -0.14536],
							"size": [0.45687, 0.16567, 0.3318],
							"pivot": [-2.34576, 7.52868, 0.15179],
							"rotation": [0, 0, -60],
							"uv": {
								"north": {"uv": [15, 21], "uv_size": [0.5, 0.5]},
								"east": {"uv": [21, 15], "uv_size": [0.5, 0.5]},
								"south": {"uv": [16, 21], "uv_size": [0.5, 0.5]},
								"west": {"uv": [17, 21], "uv_size": [0.5, 0.5]},
								"up": {"uv": [18, 21], "uv_size": [0.5, 0.5]},
								"down": {"uv": [21, 18.5], "uv_size": [0.5, -0.5]}
							}
						},
						{
							"origin": [-1.78689, 9.31124, -0.16413],
							"size": [0.35, 0.5, 0.35],
							"pivot": [-1.61844, 9.26265, 0.01741],
							"rotation": [0, 0, -60],
							"uv": {
								"north": {"uv": [19, 21], "uv_size": [0.5, 0.5]},
								"east": {"uv": [21, 19], "uv_size": [0.5, 0.5]},
								"south": {"uv": [20, 21], "uv_size": [0.5, 0.5]},
								"west": {"uv": [21, 20], "uv_size": [0.5, 0.5]},
								"up": {"uv": [21, 21], "uv_size": [0.5, 0.5]},
								"down": {"uv": [0, 22.5], "uv_size": [0.5, -0.5]}
							}
						},
						{
							"origin": [-1.97498, 8.56406, -0.32606],
							"size": [0.7, 0.8, 0.7],
							"pivot": [-1.61844, 9.26265, 0.01741],
							"rotation": [0, 0, -60],
							"uv": {
								"north": {"uv": [0, 21], "uv_size": [0.5, 1]},
								"east": {"uv": [1, 21], "uv_size": [0.5, 1]},
								"south": {"uv": [2, 21], "uv_size": [0.5, 1]},
								"west": {"uv": [3, 21], "uv_size": [0.5, 1]},
								"up": {"uv": [1, 22], "uv_size": [0.5, 0.5]},
								"down": {"uv": [2, 22.5], "uv_size": [0.5, -0.5]}
							}
						},
						{
							"origin": [-0.45292, 6.87006, -0.40338],
							"size": [0.90687, 0.52817, 0.8068],
							"uv": {
								"north": {"uv": [4, 21], "uv_size": [1, 0.5]},
								"east": {"uv": [21, 4], "uv_size": [1, 0.5]},
								"south": {"uv": [5, 21], "uv_size": [1, 0.5]},
								"west": {"uv": [21, 5], "uv_size": [1, 0.5]},
								"up": {"uv": [20, 13], "uv_size": [1, 1]},
								"down": {"uv": [14, 21], "uv_size": [1, -1]}
							}
						}
					]
				},
				{
					"name": "positioning",
					"pivot": [-3.025, -8.95, -11.225]
				},
				{
					"name": "ground",
					"parent": "positioning",
					"pivot": [0, 0, 0]
				},
				{
					"name": "fixed",
					"parent": "positioning",
					"pivot": [0, 6.5, 0],
					"rotation": [0, -90, 0]
				},
				{
					"name": "thirdperson_hand",
					"parent": "positioning",
					"pivot": [-0.025, 2.05, -0.225],
					"rotation": [0, 90, 0]
				}
			]
		}
	]
}