{
	"format_version": "1.12.0",
	"minecraft:geometry": [
		{
			"description": {
				"identifier": "geometry.uzi_stock - Converted",
				"texture_width": 128,
				"texture_height": 128,
				"visible_bounds_width": 20,
				"visible_bounds_height": 10,
				"visible_bounds_offset": [0, -3, 0]
			},
			"bones": [
				{
					"name": "root",
					"pivot": [0, 6, 3]
				},
				{
					"name": "mag_and_lefthand",
					"parent": "root",
					"pivot": [0, 1.7, 2.6]
				},
				{
					"name": "lefthand",
					"parent": "mag_and_lefthand",
					"pivot": [-6, 19, 0]
				},
				{
					"name": "lefthand_pos",
					"parent": "lefthand",
					"pivot": [-3.5, -20, 17.5],
					"cubes": [
						{
							"origin": [-5.45363, -21.36603, 15.07854],
							"size": [4, 12, 4],
							"uv": {
								"north": {"uv": [0, 0], "uv_size": [4, 12]},
								"east": {"uv": [4, 0], "uv_size": [4, 12]},
								"south": {"uv": [8, 0], "uv_size": [4, 12]},
								"west": {"uv": [0, 12], "uv_size": [4, 12]},
								"up": {"uv": [32, 32], "uv_size": [4, 4]},
								"down": {"uv": [32, 40], "uv_size": [4, -4]}
							}
						}
					]
				},
				{
					"name": "gun_and_righthand",
					"parent": "root",
					"pivot": [-5, 3, 7]
				},
				{
					"name": "righthand",
					"parent": "gun_and_righthand",
					"pivot": [6, 19, 0]
				},
				{
					"name": "righthand_pos",
					"parent": "righthand",
					"pivot": [0, 8, 0],
					"cubes": [
						{
							"origin": [4, 8, -2],
							"size": [4, 12, 4],
							"uv": {
								"north": {"uv": [12, 0], "uv_size": [4, 12]},
								"east": {"uv": [4, 12], "uv_size": [4, 12]},
								"south": {"uv": [8, 12], "uv_size": [4, 12]},
								"west": {"uv": [12, 12], "uv_size": [4, 12]},
								"up": {"uv": [36, 32], "uv_size": [4, 4]},
								"down": {"uv": [36, 40], "uv_size": [4, -4]}
							}
						}
					]
				},
				{
					"name": "tube",
					"parent": "gun_and_righthand",
					"pivot": [0, 6, 3],
					"cubes": [
						{
							"origin": [-2.05683, 7.00683, -14],
							"size": [0.4, 0.3, 34],
							"uv": {
								"north": {"uv": [16, 36], "uv_size": [0.4, 0.3]},
								"east": {"uv": [16, 0], "uv_size": [34, 0.3]},
								"south": {"uv": [17, 36], "uv_size": [0.4, 0.3]},
								"west": {"uv": [16, 1], "uv_size": [34, 0.3]},
								"up": {"uv": [16, 2], "uv_size": [0.4, 34]},
								"down": {"uv": [17, 36], "uv_size": [0.4, -34]}
							}
						},
						{
							"origin": [-2.05683, 8.71777, -14],
							"size": [0.4, 0.3, 34],
							"uv": {
								"north": {"uv": [32, 40], "uv_size": [0.4, 0.3]},
								"east": {"uv": [24, 18], "uv_size": [34, 0.3]},
								"south": {"uv": [40, 32], "uv_size": [0.4, 0.3]},
								"west": {"uv": [24, 19], "uv_size": [34, 0.3]},
								"up": {"uv": [10, 24], "uv_size": [0.4, 34]},
								"down": {"uv": [11, 58], "uv_size": [0.4, -34]}
							}
						},
						{
							"origin": [-2.44531, 6.96476, -14],
							"size": [0.4, 0.3, 34],
							"pivot": [-1.94531, 7.01476, 3],
							"rotation": [0, 0, 22.5],
							"uv": {
								"north": {"uv": [16, 37], "uv_size": [0.4, 0.3]},
								"east": {"uv": [18, 2], "uv_size": [34, 0.3]},
								"south": {"uv": [17, 37], "uv_size": [0.4, 0.3]},
								"west": {"uv": [18, 3], "uv_size": [34, 0.3]},
								"up": {"uv": [18, 4], "uv_size": [0.4, 34]},
								"down": {"uv": [19, 38], "uv_size": [0.4, -34]}
							}
						},
						{
							"origin": [-2.28504, 8.35412, -14],
							"size": [0.4, 0.3, 34],
							"pivot": [-2.88504, 8.40412, 3],
							"rotation": [0, 0, -22.5],
							"uv": {
								"north": {"uv": [35, 40], "uv_size": [0.4, 0.3]},
								"east": {"uv": [24, 24], "uv_size": [34, 0.3]},
								"south": {"uv": [40, 35], "uv_size": [0.4, 0.3]},
								"west": {"uv": [24, 25], "uv_size": [34, 0.3]},
								"up": {"uv": [24, 26], "uv_size": [0.4, 34]},
								"down": {"uv": [25, 60], "uv_size": [0.4, -34]}
							}
						},
						{
							"origin": [-1.82883, 7.17153, -14],
							"size": [0.4, 0.3, 34],
							"pivot": [-1.32883, 7.52153, 3],
							"rotation": [0, 0, -22.5],
							"uv": {
								"north": {"uv": [20, 40], "uv_size": [0.4, 0.3]},
								"east": {"uv": [24, 16], "uv_size": [34, 0.3]},
								"south": {"uv": [21, 40], "uv_size": [0.4, 0.3]},
								"west": {"uv": [24, 17], "uv_size": [34, 0.3]},
								"up": {"uv": [8, 24], "uv_size": [0.4, 34]},
								"down": {"uv": [9, 58], "uv_size": [0.4, -34]}
							}
						},
						{
							"origin": [-1.79057, 8.54546, -14],
							"size": [0.4, 0.3, 34],
							"pivot": [-1.29057, 8.59546, 3],
							"rotation": [0, 0, 22.5],
							"uv": {
								"north": {"uv": [36, 40], "uv_size": [0.4, 0.3]},
								"east": {"uv": [26, 26], "uv_size": [34, 0.3]},
								"south": {"uv": [40, 36], "uv_size": [0.4, 0.3]},
								"west": {"uv": [26, 27], "uv_size": [34, 0.3]},
								"up": {"uv": [26, 28], "uv_size": [0.4, 34]},
								"down": {"uv": [27, 62], "uv_size": [0.4, -34]}
							}
						},
						{
							"origin": [-1.68122, 7.41095, -14],
							"size": [0.4, 0.3, 34],
							"pivot": [-1.18122, 7.76095, 3],
							"rotation": [0, 0, -45],
							"uv": {
								"north": {"uv": [16, 38], "uv_size": [0.4, 0.3]},
								"east": {"uv": [20, 4], "uv_size": [34, 0.3]},
								"south": {"uv": [17, 38], "uv_size": [0.4, 0.3]},
								"west": {"uv": [20, 5], "uv_size": [34, 0.3]},
								"up": {"uv": [20, 6], "uv_size": [0.4, 34]},
								"down": {"uv": [21, 40], "uv_size": [0.4, -34]}
							}
						},
						{
							"origin": [-1.61051, 8.28437, -14],
							"size": [0.4, 0.3, 34],
							"pivot": [-1.11051, 8.33437, 3],
							"rotation": [0, 0, 45],
							"uv": {
								"north": {"uv": [37, 40], "uv_size": [0.4, 0.3]},
								"east": {"uv": [28, 28], "uv_size": [34, 0.3]},
								"south": {"uv": [40, 37], "uv_size": [0.4, 0.3]},
								"west": {"uv": [28, 29], "uv_size": [34, 0.3]},
								"up": {"uv": [28, 30], "uv_size": [0.4, 34]},
								"down": {"uv": [29, 64], "uv_size": [0.4, -34]}
							}
						},
						{
							"origin": [-2.82032, 7.07455, -14],
							"size": [0.4, 0.3, 34],
							"pivot": [-2.32032, 7.12455, 3],
							"rotation": [0, 0, 45],
							"uv": {
								"north": {"uv": [18, 40], "uv_size": [0.4, 0.3]},
								"east": {"uv": [24, 14], "uv_size": [34, 0.3]},
								"south": {"uv": [19, 40], "uv_size": [0.4, 0.3]},
								"west": {"uv": [24, 15], "uv_size": [34, 0.3]},
								"up": {"uv": [6, 24], "uv_size": [0.4, 34]},
								"down": {"uv": [7, 58], "uv_size": [0.4, -34]}
							}
						},
						{
							"origin": [-2.35672, 7.93081, -14],
							"size": [0.4, 0.3, 34],
							"pivot": [-2.95672, 7.98081, 3],
							"rotation": [0, 0, -45],
							"uv": {
								"north": {"uv": [34, 40], "uv_size": [0.4, 0.3]},
								"east": {"uv": [24, 22], "uv_size": [34, 0.3]},
								"south": {"uv": [40, 34], "uv_size": [0.4, 0.3]},
								"west": {"uv": [24, 23], "uv_size": [34, 0.3]},
								"up": {"uv": [14, 24], "uv_size": [0.4, 34]},
								"down": {"uv": [15, 58], "uv_size": [0.4, -34]}
							}
						},
						{
							"origin": [-3.12477, 7.3195, -14],
							"size": [0.4, 0.3, 34],
							"pivot": [-2.62477, 7.3695, 3],
							"rotation": [0, 0, 67.5],
							"uv": {
								"north": {"uv": [18, 38], "uv_size": [0.4, 0.3]},
								"east": {"uv": [22, 6], "uv_size": [34, 0.3]},
								"south": {"uv": [19, 38], "uv_size": [0.4, 0.3]},
								"west": {"uv": [22, 7], "uv_size": [34, 0.3]},
								"up": {"uv": [22, 8], "uv_size": [0.4, 34]},
								"down": {"uv": [23, 42], "uv_size": [0.4, -34]}
							}
						},
						{
							"origin": [-2.26094, 7.5123, -14],
							"size": [0.4, 0.3, 34],
							"pivot": [-2.86094, 7.5623, 3],
							"rotation": [0, 0, -67.5],
							"uv": {
								"north": {"uv": [33, 40], "uv_size": [0.4, 0.3]},
								"east": {"uv": [24, 20], "uv_size": [34, 0.3]},
								"south": {"uv": [40, 33], "uv_size": [0.4, 0.3]},
								"west": {"uv": [24, 21], "uv_size": [34, 0.3]},
								"up": {"uv": [12, 24], "uv_size": [0.4, 34]},
								"down": {"uv": [13, 58], "uv_size": [0.4, -34]}
							}
						},
						{
							"origin": [-1.63646, 7.68863, -14],
							"size": [0.4, 0.3, 34],
							"pivot": [-1.13646, 8.03863, 3],
							"rotation": [0, 0, -67.5],
							"uv": {
								"north": {"uv": [16, 40], "uv_size": [0.4, 0.3]},
								"east": {"uv": [24, 12], "uv_size": [34, 0.3]},
								"south": {"uv": [17, 40], "uv_size": [0.4, 0.3]},
								"west": {"uv": [24, 13], "uv_size": [34, 0.3]},
								"up": {"uv": [4, 24], "uv_size": [0.4, 34]},
								"down": {"uv": [5, 58], "uv_size": [0.4, -34]}
							}
						},
						{
							"origin": [-1.54407, 7.97424, -14],
							"size": [0.4, 0.3, 34],
							"pivot": [-1.04407, 8.02424, 3],
							"rotation": [0, 0, 67.5],
							"uv": {
								"north": {"uv": [38, 40], "uv_size": [0.4, 0.3]},
								"east": {"uv": [30, 30], "uv_size": [34, 0.3]},
								"south": {"uv": [40, 38], "uv_size": [0.4, 0.3]},
								"west": {"uv": [30, 31], "uv_size": [34, 0.3]},
								"up": {"uv": [30, 32], "uv_size": [0.4, 34]},
								"down": {"uv": [31, 66], "uv_size": [0.4, -34]}
							}
						},
						{
							"origin": [-3.3123, 7.6623, -14],
							"size": [0.4, 0.3, 34],
							"pivot": [-2.8123, 7.7123, 3],
							"rotation": [0, 0, 90],
							"uv": {
								"north": {"uv": [16, 39], "uv_size": [0.4, 0.3]},
								"east": {"uv": [24, 8], "uv_size": [34, 0.3]},
								"south": {"uv": [17, 39], "uv_size": [0.4, 0.3]},
								"west": {"uv": [24, 9], "uv_size": [34, 0.3]},
								"up": {"uv": [0, 24], "uv_size": [0.4, 34]},
								"down": {"uv": [1, 58], "uv_size": [0.4, -34]}
							}
						},
						{
							"origin": [-1.70137, 7.9623, -14],
							"size": [0.4, 0.3, 34],
							"pivot": [-1.20137, 8.3123, 3],
							"rotation": [0, 0, -90],
							"uv": {
								"north": {"uv": [18, 39], "uv_size": [0.4, 0.3]},
								"east": {"uv": [24, 10], "uv_size": [34, 0.3]},
								"south": {"uv": [19, 39], "uv_size": [0.4, 0.3]},
								"west": {"uv": [24, 11], "uv_size": [34, 0.3]},
								"up": {"uv": [2, 24], "uv_size": [0.4, 34]},
								"down": {"uv": [3, 58], "uv_size": [0.4, -34]}
							}
						}
					]
				},
				{
					"name": "camera",
					"pivot": [3, 12, 16]
				},
				{
					"name": "view",
					"pivot": [0, 0, 0]
				},
				{
					"name": "idle_view",
					"parent": "view",
					"pivot": [4.5625, 12, 15.3125]
				},
				{
					"name": "iron_view",
					"parent": "view",
					"pivot": [7.96965, 28.18361, -5.95407],
					"rotation": [-110, 87.5, -180]
				},
				{
					"name": "refit_extended_mag_view",
					"parent": "view",
					"pivot": [11.65, 0.7, 3],
					"rotation": [0, 90, 0]
				},
				{
					"name": "refit_view",
					"parent": "view",
					"pivot": [16.975, 6.825, 1],
					"rotation": [0, 90, 0]
				},
				{
					"name": "refit_muzzle_view",
					"parent": "view",
					"pivot": [11.82813, 8.825, -7.76562],
					"rotation": [0, 102.5, 0]
				},
				{
					"name": "refit_scope_view",
					"parent": "view",
					"pivot": [8.025, 11.675, 0.775],
					"rotation": [0, 117.5, 0]
				},
				{
					"name": "positioning",
					"pivot": [0, 0, 0]
				},
				{
					"name": "thirdperson_hand",
					"parent": "positioning",
					"pivot": [0.95, 6.525, 1.1]
				},
				{
					"name": "fixed",
					"parent": "positioning",
					"pivot": [0.95, 8.55, 1.825],
					"rotation": [0, 90, 0]
				},
				{
					"name": "ground",
					"parent": "positioning",
					"pivot": [0, -2.875, 1]
				}
			]
		}
	]
}