{
  "materials": [
    {
      "item": {
        "tag": "forge:ingots/iron"
      },
      "count": 38
    },
    {
      "item": {
        "tag": "forge:sand/colorless"
      },
      "count": 5
    },
    {
      "item": {
        "tag": "forge:sandstone"
      },
      "count": 5
    },
    {
      "item": {
        "tag": "forge:gems/lapis"
      },
      "count": 6
    },
    {
      "item": {
        "tag": "minecraft:logs"
      },
      "count": 10
    }
  ],
  "result": {
    "type": "gun",
    "id": "murasamet:akm",
    "attachments": {
      "stock": "tacz:oem_stock_tactical"
    }
  }
}