{
  "model": "murasamet:gun/glock_999_geo",
  "texture": "murasamet:gun/uv/glock_999",
  "lod": {
    "model": "murasamet:gun/lod/glock_999",
    "texture": "murasamet:gun/lod/glock_999"
  },
  "hud": "murasamet:gun/hud/glock_999",
  "slot": "murasamet:gun/slot/glock_999",
  "animation": "murasamet:glock_999",
  "use_default_animation": "pistol",
  "player_animator_3rd": "murasamet:pistol_default.player_animation",
  "transform": {
    "scale": {
      "thirdperson": [4, 4, 4],
      "ground": [2.5, 2.5, 2.5],
      "fixed": [5, 5, 5]
    }
  },
  "shell": {
    "initial_velocity": [8.0, 5.0, -0.5],
    "random_velocity": [2.5, 1.5, 0.25],
    "acceleration": [0.0, -20, 0.0],
    "angular_velocity": [360, -720, 90],
    "living_time": 1.0
  },
  "muzzle_flash": {
    "texture": "murasamet:flash/common_muzzle_flash",
    "scale": 0.4
  },
  "sounds": {
    "reload_empty": "murasamet:glock_999/glock999_reload_empty",
    "reload_tactical": "murasamet:glock_999/glock999_reload_tactical",
    "inspect": "murasamet:glock_999/glock999_inspect",
    "inspect_empty": "murasamet:glock_999/glock999_inspect_empty",
    "draw": "murasamet:glock_999/glock999_draw",
    "shoot": "murasamet:glock_999/glock999_shoot",
    "shoot_3p": "murasamet:glock_999/glock999_shoot_3p",
    "silence": "murasamet:glock_999/glock999_silence",
    "silence_3p": "murasamet:glock_999/glock999_silence_3p"
  },
  "offhand_show": {
    "pos": [4, 13, -1],
    "rotate": [-90, -35, 90],
    "scale": [0.5, 0.5, 0.5]
  },
  "hotbar_show": {
    "0": {
      "pos": [-5, 13, -1],
      "rotate": [-90, -35, 90],
      "scale": [0.5, 0.5, 0.5]
    }
  }
}