{
  "model": "murasamet:gun/mosin_nagant38_geo",
  "texture": "murasamet:gun/uv/mosin_nagant",
  "lod": {
    "model": "murasamet:gun/mosin_nagant38",
    "texture": "murasamet:gun/uv/mosin_nagant"
  },
  "hud": "murasamet:gun/hud/mosin_nagant38",
  "slot": "murasamet:gun/slot/mosin_nagant38",
  "animation": "murasamet:mosin_nagant",
  "use_default_animation": "rifle",
  "third_person_animation": "default",
  "state_machine": "murasamet:mosin_nagant_state_machine",
  "transform": {
    "scale": {
      "thirdperson": [0.6, 0.6, 0.6],
      "ground": [0.6, 0.6, 0.6],
      "fixed": [1.2, 1.2, 1.2]
    }
  },
  "muzzle_flash": {
    "texture": "tacz:flash/common_muzzle_flash",
    "scale": 1.5
  },
  "zoom_model_fov": 55,
  "iron_zoom": 1.5,
  "sounds": {
    "shoot": "murasamet:mosin_nagant1891/mosin_nagant1891_shoot",
    "shoot_3p": "murasamet:mosin_nagant1891/mosin_nagant1891_shoot"
  },
  "offhand_show": {
    "pos": [4, 13, -1],
    "rotate": [-90, -35, 90],
    "scale": [0.5, 0.5, 0.5]
  },
  "hotbar_show": {
    "0": {
      "pos": [0, 20, 3],
      "rotate": [-180, 0, 120],
      "scale": [0.5, 0.5, 0.5]
    }
  }
}