{
  "model": "murasamet:gun/tdf97ar_geo",
  "texture": "murasamet:gun/uv/tdf97ar",
  "lod": {
    "model": "murasamet:gun/lod/tdf97ar",
    "texture": "murasamet:gun/lod/tdf97ar"
  },
  "hud": "murasamet:gun/hud/tdf97ar",
  "slot": "murasamet:gun/slot/tdf97ar",
  "animation": "murasamet:tdf97ar",
  "ammo_count_style": "normal",
  "use_default_animation": "rifle",
  "third_person_animation": "default",
  "state_machine": "murasamet:tdf97ar_state_machine",
  "transform": {
    "scale": {
      "thirdperson": [0.6, 0.6, 0.6],
      "ground": [0.6, 0.6, 0.6],
      "fixed": [1.2, 1.2, 1.2]
    }
  },
  "muzzle_flash": {
    "texture": "murasamet:flash/common_muzzle_flash",
    "scale": 0
  },
  "iron_zoom": 1.33,
  "zoom_model_fov": 60,
  "sounds": {
    "shoot": "murasamet:tdf97ar/tdf97ar_shoot",
    "shoot_3p": "murasamet:tdf97ar/tdf97ar_shoot_3p",
    "inspect": "murasamet:tdf97ar/tdf97ar_inspect",
    "inspect_empty": "murasamet:tdf97ar/tdf97ar_inspect_empty",
    "draw": "murasamet:tdf97ar/tdf97ar_draw",
    "put_away": "murasamet:tdf97ar/tdf97ar_put_away",
    "silence": "murasamet:tdf97ar/tdf97ar_silence",
    "melee_push": "murasamet:melee_stock/melee_stock_01",
    "melee_stock": "murasamet:melee_stock/melee_stock_02"
  },
    "text_show": {
    "ammo_count_text": {
      "scale": 0.6,
      "align": "left",
      "shadow": false,
      "color": "#00ffff",
      "light": 15,
      "text": "%ammo_count%"
    },
    "custom_text_ammo":{
      "scale": 0.5,
      "align": "center",
      "shadow": false,
      "color": "#ffffff",
      "light": 15,
      "text": "AMMO"
    }
  },
  "offhand_show": {
    "pos": [1, 19, 4],
    "rotate": [0, 0, 50],
    "scale": [0.5, 0.5, 0.5]
  },
  "hotbar_show": {
    "0": {
      "pos": [-1, 19, 3],
      "rotate": [-180, 0, 130],
      "scale": [0.5, 0.5, 0.5]
    }
  }
}