{
	"format_version": "1.12.0",
	"minecraft:geometry": [
		{
			"description": {
				"identifier": "geometry.unknown",
				"texture_width": 128,
				"texture_height": 128,
				"visible_bounds_width": 19,
				"visible_bounds_height": 11,
				"visible_bounds_offset": [0, -1.5, 0]
			},
			"bones": [
				{
					"name": "camera",
					"pivot": [3.38125, 12.15625, 11.525]
				},
				{
					"name": "positioning",
					"pivot": [0, 0, -8]
				},
				{
					"name": "thirdperson_hand",
					"parent": "positioning",
					"pivot": [0, 8.325, -1.3]
				},
				{
					"name": "ground",
					"parent": "positioning",
					"pivot": [0, 5.6, -5.3]
				},
				{
					"name": "fixed",
					"parent": "positioning",
					"pivot": [0, 8.7, -4.25],
					"rotation": [0, 90, 0]
				},
				{
					"name": "views",
					"pivot": [0, 0, 0]
				},
				{
					"name": "refit_view",
					"parent": "views",
					"pivot": [25, 16.05, -19.65],
					"rotation": [-166, 67.5, 180]
				},
				{
					"name": "idle_view",
					"parent": "views",
					"pivot": [4.73125, 13.95625, 13.425]
				},
				{
					"name": "iron_view",
					"parent": "views",
					"pivot": [0, 11.8, 9.35]
				},
				{
					"name": "root",
					"pivot": [0, 0, 0]
				},
				{
					"name": "gun_and_righthand",
					"parent": "root",
					"pivot": [0, 0, 0]
				},
				{
					"name": "righthand",
					"parent": "gun_and_righthand",
					"pivot": [6, 19, 0]
				},
				{
					"name": "righthand_pos",
					"parent": "righthand",
					"pivot": [0, 8, 0],
					"cubes": [
						{
							"origin": [4, 8, -2.48796],
							"size": [3, 12, 4],
							"uv": {
								"north": {"uv": [5, 13], "uv_size": [3, 12]},
								"east": {"uv": [0, 0], "uv_size": [4, 12]},
								"south": {"uv": [9, 13], "uv_size": [3, 12]},
								"west": {"uv": [5, 0], "uv_size": [4, 12]},
								"up": {"uv": [17, 13], "uv_size": [3, 4]},
								"down": {"uv": [17, 22], "uv_size": [3, -4]}
							}
						}
					]
				},
				{
					"name": "cannon",
					"parent": "gun_and_righthand",
					"pivot": [0, 0, 0]
				},
				{
					"name": "positioning2",
					"parent": "cannon",
					"pivot": [0, 9, -25.375]
				},
				{
					"name": "muzzle_flash",
					"parent": "positioning2",
					"pivot": [-0.0625, 9.4375, -27.5]
				},
				{
					"name": "shell",
					"parent": "positioning2",
					"pivot": [0, 11.1, -5.975]
				},
				{
					"name": "constraint",
					"parent": "cannon",
					"pivot": [-0.225, 11.325, -13.825]
				},
				{
					"name": "cannon_default",
					"parent": "cannon",
					"pivot": [0, 0, 0]
				},
				{
					"name": "barrel",
					"parent": "cannon_default",
					"pivot": [0.05085, 0.33233, -20.20625],
					"rotation": [-5, 0, 0],
					"cubes": [
						{
							"origin": [-0.2071, 11.8139, -14.25959],
							"size": [0.4142, 0.1875, 12.10313],
							"inflate": 0.001,
							"uv": {
								"north": {"uv": [82, 8], "uv_size": [0.5, 0.5]},
								"east": {"uv": [16, 26], "uv_size": [12, 0.5]},
								"south": {"uv": [10, 82], "uv_size": [0.5, 0.5]},
								"west": {"uv": [0, 28], "uv_size": [12, 0.5]},
								"up": {"uv": [13, 28], "uv_size": [0.5, 12]},
								"down": {"uv": [15, 40], "uv_size": [0.5, -12]}
							}
						},
						{
							"origin": [-6.85638, 8.8099, -14.25958],
							"size": [0.4142, 0.1875, 12.10312],
							"inflate": 0.001,
							"pivot": [0.30151, 1.97161, -13.30625],
							"rotation": [0, 0, 45],
							"uv": {
								"north": {"uv": [12, 82], "uv_size": [0.5, 0.5]},
								"east": {"uv": [17, 28], "uv_size": [12, 0.5]},
								"south": {"uv": [82, 14], "uv_size": [0.5, 0.5]},
								"west": {"uv": [29, 26], "uv_size": [12, 0.5]},
								"up": {"uv": [0, 30], "uv_size": [0.5, 12]},
								"down": {"uv": [2, 42], "uv_size": [0.5, -12]}
							}
						},
						{
							"origin": [-9.6106, 1.5576, -14.25958],
							"size": [0.4142, 0.1875, 12.10312],
							"inflate": 0.001,
							"pivot": [0.4264, 1.6701, -13.30625],
							"rotation": [0, 0, 90],
							"uv": {
								"north": {"uv": [16, 82], "uv_size": [0.5, 0.5]},
								"east": {"uv": [17, 30], "uv_size": [12, 0.5]},
								"south": {"uv": [82, 16], "uv_size": [0.5, 0.5]},
								"west": {"uv": [30, 28], "uv_size": [12, 0.5]},
								"up": {"uv": [4, 30], "uv_size": [0.5, 12]},
								"down": {"uv": [6, 42], "uv_size": [0.5, -12]}
							}
						},
						{
							"origin": [-6.85638, -5.69471, -14.25958],
							"size": [0.4142, 0.1875, 12.10312],
							"inflate": 0.001,
							"pivot": [0.30151, 1.36859, -13.30625],
							"rotation": [0, 0, 135],
							"uv": {
								"north": {"uv": [20, 82], "uv_size": [0.5, 0.5]},
								"east": {"uv": [30, 30], "uv_size": [12, 0.5]},
								"south": {"uv": [22, 82], "uv_size": [0.5, 0.5]},
								"west": {"uv": [31, 10], "uv_size": [12, 0.5]},
								"up": {"uv": [8, 30], "uv_size": [0.5, 12]},
								"down": {"uv": [10, 42], "uv_size": [0.5, -12]}
							}
						},
						{
							"origin": [-0.2071, -8.69871, -14.25958],
							"size": [0.4142, 0.1875, 12.10312],
							"inflate": 0.001,
							"pivot": [0, 1.2437, -13.30625],
							"rotation": [0, 0, -180],
							"uv": {
								"north": {"uv": [24, 82], "uv_size": [0.5, 0.5]},
								"east": {"uv": [32, 0], "uv_size": [12, 0.5]},
								"south": {"uv": [82, 24], "uv_size": [0.5, 0.5]},
								"west": {"uv": [32, 2], "uv_size": [12, 0.5]},
								"up": {"uv": [17, 32], "uv_size": [0.5, 12]},
								"down": {"uv": [19, 44], "uv_size": [0.5, -12]}
							}
						},
						{
							"origin": [6.44218, -5.69471, -14.25958],
							"size": [0.4142, 0.1875, 12.10312],
							"inflate": 0.001,
							"pivot": [-0.30151, 1.36859, -13.30625],
							"rotation": [0, 0, -135],
							"uv": {
								"north": {"uv": [26, 82], "uv_size": [0.5, 0.5]},
								"east": {"uv": [32, 4], "uv_size": [12, 0.5]},
								"south": {"uv": [82, 33], "uv_size": [0.5, 0.5]},
								"west": {"uv": [32, 6], "uv_size": [12, 0.5]},
								"up": {"uv": [21, 32], "uv_size": [0.5, 12]},
								"down": {"uv": [23, 44], "uv_size": [0.5, -12]}
							}
						},
						{
							"origin": [9.1964, 1.5576, -14.25958],
							"size": [0.4142, 0.1875, 12.10312],
							"inflate": 0.001,
							"pivot": [-0.4264, 1.6701, -13.30625],
							"rotation": [0, 0, -90],
							"uv": {
								"north": {"uv": [34, 82], "uv_size": [0.5, 0.5]},
								"east": {"uv": [32, 18], "uv_size": [12, 0.5]},
								"south": {"uv": [82, 35], "uv_size": [0.5, 0.5]},
								"west": {"uv": [32, 20], "uv_size": [12, 0.5]},
								"up": {"uv": [25, 32], "uv_size": [0.5, 12]},
								"down": {"uv": [27, 44], "uv_size": [0.5, -12]}
							}
						},
						{
							"origin": [6.44218, 8.8099, -14.25958],
							"size": [0.4142, 0.1875, 12.10312],
							"inflate": 0.001,
							"pivot": [-0.30151, 1.97161, -13.30625],
							"rotation": [0, 0, -45],
							"uv": {
								"north": {"uv": [36, 82], "uv_size": [0.5, 0.5]},
								"east": {"uv": [32, 22], "uv_size": [12, 0.5]},
								"south": {"uv": [82, 37], "uv_size": [0.5, 0.5]},
								"west": {"uv": [29, 32], "uv_size": [12, 0.5]},
								"up": {"uv": [29, 34], "uv_size": [0.5, 12]},
								"down": {"uv": [31, 46], "uv_size": [0.5, -12]}
							}
						},
						{
							"origin": [6.40312, 8.9599, -14.16583],
							"size": [0.49233, 0.13438, 0.68125],
							"inflate": 0.001,
							"pivot": [-0.30151, 1.97161, -13.30625],
							"rotation": [0, 0, -45],
							"uv": {
								"north": {"uv": [38, 82], "uv_size": [0.5, 0.5]},
								"east": {"uv": [82, 39], "uv_size": [0.5, 0.5]},
								"south": {"uv": [40, 82], "uv_size": [0.5, 0.5]},
								"west": {"uv": [82, 41], "uv_size": [0.5, 0.5]},
								"up": {"uv": [82, 45], "uv_size": [0.5, 0.5]},
								"down": {"uv": [47, 82.5], "uv_size": [0.5, -0.5]}
							}
						},
						{
							"origin": [9.15734, 1.7076, -14.16583],
							"size": [0.49232, 0.13438, 0.68125],
							"inflate": 0.001,
							"pivot": [-0.4264, 1.6701, -13.30625],
							"rotation": [0, 0, -90],
							"uv": {
								"north": {"uv": [82, 47], "uv_size": [0.5, 0.5]},
								"east": {"uv": [49, 82], "uv_size": [0.5, 0.5]},
								"south": {"uv": [82, 49], "uv_size": [0.5, 0.5]},
								"west": {"uv": [51, 82], "uv_size": [0.5, 0.5]},
								"up": {"uv": [53, 82], "uv_size": [0.5, 0.5]},
								"down": {"uv": [55, 82.5], "uv_size": [0.5, -0.5]}
							}
						},
						{
							"origin": [6.40312, -5.54471, -14.16583],
							"size": [0.49233, 0.13438, 0.68125],
							"inflate": 0.001,
							"pivot": [-0.30151, 1.36859, -13.30625],
							"rotation": [0, 0, -135],
							"uv": {
								"north": {"uv": [82, 55], "uv_size": [0.5, 0.5]},
								"east": {"uv": [57, 82], "uv_size": [0.5, 0.5]},
								"south": {"uv": [82, 57], "uv_size": [0.5, 0.5]},
								"west": {"uv": [59, 82], "uv_size": [0.5, 0.5]},
								"up": {"uv": [82, 59], "uv_size": [0.5, 0.5]},
								"down": {"uv": [61, 82.5], "uv_size": [0.5, -0.5]}
							}
						},
						{
							"origin": [-0.24616, -8.54871, -14.16583],
							"size": [0.49233, 0.13438, 0.68125],
							"inflate": 0.001,
							"pivot": [0, 1.2437, -13.30625],
							"rotation": [0, 0, -180],
							"uv": {
								"north": {"uv": [82, 61], "uv_size": [0.5, 0.5]},
								"east": {"uv": [82, 63], "uv_size": [0.5, 0.5]},
								"south": {"uv": [66, 82], "uv_size": [0.5, 0.5]},
								"west": {"uv": [68, 82], "uv_size": [0.5, 0.5]},
								"up": {"uv": [70, 82], "uv_size": [0.5, 0.5]},
								"down": {"uv": [72, 82.5], "uv_size": [0.5, -0.5]}
							}
						},
						{
							"origin": [-6.89544, -5.54471, -14.16583],
							"size": [0.49233, 0.13438, 0.68125],
							"inflate": 0.001,
							"pivot": [0.30151, 1.36859, -13.30625],
							"rotation": [0, 0, 135],
							"uv": {
								"north": {"uv": [82, 81], "uv_size": [0.5, 0.5]},
								"east": {"uv": [2, 83], "uv_size": [0.5, 0.5]},
								"south": {"uv": [83, 2], "uv_size": [0.5, 0.5]},
								"west": {"uv": [83, 10], "uv_size": [0.5, 0.5]},
								"up": {"uv": [83, 12], "uv_size": [0.5, 0.5]},
								"down": {"uv": [14, 83.5], "uv_size": [0.5, -0.5]}
							}
						},
						{
							"origin": [-9.64967, 1.7076, -14.16583],
							"size": [0.49232, 0.13438, 0.68125],
							"inflate": 0.001,
							"pivot": [0.4264, 1.6701, -13.30625],
							"rotation": [0, 0, 90],
							"uv": {
								"north": {"uv": [18, 83], "uv_size": [0.5, 0.5]},
								"east": {"uv": [83, 18], "uv_size": [0.5, 0.5]},
								"south": {"uv": [83, 20], "uv_size": [0.5, 0.5]},
								"west": {"uv": [83, 22], "uv_size": [0.5, 0.5]},
								"up": {"uv": [83, 26], "uv_size": [0.5, 0.5]},
								"down": {"uv": [28, 83.5], "uv_size": [0.5, -0.5]}
							}
						},
						{
							"origin": [-6.89544, 8.9599, -14.16583],
							"size": [0.49233, 0.13438, 0.68125],
							"inflate": 0.001,
							"pivot": [0.30151, 1.97161, -13.30625],
							"rotation": [0, 0, 45],
							"uv": {
								"north": {"uv": [83, 28], "uv_size": [0.5, 0.5]},
								"east": {"uv": [30, 83], "uv_size": [0.5, 0.5]},
								"south": {"uv": [83, 30], "uv_size": [0.5, 0.5]},
								"west": {"uv": [32, 83], "uv_size": [0.5, 0.5]},
								"up": {"uv": [42, 83], "uv_size": [0.5, 0.5]},
								"down": {"uv": [83, 43.5], "uv_size": [0.5, -0.5]}
							}
						},
						{
							"origin": [-0.24616, 11.9639, -14.16584],
							"size": [0.49233, 0.13437, 0.68126],
							"inflate": 0.001,
							"uv": {
								"north": {"uv": [44, 83], "uv_size": [0.5, 0.5]},
								"east": {"uv": [83, 51], "uv_size": [0.5, 0.5]},
								"south": {"uv": [83, 53], "uv_size": [0.5, 0.5]},
								"west": {"uv": [63, 83], "uv_size": [0.5, 0.5]},
								"up": {"uv": [83, 65], "uv_size": [0.5, 0.5]},
								"down": {"uv": [83, 67.5], "uv_size": [0.5, -0.5]}
							}
						},
						{
							"origin": [-0.28913, 11.9639, -10.66194],
							"size": [0.57436, 0.23437, 0.32969],
							"inflate": 0.001,
							"uv": {
								"north": {"uv": [83, 69], "uv_size": [0.5, 0.5]},
								"east": {"uv": [83, 71], "uv_size": [0.5, 0.5]},
								"south": {"uv": [83, 73], "uv_size": [0.5, 0.5]},
								"west": {"uv": [74, 83], "uv_size": [0.5, 0.5]},
								"up": {"uv": [83, 75], "uv_size": [0.5, 0.5]},
								"down": {"uv": [76, 83.5], "uv_size": [0.5, -0.5]}
							}
						},
						{
							"origin": [-6.93841, 8.9599, -10.66193],
							"size": [0.57436, 0.23438, 0.32968],
							"inflate": 0.001,
							"pivot": [0.30151, 1.97161, -13.30625],
							"rotation": [0, 0, 45],
							"uv": {
								"north": {"uv": [83, 77], "uv_size": [0.5, 0.5]},
								"east": {"uv": [78, 83], "uv_size": [0.5, 0.5]},
								"south": {"uv": [83, 79], "uv_size": [0.5, 0.5]},
								"west": {"uv": [80, 83], "uv_size": [0.5, 0.5]},
								"up": {"uv": [82, 83], "uv_size": [0.5, 0.5]},
								"down": {"uv": [0, 84.5], "uv_size": [0.5, -0.5]}
							}
						},
						{
							"origin": [-9.69264, 1.7076, -10.66193],
							"size": [0.57436, 0.23438, 0.32968],
							"inflate": 0.001,
							"pivot": [0.4264, 1.6701, -13.30625],
							"rotation": [0, 0, 90],
							"uv": {
								"north": {"uv": [84, 0], "uv_size": [0.5, 0.5]},
								"east": {"uv": [4, 84], "uv_size": [0.5, 0.5]},
								"south": {"uv": [84, 4], "uv_size": [0.5, 0.5]},
								"west": {"uv": [6, 84], "uv_size": [0.5, 0.5]},
								"up": {"uv": [84, 6], "uv_size": [0.5, 0.5]},
								"down": {"uv": [8, 84.5], "uv_size": [0.5, -0.5]}
							}
						},
						{
							"origin": [-6.93841, -5.54471, -10.66193],
							"size": [0.57436, 0.23438, 0.32968],
							"inflate": 0.001,
							"pivot": [0.30151, 1.36859, -13.30625],
							"rotation": [0, 0, 135],
							"uv": {
								"north": {"uv": [84, 8], "uv_size": [0.5, 0.5]},
								"east": {"uv": [10, 84], "uv_size": [0.5, 0.5]},
								"south": {"uv": [12, 84], "uv_size": [0.5, 0.5]},
								"west": {"uv": [84, 14], "uv_size": [0.5, 0.5]},
								"up": {"uv": [16, 84], "uv_size": [0.5, 0.5]},
								"down": {"uv": [84, 16.5], "uv_size": [0.5, -0.5]}
							}
						},
						{
							"origin": [-0.28913, -8.54871, -10.66193],
							"size": [0.57436, 0.23438, 0.32968],
							"inflate": 0.001,
							"pivot": [0, 1.2437, -13.30625],
							"rotation": [0, 0, -180],
							"uv": {
								"north": {"uv": [20, 84], "uv_size": [0.5, 0.5]},
								"east": {"uv": [22, 84], "uv_size": [0.5, 0.5]},
								"south": {"uv": [24, 84], "uv_size": [0.5, 0.5]},
								"west": {"uv": [84, 24], "uv_size": [0.5, 0.5]},
								"up": {"uv": [26, 84], "uv_size": [0.5, 0.5]},
								"down": {"uv": [84, 32.5], "uv_size": [0.5, -0.5]}
							}
						},
						{
							"origin": [6.36015, -5.54471, -10.66193],
							"size": [0.57436, 0.23438, 0.32968],
							"inflate": 0.001,
							"pivot": [-0.30151, 1.36859, -13.30625],
							"rotation": [0, 0, -135],
							"uv": {
								"north": {"uv": [34, 84], "uv_size": [0.5, 0.5]},
								"east": {"uv": [84, 34], "uv_size": [0.5, 0.5]},
								"south": {"uv": [36, 84], "uv_size": [0.5, 0.5]},
								"west": {"uv": [84, 36], "uv_size": [0.5, 0.5]},
								"up": {"uv": [38, 84], "uv_size": [0.5, 0.5]},
								"down": {"uv": [84, 38.5], "uv_size": [0.5, -0.5]}
							}
						},
						{
							"origin": [9.11437, 1.7076, -10.66193],
							"size": [0.57436, 0.23438, 0.32968],
							"inflate": 0.001,
							"pivot": [-0.4264, 1.6701, -13.30625],
							"rotation": [0, 0, -90],
							"uv": {
								"north": {"uv": [40, 84], "uv_size": [0.5, 0.5]},
								"east": {"uv": [84, 40], "uv_size": [0.5, 0.5]},
								"south": {"uv": [84, 45], "uv_size": [0.5, 0.5]},
								"west": {"uv": [46, 84], "uv_size": [0.5, 0.5]},
								"up": {"uv": [84, 47], "uv_size": [0.5, 0.5]},
								"down": {"uv": [48, 84.5], "uv_size": [0.5, -0.5]}
							}
						},
						{
							"origin": [6.36015, 8.9599, -10.66193],
							"size": [0.57436, 0.23438, 0.32968],
							"inflate": 0.001,
							"pivot": [-0.30151, 1.97161, -13.30625],
							"rotation": [0, 0, -45],
							"uv": {
								"north": {"uv": [84, 49], "uv_size": [0.5, 0.5]},
								"east": {"uv": [50, 84], "uv_size": [0.5, 0.5]},
								"south": {"uv": [52, 84], "uv_size": [0.5, 0.5]},
								"west": {"uv": [54, 84], "uv_size": [0.5, 0.5]},
								"up": {"uv": [84, 55], "uv_size": [0.5, 0.5]},
								"down": {"uv": [56, 84.5], "uv_size": [0.5, -0.5]}
							}
						},
						{
							"origin": [-0.39069, 12.33031, -7.95569],
							"size": [0.78529, 0.11875, 0.42344],
							"inflate": 0.001,
							"uv": {
								"north": {"uv": [76, 61], "uv_size": [1, 0.5]},
								"east": {"uv": [84, 57], "uv_size": [0.5, 0.5]},
								"south": {"uv": [77, 23], "uv_size": [1, 0.5]},
								"west": {"uv": [58, 84], "uv_size": [0.5, 0.5]},
								"up": {"uv": [77, 43], "uv_size": [1, 0.5]},
								"down": {"uv": [75, 77.5], "uv_size": [1, -0.5]}
							}
						},
						{
							"origin": [-7.03998, 9.3263, -7.95568],
							"size": [0.78529, 0.11875, 0.42343],
							"inflate": 0.001,
							"pivot": [0.30151, 1.97161, -10.50625],
							"rotation": [0, 0, 45],
							"uv": {
								"north": {"uv": [77, 77], "uv_size": [1, 0.5]},
								"east": {"uv": [84, 59], "uv_size": [0.5, 0.5]},
								"south": {"uv": [0, 78], "uv_size": [1, 0.5]},
								"west": {"uv": [60, 84], "uv_size": [0.5, 0.5]},
								"up": {"uv": [78, 0], "uv_size": [1, 0.5]},
								"down": {"uv": [4, 78.5], "uv_size": [1, -0.5]}
							}
						},
						{
							"origin": [-9.7942, 2.074, -7.95568],
							"size": [0.78529, 0.11875, 0.42343],
							"inflate": 0.001,
							"pivot": [0.4264, 1.6701, -10.50625],
							"rotation": [0, 0, 90],
							"uv": {
								"north": {"uv": [78, 4], "uv_size": [1, 0.5]},
								"east": {"uv": [84, 61], "uv_size": [0.5, 0.5]},
								"south": {"uv": [78, 6], "uv_size": [1, 0.5]},
								"west": {"uv": [84, 63], "uv_size": [0.5, 0.5]},
								"up": {"uv": [8, 78], "uv_size": [1, 0.5]},
								"down": {"uv": [78, 8.5], "uv_size": [1, -0.5]}
							}
						},
						{
							"origin": [-7.03998, -5.1783, -7.95568],
							"size": [0.78529, 0.11875, 0.42343],
							"inflate": 0.001,
							"pivot": [0.30151, 1.36859, -10.50625],
							"rotation": [0, 0, 135],
							"uv": {
								"north": {"uv": [10, 78], "uv_size": [1, 0.5]},
								"east": {"uv": [65, 84], "uv_size": [0.5, 0.5]},
								"south": {"uv": [12, 78], "uv_size": [1, 0.5]},
								"west": {"uv": [67, 84], "uv_size": [0.5, 0.5]},
								"up": {"uv": [78, 15], "uv_size": [1, 0.5]},
								"down": {"uv": [16, 78.5], "uv_size": [1, -0.5]}
							}
						},
						{
							"origin": [-0.39069, -8.1823, -7.95568],
							"size": [0.78529, 0.11875, 0.42343],
							"inflate": 0.001,
							"pivot": [0, 1.2437, -10.50625],
							"rotation": [0, 0, -180],
							"uv": {
								"north": {"uv": [78, 17], "uv_size": [1, 0.5]},
								"east": {"uv": [69, 84], "uv_size": [0.5, 0.5]},
								"south": {"uv": [21, 78], "uv_size": [1, 0.5]},
								"west": {"uv": [71, 84], "uv_size": [0.5, 0.5]},
								"up": {"uv": [78, 25], "uv_size": [1, 0.5]},
								"down": {"uv": [78, 33.5], "uv_size": [1, -0.5]}
							}
						},
						{
							"origin": [6.25859, -5.1783, -7.95568],
							"size": [0.78529, 0.11875, 0.42343],
							"inflate": 0.001,
							"pivot": [-0.30151, 1.36859, -10.50625],
							"rotation": [0, 0, -135],
							"uv": {
								"north": {"uv": [78, 35], "uv_size": [1, 0.5]},
								"east": {"uv": [84, 81], "uv_size": [0.5, 0.5]},
								"south": {"uv": [36, 78], "uv_size": [1, 0.5]},
								"west": {"uv": [84, 83], "uv_size": [0.5, 0.5]},
								"up": {"uv": [78, 37], "uv_size": [1, 0.5]},
								"down": {"uv": [38, 78.5], "uv_size": [1, -0.5]}
							}
						},
						{
							"origin": [9.01281, 2.074, -7.95568],
							"size": [0.78529, 0.11875, 0.42343],
							"inflate": 0.001,
							"pivot": [-0.4264, 1.6701, -10.50625],
							"rotation": [0, 0, -90],
							"uv": {
								"north": {"uv": [78, 39], "uv_size": [1, 0.5]},
								"east": {"uv": [2, 85], "uv_size": [0.5, 0.5]},
								"south": {"uv": [78, 41], "uv_size": [1, 0.5]},
								"west": {"uv": [85, 2], "uv_size": [0.5, 0.5]},
								"up": {"uv": [42, 78], "uv_size": [1, 0.5]},
								"down": {"uv": [78, 45.5], "uv_size": [1, -0.5]}
							}
						},
						{
							"origin": [6.25859, 9.3263, -7.95568],
							"size": [0.78529, 0.11875, 0.42343],
							"inflate": 0.001,
							"pivot": [-0.30151, 1.97161, -10.50625],
							"rotation": [0, 0, -45],
							"uv": {
								"north": {"uv": [78, 47], "uv_size": [1, 0.5]},
								"east": {"uv": [85, 10], "uv_size": [0.5, 0.5]},
								"south": {"uv": [78, 49], "uv_size": [1, 0.5]},
								"west": {"uv": [85, 12], "uv_size": [0.5, 0.5]},
								"up": {"uv": [50, 78], "uv_size": [1, 0.5]},
								"down": {"uv": [78, 55.5], "uv_size": [1, -0.5]}
							}
						},
						{
							"origin": [-7.16888, -4.95174, -3.79083],
							"size": [1.0392, 0.20391, 0.42343],
							"inflate": 0.001,
							"pivot": [0.30151, 1.36859, -6.34141],
							"rotation": [0, 0, 135],
							"uv": {
								"north": {"uv": [57, 78], "uv_size": [1, 0.5]},
								"east": {"uv": [14, 85], "uv_size": [0.5, 0.5]},
								"south": {"uv": [78, 57], "uv_size": [1, 0.5]},
								"west": {"uv": [18, 85], "uv_size": [0.5, 0.5]},
								"up": {"uv": [59, 78], "uv_size": [1, 0.5]},
								"down": {"uv": [78, 59.5], "uv_size": [1, -0.5]}
							}
						},
						{
							"origin": [6.12968, -4.95174, -3.79083],
							"size": [1.0392, 0.20391, 0.42343],
							"inflate": 0.001,
							"pivot": [-0.30151, 1.36859, -6.34141],
							"rotation": [0, 0, -135],
							"uv": {
								"north": {"uv": [78, 61], "uv_size": [1, 0.5]},
								"east": {"uv": [85, 18], "uv_size": [0.5, 0.5]},
								"south": {"uv": [78, 63], "uv_size": [1, 0.5]},
								"west": {"uv": [85, 20], "uv_size": [0.5, 0.5]},
								"up": {"uv": [2, 79], "uv_size": [1, 0.5]},
								"down": {"uv": [79, 2.5], "uv_size": [1, -0.5]}
							}
						},
						{
							"origin": [6.12968, 9.55287, -3.79083],
							"size": [1.0392, 0.20391, 0.42343],
							"inflate": 0.001,
							"pivot": [-0.30151, 1.97161, -6.34141],
							"rotation": [0, 0, -45],
							"uv": {
								"north": {"uv": [79, 10], "uv_size": [1, 0.5]},
								"east": {"uv": [85, 22], "uv_size": [0.5, 0.5]},
								"south": {"uv": [79, 12], "uv_size": [1, 0.5]},
								"west": {"uv": [85, 26], "uv_size": [0.5, 0.5]},
								"up": {"uv": [14, 79], "uv_size": [1, 0.5]},
								"down": {"uv": [18, 79.5], "uv_size": [1, -0.5]}
							}
						},
						{
							"origin": [-7.16888, 9.55287, -3.79083],
							"size": [1.0392, 0.20391, 0.42343],
							"inflate": 0.001,
							"pivot": [0.30151, 1.97161, -6.34141],
							"rotation": [0, 0, 45],
							"uv": {
								"north": {"uv": [79, 19], "uv_size": [1, 0.5]},
								"east": {"uv": [28, 85], "uv_size": [0.5, 0.5]},
								"south": {"uv": [79, 21], "uv_size": [1, 0.5]},
								"west": {"uv": [85, 28], "uv_size": [0.5, 0.5]},
								"up": {"uv": [79, 23], "uv_size": [1, 0.5]},
								"down": {"uv": [79, 27.5], "uv_size": [1, -0.5]}
							}
						},
						{
							"origin": [-9.9231, 2.30056, -3.79083],
							"size": [1.0392, 0.20391, 0.42343],
							"inflate": 0.001,
							"pivot": [0.4264, 1.6701, -6.34141],
							"rotation": [0, 0, 90],
							"uv": {
								"north": {"uv": [29, 79], "uv_size": [1, 0.5]},
								"east": {"uv": [30, 85], "uv_size": [0.5, 0.5]},
								"south": {"uv": [79, 29], "uv_size": [1, 0.5]},
								"west": {"uv": [85, 30], "uv_size": [0.5, 0.5]},
								"up": {"uv": [31, 79], "uv_size": [1, 0.5]},
								"down": {"uv": [79, 31.5], "uv_size": [1, -0.5]}
							}
						},
						{
							"origin": [8.8839, 2.30056, -3.79083],
							"size": [1.0392, 0.20391, 0.42343],
							"inflate": 0.001,
							"pivot": [-0.4264, 1.6701, -6.34141],
							"rotation": [0, 0, -90],
							"uv": {
								"north": {"uv": [33, 79], "uv_size": [1, 0.5]},
								"east": {"uv": [32, 85], "uv_size": [0.5, 0.5]},
								"south": {"uv": [79, 43], "uv_size": [1, 0.5]},
								"west": {"uv": [42, 85], "uv_size": [0.5, 0.5]},
								"up": {"uv": [44, 79], "uv_size": [1, 0.5]},
								"down": {"uv": [46, 79.5], "uv_size": [1, -0.5]}
							}
						},
						{
							"origin": [-0.5196, 12.55687, -3.79084],
							"size": [1.0392, 0.20391, 0.42344],
							"inflate": 0.001,
							"uv": {
								"north": {"uv": [79, 51], "uv_size": [1, 0.5]},
								"east": {"uv": [85, 42], "uv_size": [0.5, 0.5]},
								"south": {"uv": [79, 53], "uv_size": [1, 0.5]},
								"west": {"uv": [44, 85], "uv_size": [0.5, 0.5]},
								"up": {"uv": [64, 79], "uv_size": [1, 0.5]},
								"down": {"uv": [79, 65.5], "uv_size": [1, -0.5]}
							}
						},
						{
							"origin": [-0.5196, -7.95574, -3.79083],
							"size": [1.0392, 0.20391, 0.42343],
							"inflate": 0.001,
							"pivot": [0, 1.2437, -6.34141],
							"rotation": [0, 0, -180],
							"uv": {
								"north": {"uv": [79, 67], "uv_size": [1, 0.5]},
								"east": {"uv": [85, 51], "uv_size": [0.5, 0.5]},
								"south": {"uv": [79, 69], "uv_size": [1, 0.5]},
								"west": {"uv": [85, 53], "uv_size": [0.5, 0.5]},
								"up": {"uv": [79, 71], "uv_size": [1, 0.5]},
								"down": {"uv": [79, 73.5], "uv_size": [1, -0.5]}
							}
						}
					]
				},
				{
					"name": "body",
					"parent": "barrel",
					"pivot": [-2.47504, -7.70041, 0],
					"cubes": [
						{
							"origin": [-0.5, 11.49994, -2.99396],
							"size": [1, 1.20717, 2],
							"uv": {
								"north": {"uv": [58, 40], "uv_size": [1, 1]},
								"east": {"uv": [46, 64], "uv_size": [2, 1]},
								"south": {"uv": [70, 57], "uv_size": [1, 1]},
								"west": {"uv": [0, 65], "uv_size": [2, 1]},
								"up": {"uv": [3, 65], "uv_size": [1, 2]},
								"down": {"uv": [5, 67], "uv_size": [1, -2]}
							}
						},
						{
							"origin": [-7.01145, 9.68148, -2.99396],
							"size": [1, 1.20717, 2],
							"pivot": [-1.06066, 2.73076, -5.35],
							"rotation": [0, 0, 45],
							"uv": {
								"north": {"uv": [70, 67], "uv_size": [1, 1]},
								"east": {"uv": [7, 65], "uv_size": [2, 1]},
								"south": {"uv": [71, 2], "uv_size": [1, 1]},
								"west": {"uv": [65, 28], "uv_size": [2, 1]},
								"up": {"uv": [10, 65], "uv_size": [1, 2]},
								"down": {"uv": [65, 60], "uv_size": [1, -2]}
							}
						},
						{
							"origin": [-8.8299, 3.17003, -2.99396],
							"size": [1, 1.20717, 2],
							"pivot": [0.00001, 3.1701, -5.35],
							"rotation": [0, 0, 90],
							"uv": {
								"north": {"uv": [12, 71], "uv_size": [1, 1]},
								"east": {"uv": [65, 30], "uv_size": [2, 1]},
								"south": {"uv": [14, 71], "uv_size": [1, 1]},
								"west": {"uv": [65, 34], "uv_size": [2, 1]},
								"up": {"uv": [65, 61], "uv_size": [1, 2]},
								"down": {"uv": [65, 66], "uv_size": [1, -2]}
							}
						},
						{
							"origin": [-4.89013, -4.22011, -2.99396],
							"size": [1, 1.20717, 2],
							"pivot": [1.06066, 2.73075, -5.35],
							"rotation": [0, 0, 135],
							"uv": {
								"north": {"uv": [71, 15], "uv_size": [1, 1]},
								"east": {"uv": [66, 10], "uv_size": [2, 1]},
								"south": {"uv": [71, 17], "uv_size": [1, 1]},
								"west": {"uv": [66, 12], "uv_size": [2, 1]},
								"up": {"uv": [46, 66], "uv_size": [1, 2]},
								"down": {"uv": [61, 68], "uv_size": [1, -2]}
							}
						},
						{
							"origin": [2.5, -8.15988, -2.99396],
							"size": [1, 1.20717, 2],
							"pivot": [1.5, 1.67009, -5.35],
							"rotation": [0, 0, -180],
							"uv": {
								"north": {"uv": [71, 19], "uv_size": [1, 1]},
								"east": {"uv": [0, 67], "uv_size": [2, 1]},
								"south": {"uv": [71, 21], "uv_size": [1, 1]},
								"west": {"uv": [67, 0], "uv_size": [2, 1]},
								"up": {"uv": [63, 66], "uv_size": [1, 2]},
								"down": {"uv": [67, 4], "uv_size": [1, -2]}
							}
						},
						{
							"origin": [9.01145, -6.34143, -2.99396],
							"size": [1, 1.20717, 2],
							"pivot": [1.06066, 0.60943, -5.35],
							"rotation": [0, 0, -135],
							"uv": {
								"north": {"uv": [71, 23], "uv_size": [1, 1]},
								"east": {"uv": [67, 5], "uv_size": [2, 1]},
								"south": {"uv": [71, 38], "uv_size": [1, 1]},
								"west": {"uv": [7, 67], "uv_size": [2, 1]},
								"up": {"uv": [67, 7], "uv_size": [1, 2]},
								"down": {"uv": [16, 69], "uv_size": [1, -2]}
							}
						},
						{
							"origin": [10.8299, 0.17003, -2.99396],
							"size": [1, 1.20717, 2],
							"pivot": [-0.00001, 0.1701, -5.35],
							"rotation": [0, 0, -90],
							"uv": {
								"north": {"uv": [44, 71], "uv_size": [1, 1]},
								"east": {"uv": [18, 67], "uv_size": [2, 1]},
								"south": {"uv": [71, 59], "uv_size": [1, 1]},
								"west": {"uv": [21, 67], "uv_size": [2, 1]},
								"up": {"uv": [24, 67], "uv_size": [1, 2]},
								"down": {"uv": [26, 69], "uv_size": [1, -2]}
							}
						},
						{
							"origin": [6.89013, 7.56016, -2.99396],
							"size": [1, 1.20717, 2],
							"pivot": [-1.06066, 0.60944, -5.35],
							"rotation": [0, 0, -45],
							"uv": {
								"north": {"uv": [71, 61], "uv_size": [1, 1]},
								"east": {"uv": [67, 36], "uv_size": [2, 1]},
								"south": {"uv": [66, 71], "uv_size": [1, 1]},
								"west": {"uv": [67, 58], "uv_size": [2, 1]},
								"up": {"uv": [40, 67], "uv_size": [1, 2]},
								"down": {"uv": [67, 62], "uv_size": [1, -2]}
							}
						},
						{
							"origin": [-0.2081, 11.72358, -11.74888],
							"size": [0.4162, 0.70471, 9.55725],
							"pivot": [0, 1.6701, -6.35],
							"rotation": [4.25, 0, 0],
							"uv": {
								"north": {"uv": [62, 85], "uv_size": [0.5, 0.5]},
								"east": {"uv": [33, 12], "uv_size": [9.5, 0.5]},
								"south": {"uv": [85, 65], "uv_size": [0.5, 0.5]},
								"west": {"uv": [33, 14], "uv_size": [9.5, 0.5]},
								"up": {"uv": [12, 41], "uv_size": [0.5, 9.5]},
								"down": {"uv": [14, 50.5], "uv_size": [0.5, -9.5]}
							}
						},
						{
							"origin": [0.08088, 11.72358, -11.73946],
							"size": [0.2919, 0.70471, 9.56116],
							"pivot": [0, 1.6701, -6.35],
							"rotation": [4.25198, 1.74519, 0.12973],
							"uv": {
								"north": {"uv": [85, 67], "uv_size": [0.5, 0.5]},
								"east": {"uv": [33, 16], "uv_size": [9.5, 0.5]},
								"south": {"uv": [85, 69], "uv_size": [0.5, 0.5]},
								"west": {"uv": [33, 24], "uv_size": [9.5, 0.5]},
								"up": {"uv": [41, 34], "uv_size": [0.5, 9.5]},
								"down": {"uv": [0, 52.5], "uv_size": [0.5, -9.5]}
							}
						},
						{
							"origin": [-0.37278, 11.72358, -11.73946],
							"size": [0.2919, 0.70471, 9.56116],
							"pivot": [0, 1.6701, -6.35],
							"rotation": [4.25198, -1.74519, -0.12973],
							"uv": {
								"north": {"uv": [85, 71], "uv_size": [0.5, 0.5]},
								"east": {"uv": [34, 8], "uv_size": [9.5, 0.5]},
								"south": {"uv": [73, 85], "uv_size": [0.5, 0.5]},
								"west": {"uv": [42, 26], "uv_size": [9.5, 0.5]},
								"up": {"uv": [2, 43], "uv_size": [0.5, 9.5]},
								"down": {"uv": [4, 52.5], "uv_size": [0.5, -9.5]}
							}
						},
						{
							"origin": [-0.2081, 10.51457, -13.28892],
							"size": [0.4162, 0.70471, 9.55725],
							"pivot": [0, 0.46228, -6.35],
							"rotation": [-4.25, 0, 0],
							"uv": {
								"north": {"uv": [85, 73], "uv_size": [0.5, 0.5]},
								"east": {"uv": [42, 32], "uv_size": [9.5, 0.5]},
								"south": {"uv": [75, 85], "uv_size": [0.5, 0.5]},
								"west": {"uv": [43, 28], "uv_size": [9.5, 0.5]},
								"up": {"uv": [6, 43], "uv_size": [0.5, 9.5]},
								"down": {"uv": [8, 52.5], "uv_size": [0.5, -9.5]}
							}
						},
						{
							"origin": [0.12791, 10.51457, -13.27878],
							"size": [0.2919, 0.70471, 9.56116],
							"pivot": [0, 0.46228, -6.35],
							"rotation": [-4.25198, 1.74519, -0.12973],
							"uv": {
								"north": {"uv": [85, 75], "uv_size": [0.5, 0.5]},
								"east": {"uv": [43, 30], "uv_size": [9.5, 0.5]},
								"south": {"uv": [77, 85], "uv_size": [0.5, 0.5]},
								"west": {"uv": [43, 34], "uv_size": [9.5, 0.5]},
								"up": {"uv": [10, 43], "uv_size": [0.5, 9.5]},
								"down": {"uv": [43, 45.5], "uv_size": [0.5, -9.5]}
							}
						},
						{
							"origin": [-0.41981, 10.51457, -13.27878],
							"size": [0.2919, 0.70471, 9.56116],
							"pivot": [0, 0.46228, -6.35],
							"rotation": [-4.25198, -1.74519, 0.12973],
							"uv": {
								"north": {"uv": [85, 77], "uv_size": [0.5, 0.5]},
								"east": {"uv": [44, 10], "uv_size": [9.5, 0.5]},
								"south": {"uv": [79, 85], "uv_size": [0.5, 0.5]},
								"west": {"uv": [44, 12], "uv_size": [9.5, 0.5]},
								"up": {"uv": [45, 14], "uv_size": [0.5, 9.5]},
								"down": {"uv": [16, 54.5], "uv_size": [0.5, -9.5]}
							}
						},
						{
							"origin": [-0.37531, 11.72666, -11.8225],
							"size": [0.2919, 0.70471, 9.56116],
							"pivot": [0, 2.87792, -6.35],
							"rotation": [4.25198, -1.74519, -0.12973],
							"uv": {
								"north": {"uv": [85, 79], "uv_size": [0.5, 0.5]},
								"east": {"uv": [45, 0], "uv_size": [9.5, 0.5]},
								"south": {"uv": [81, 85], "uv_size": [0.5, 0.5]},
								"west": {"uv": [45, 2], "uv_size": [9.5, 0.5]},
								"up": {"uv": [18, 45], "uv_size": [0.5, 9.5]},
								"down": {"uv": [20, 54.5], "uv_size": [0.5, -9.5]}
							}
						},
						{
							"origin": [-0.2081, 11.72666, -11.83197],
							"size": [0.4162, 0.70471, 9.55725],
							"pivot": [0, 2.87792, -6.35],
							"rotation": [4.25, 0, 0],
							"uv": {
								"north": {"uv": [83, 85], "uv_size": [0.5, 0.5]},
								"east": {"uv": [45, 4], "uv_size": [9.5, 0.5]},
								"south": {"uv": [85, 85], "uv_size": [0.5, 0.5]},
								"west": {"uv": [45, 6], "uv_size": [9.5, 0.5]},
								"up": {"uv": [22, 45], "uv_size": [0.5, 9.5]},
								"down": {"uv": [24, 54.5], "uv_size": [0.5, -9.5]}
							}
						},
						{
							"origin": [0.08341, 11.72666, -11.8225],
							"size": [0.2919, 0.70471, 9.56116],
							"pivot": [0, 2.87792, -6.35],
							"rotation": [4.25198, 1.74519, 0.12973],
							"uv": {
								"north": {"uv": [0, 86], "uv_size": [0.5, 0.5]},
								"east": {"uv": [45, 8], "uv_size": [9.5, 0.5]},
								"south": {"uv": [86, 0], "uv_size": [0.5, 0.5]},
								"west": {"uv": [45, 36], "uv_size": [9.5, 0.5]},
								"up": {"uv": [26, 45], "uv_size": [0.5, 9.5]},
								"down": {"uv": [45, 47.5], "uv_size": [0.5, -9.5]}
							}
						},
						{
							"origin": [-10.22034, 1.9207, -12.16741],
							"size": [0.2919, 0.70471, 9.56116],
							"pivot": [0, 1.6701, -6.35],
							"rotation": [4.25198, -1.74519, 89.87027],
							"uv": {
								"north": {"uv": [4, 86], "uv_size": [0.5, 0.5]},
								"east": {"uv": [47, 14], "uv_size": [9.5, 0.5]},
								"south": {"uv": [86, 4], "uv_size": [0.5, 0.5]},
								"west": {"uv": [47, 16], "uv_size": [9.5, 0.5]},
								"up": {"uv": [41, 45], "uv_size": [0.5, 9.5]},
								"down": {"uv": [28, 56.5], "uv_size": [0.5, -9.5]}
							}
						},
						{
							"origin": [-10.038, 1.9207, -12.47736],
							"size": [0.4162, 0.70471, 9.55725],
							"pivot": [0, 1.6701, -6.35],
							"rotation": [4.25, 0, 90],
							"uv": {
								"north": {"uv": [6, 86], "uv_size": [0.5, 0.5]},
								"east": {"uv": [47, 18], "uv_size": [9.5, 0.5]},
								"south": {"uv": [86, 6], "uv_size": [0.5, 0.5]},
								"west": {"uv": [47, 20], "uv_size": [9.5, 0.5]},
								"up": {"uv": [30, 47], "uv_size": [0.5, 9.5]},
								"down": {"uv": [32, 56.5], "uv_size": [0.5, -9.5]}
							}
						},
						{
							"origin": [-9.7222, 1.9207, -12.76779],
							"size": [0.2919, 0.70471, 9.56116],
							"pivot": [0, 1.6701, -6.35],
							"rotation": [4.25198, 1.74519, 90.12973],
							"uv": {
								"north": {"uv": [8, 86], "uv_size": [0.5, 0.5]},
								"east": {"uv": [47, 22], "uv_size": [9.5, 0.5]},
								"south": {"uv": [86, 8], "uv_size": [0.5, 0.5]},
								"west": {"uv": [47, 24], "uv_size": [9.5, 0.5]},
								"up": {"uv": [34, 47], "uv_size": [0.5, 9.5]},
								"down": {"uv": [36, 56.5], "uv_size": [0.5, -9.5]}
							}
						},
						{
							"origin": [9.4303, 1.9207, -12.76779],
							"size": [0.2919, 0.70471, 9.56116],
							"pivot": [0, 1.6701, -6.35],
							"rotation": [4.25198, -1.74519, -90.12973],
							"uv": {
								"north": {"uv": [10, 86], "uv_size": [0.5, 0.5]},
								"east": {"uv": [47, 38], "uv_size": [9.5, 0.5]},
								"south": {"uv": [12, 86], "uv_size": [0.5, 0.5]},
								"west": {"uv": [47, 40], "uv_size": [9.5, 0.5]},
								"up": {"uv": [38, 47], "uv_size": [0.5, 9.5]},
								"down": {"uv": [47, 51.5], "uv_size": [0.5, -9.5]}
							}
						},
						{
							"origin": [9.6218, 1.9207, -12.47736],
							"size": [0.4162, 0.70471, 9.55725],
							"pivot": [0, 1.6701, -6.35],
							"rotation": [4.25, 0, -90],
							"uv": {
								"north": {"uv": [86, 14], "uv_size": [0.5, 0.5]},
								"east": {"uv": [49, 42], "uv_size": [9.5, 0.5]},
								"south": {"uv": [16, 86], "uv_size": [0.5, 0.5]},
								"west": {"uv": [49, 44], "uv_size": [9.5, 0.5]},
								"up": {"uv": [43, 47], "uv_size": [0.5, 9.5]},
								"down": {"uv": [45, 58.5], "uv_size": [0.5, -9.5]}
							}
						},
						{
							"origin": [9.92844, 1.9207, -12.16741],
							"size": [0.2919, 0.70471, 9.56116],
							"pivot": [0, 1.6701, -6.35],
							"rotation": [4.25198, 1.74519, -89.87027],
							"uv": {
								"north": {"uv": [86, 16], "uv_size": [0.5, 0.5]},
								"east": {"uv": [49, 46], "uv_size": [9.5, 0.5]},
								"south": {"uv": [20, 86], "uv_size": [0.5, 0.5]},
								"west": {"uv": [49, 48], "uv_size": [9.5, 0.5]},
								"up": {"uv": [49, 50], "uv_size": [0.5, 9.5]},
								"down": {"uv": [51, 59.5], "uv_size": [0.5, -9.5]}
							}
						},
						{
							"origin": [6.56826, 8.85238, -12.16499],
							"size": [0.2919, 0.70471, 9.56116],
							"pivot": [0, 1.6701, -6.35],
							"rotation": [4.25198, -1.74519, -45.12973],
							"uv": {
								"north": {"uv": [22, 86], "uv_size": [0.5, 0.5]},
								"east": {"uv": [53, 26], "uv_size": [9.5, 0.5]},
								"south": {"uv": [24, 86], "uv_size": [0.5, 0.5]},
								"west": {"uv": [53, 32], "uv_size": [9.5, 0.5]},
								"up": {"uv": [12, 52], "uv_size": [0.5, 9.5]},
								"down": {"uv": [14, 61.5], "uv_size": [0.5, -9.5]}
							}
						},
						{
							"origin": [6.74269, 8.85238, -11.96225],
							"size": [0.4162, 0.70471, 9.55725],
							"pivot": [0, 1.6701, -6.35],
							"rotation": [4.25, 0, -45],
							"uv": {
								"north": {"uv": [86, 24], "uv_size": [0.5, 0.5]},
								"east": {"uv": [53, 50], "uv_size": [9.5, 0.5]},
								"south": {"uv": [26, 86], "uv_size": [0.5, 0.5]},
								"west": {"uv": [53, 52], "uv_size": [9.5, 0.5]},
								"up": {"uv": [47, 53], "uv_size": [0.5, 9.5]},
								"down": {"uv": [0, 63.5], "uv_size": [0.5, -9.5]}
							}
						},
						{
							"origin": [7.03494, 8.85238, -11.74046],
							"size": [0.2919, 0.70471, 9.56116],
							"pivot": [0, 1.6701, -6.35],
							"rotation": [4.25198, 1.74519, -44.87027],
							"uv": {
								"north": {"uv": [86, 32], "uv_size": [0.5, 0.5]},
								"east": {"uv": [54, 28], "uv_size": [9.5, 0.5]},
								"south": {"uv": [34, 86], "uv_size": [0.5, 0.5]},
								"west": {"uv": [54, 30], "uv_size": [9.5, 0.5]},
								"up": {"uv": [2, 54], "uv_size": [0.5, 9.5]},
								"down": {"uv": [4, 63.5], "uv_size": [0.5, -9.5]}
							}
						},
						{
							"origin": [-7.32684, 8.85238, -11.74046],
							"size": [0.2919, 0.70471, 9.56116],
							"pivot": [0, 1.6701, -6.35],
							"rotation": [4.25198, -1.74519, 44.87027],
							"uv": {
								"north": {"uv": [86, 34], "uv_size": [0.5, 0.5]},
								"east": {"uv": [54, 34], "uv_size": [9.5, 0.5]},
								"south": {"uv": [36, 86], "uv_size": [0.5, 0.5]},
								"west": {"uv": [53, 54], "uv_size": [9.5, 0.5]},
								"up": {"uv": [6, 54], "uv_size": [0.5, 9.5]},
								"down": {"uv": [8, 63.5], "uv_size": [0.5, -9.5]}
							}
						},
						{
							"origin": [-7.15889, 8.85238, -11.96225],
							"size": [0.4162, 0.70471, 9.55725],
							"pivot": [0, 1.6701, -6.35],
							"rotation": [4.25, 0, 45],
							"uv": {
								"north": {"uv": [86, 36], "uv_size": [0.5, 0.5]},
								"east": {"uv": [55, 10], "uv_size": [9.5, 0.5]},
								"south": {"uv": [38, 86], "uv_size": [0.5, 0.5]},
								"west": {"uv": [55, 12], "uv_size": [9.5, 0.5]},
								"up": {"uv": [10, 54], "uv_size": [0.5, 9.5]},
								"down": {"uv": [16, 65.5], "uv_size": [0.5, -9.5]}
							}
						},
						{
							"origin": [-6.86016, 8.85238, -12.16499],
							"size": [0.2919, 0.70471, 9.56116],
							"pivot": [0, 1.6701, -6.35],
							"rotation": [4.25198, 1.74519, 45.12973],
							"uv": {
								"north": {"uv": [86, 38], "uv_size": [0.5, 0.5]},
								"east": {"uv": [56, 0], "uv_size": [9.5, 0.5]},
								"south": {"uv": [40, 86], "uv_size": [0.5, 0.5]},
								"west": {"uv": [56, 2], "uv_size": [9.5, 0.5]},
								"up": {"uv": [18, 56], "uv_size": [0.5, 9.5]},
								"down": {"uv": [20, 65.5], "uv_size": [0.5, -9.5]}
							}
						},
						{
							"origin": [-7.3583, -5.01098, -12.7702],
							"size": [0.2919, 0.70471, 9.56116],
							"pivot": [0, 1.6701, -6.35],
							"rotation": [4.25198, -1.74519, 134.87027],
							"uv": {
								"north": {"uv": [86, 40], "uv_size": [0.5, 0.5]},
								"east": {"uv": [56, 4], "uv_size": [9.5, 0.5]},
								"south": {"uv": [86, 44], "uv_size": [0.5, 0.5]},
								"west": {"uv": [56, 6], "uv_size": [9.5, 0.5]},
								"up": {"uv": [22, 56], "uv_size": [0.5, 9.5]},
								"down": {"uv": [24, 65.5], "uv_size": [0.5, -9.5]}
							}
						},
						{
							"origin": [-7.15889, -5.01098, -12.99247],
							"size": [0.4162, 0.70471, 9.55725],
							"pivot": [0, 1.6701, -6.35],
							"rotation": [4.25, 0, 135],
							"uv": {
								"north": {"uv": [46, 86], "uv_size": [0.5, 0.5]},
								"east": {"uv": [56, 8], "uv_size": [9.5, 0.5]},
								"south": {"uv": [86, 46], "uv_size": [0.5, 0.5]},
								"west": {"uv": [56, 36], "uv_size": [9.5, 0.5]},
								"up": {"uv": [26, 56], "uv_size": [0.5, 9.5]},
								"down": {"uv": [40, 65.5], "uv_size": [0.5, -9.5]}
							}
						},
						{
							"origin": [-6.8287, -5.01098, -13.19474],
							"size": [0.2919, 0.70471, 9.56116],
							"pivot": [0, 1.6701, -6.35],
							"rotation": [4.25198, 1.74519, 135.12973],
							"uv": {
								"north": {"uv": [48, 86], "uv_size": [0.5, 0.5]},
								"east": {"uv": [53, 56], "uv_size": [9.5, 0.5]},
								"south": {"uv": [86, 48], "uv_size": [0.5, 0.5]},
								"west": {"uv": [58, 14], "uv_size": [9.5, 0.5]},
								"up": {"uv": [28, 58], "uv_size": [0.5, 9.5]},
								"down": {"uv": [30, 67.5], "uv_size": [0.5, -9.5]}
							}
						},
						{
							"origin": [-3.58073, 11.31291, -1.60271],
							"size": [0.44939, 0.37333, 0.2071],
							"pivot": [0, 1.66967, -1.49916],
							"rotation": [0, 90, 0],
							"uv": {
								"north": {"uv": [50, 86], "uv_size": [0.5, 0.5]},
								"east": {"uv": [52, 86], "uv_size": [0.5, 0.5]},
								"south": {"uv": [54, 86], "uv_size": [0.5, 0.5]},
								"west": {"uv": [86, 55], "uv_size": [0.5, 0.5]},
								"up": {"uv": [56, 86], "uv_size": [0.5, 0.5]},
								"down": {"uv": [86, 57.5], "uv_size": [0.5, -0.5]}
							}
						},
						{
							"origin": [5.81293, 1.56612, 6.54596],
							"size": [0.21905, 0.2071, 0.40892],
							"pivot": [0, 1.66967, -1.55587],
							"rotation": [0, 35, -90],
							"uv": {
								"north": {"uv": [58, 86], "uv_size": [0.5, 0.5]},
								"east": {"uv": [86, 59], "uv_size": [0.5, 0.5]},
								"south": {"uv": [60, 86], "uv_size": [0.5, 0.5]},
								"west": {"uv": [86, 61], "uv_size": [0.5, 0.5]},
								"up": {"uv": [86, 63], "uv_size": [0.5, 0.5]},
								"down": {"uv": [64, 86.5], "uv_size": [0.5, -0.5]}
							}
						},
						{
							"origin": [-3.58073, 1.48301, 8.22719],
							"size": [0.44939, 0.37333, 0.2071],
							"pivot": [0, 1.66967, -1.49916],
							"rotation": [0, 90, -90],
							"uv": {
								"north": {"uv": [66, 86], "uv_size": [0.5, 0.5]},
								"east": {"uv": [68, 86], "uv_size": [0.5, 0.5]},
								"south": {"uv": [70, 86], "uv_size": [0.5, 0.5]},
								"west": {"uv": [86, 81], "uv_size": [0.5, 0.5]},
								"up": {"uv": [86, 83], "uv_size": [0.5, 0.5]},
								"down": {"uv": [2, 87.5], "uv_size": [0.5, -0.5]}
							}
						},
						{
							"origin": [-2.23926, -8.26378, 0.90776],
							"size": [0.21905, 0.2071, 0.40892],
							"pivot": [0, 1.66967, -1.55587],
							"rotation": [0, 35, -180],
							"uv": {
								"north": {"uv": [87, 2], "uv_size": [0.5, 0.5]},
								"east": {"uv": [87, 10], "uv_size": [0.5, 0.5]},
								"south": {"uv": [87, 12], "uv_size": [0.5, 0.5]},
								"west": {"uv": [14, 87], "uv_size": [0.5, 0.5]},
								"up": {"uv": [18, 87], "uv_size": [0.5, 0.5]},
								"down": {"uv": [87, 18.5], "uv_size": [0.5, -0.5]}
							}
						},
						{
							"origin": [-2.23926, 11.39603, 0.90776],
							"size": [0.21905, 0.2071, 0.40892],
							"pivot": [0, 1.66967, -1.55587],
							"rotation": [0, 35, 0],
							"uv": {
								"north": {"uv": [87, 20], "uv_size": [0.5, 0.5]},
								"east": {"uv": [87, 22], "uv_size": [0.5, 0.5]},
								"south": {"uv": [87, 26], "uv_size": [0.5, 0.5]},
								"west": {"uv": [28, 87], "uv_size": [0.5, 0.5]},
								"up": {"uv": [87, 28], "uv_size": [0.5, 0.5]},
								"down": {"uv": [30, 87.5], "uv_size": [0.5, -0.5]}
							}
						},
						{
							"origin": [-10.29144, 1.56612, -4.73044],
							"size": [0.21905, 0.2071, 0.40892],
							"pivot": [0, 1.66967, -1.55587],
							"rotation": [0, 35, 90],
							"uv": {
								"north": {"uv": [87, 30], "uv_size": [0.5, 0.5]},
								"east": {"uv": [32, 87], "uv_size": [0.5, 0.5]},
								"south": {"uv": [42, 87], "uv_size": [0.5, 0.5]},
								"west": {"uv": [87, 42], "uv_size": [0.5, 0.5]},
								"up": {"uv": [44, 87], "uv_size": [0.5, 0.5]},
								"down": {"uv": [87, 50.5], "uv_size": [0.5, -0.5]}
							}
						},
						{
							"origin": [6.52819, 8.44585, 1.39375],
							"size": [0.8452, 0.35007, 0.35234],
							"pivot": [0, 1.6701, -1.64549],
							"rotation": [0, 0, -45],
							"uv": {
								"north": {"uv": [75, 79], "uv_size": [1, 0.5]},
								"east": {"uv": [87, 52], "uv_size": [0.5, 0.5]},
								"south": {"uv": [79, 75], "uv_size": [1, 0.5]},
								"west": {"uv": [62, 87], "uv_size": [0.5, 0.5]},
								"up": {"uv": [77, 79], "uv_size": [1, 0.5]},
								"down": {"uv": [79, 77.5], "uv_size": [1, -0.5]}
							}
						},
						{
							"origin": [-7.37339, 8.44585, 1.39375],
							"size": [0.8452, 0.35007, 0.35234],
							"pivot": [0, 1.6701, -1.64549],
							"rotation": [0, 0, 45],
							"uv": {
								"north": {"uv": [79, 79], "uv_size": [1, 0.5]},
								"east": {"uv": [87, 65], "uv_size": [0.5, 0.5]},
								"south": {"uv": [0, 80], "uv_size": [1, 0.5]},
								"west": {"uv": [87, 67], "uv_size": [0.5, 0.5]},
								"up": {"uv": [80, 0], "uv_size": [1, 0.5]},
								"down": {"uv": [4, 80.5], "uv_size": [1, -0.5]}
							}
						},
						{
							"origin": [-0.4226, 11.32497, 1.39375],
							"size": [0.8452, 0.35007, 0.35234],
							"uv": {
								"north": {"uv": [80, 4], "uv_size": [1, 0.5]},
								"east": {"uv": [87, 69], "uv_size": [0.5, 0.5]},
								"south": {"uv": [6, 80], "uv_size": [1, 0.5]},
								"west": {"uv": [87, 71], "uv_size": [0.5, 0.5]},
								"up": {"uv": [80, 6], "uv_size": [1, 0.5]},
								"down": {"uv": [8, 80.5], "uv_size": [1, -0.5]}
							}
						},
						{
							"origin": [-10.0799, 1.56655, 0.50604],
							"size": [0.5, 0.2071, 1.18047],
							"pivot": [0, 1.6701, -2],
							"rotation": [0, 0, 90],
							"uv": {
								"north": {"uv": [72, 87], "uv_size": [0.5, 0.5]},
								"east": {"uv": [80, 8], "uv_size": [1, 0.5]},
								"south": {"uv": [87, 73], "uv_size": [0.5, 0.5]},
								"west": {"uv": [10, 80], "uv_size": [1, 0.5]},
								"up": {"uv": [12, 80], "uv_size": [0.5, 1]},
								"down": {"uv": [80, 15], "uv_size": [0.5, -1]}
							}
						},
						{
							"origin": [-10.0696, 1.67406, 1.39375],
							"size": [0.8452, 0.35007, 0.35234],
							"pivot": [0.00195, 1.85105, -3.46229],
							"rotation": [0, 0, 90],
							"uv": {
								"north": {"uv": [16, 80], "uv_size": [1, 0.5]},
								"east": {"uv": [74, 87], "uv_size": [0.5, 0.5]},
								"south": {"uv": [80, 16], "uv_size": [1, 0.5]},
								"west": {"uv": [87, 75], "uv_size": [0.5, 0.5]},
								"up": {"uv": [20, 80], "uv_size": [1, 0.5]},
								"down": {"uv": [22, 80.5], "uv_size": [1, -0.5]}
							}
						},
						{
							"origin": [2.0213, -8.26336, 0.27234],
							"size": [0.2, 0.2071, 0.45],
							"pivot": [0, 1.6701, -1.90251],
							"rotation": [0, -45, -180],
							"uv": {
								"north": {"uv": [76, 87], "uv_size": [0.5, 0.5]},
								"east": {"uv": [87, 77], "uv_size": [0.5, 0.5]},
								"south": {"uv": [78, 87], "uv_size": [0.5, 0.5]},
								"west": {"uv": [87, 79], "uv_size": [0.5, 0.5]},
								"up": {"uv": [80, 87], "uv_size": [0.5, 0.5]},
								"down": {"uv": [82, 87.5], "uv_size": [0.5, -0.5]}
							}
						},
						{
							"origin": [2.0213, 11.39645, 0.27234],
							"size": [0.2, 0.2071, 0.45],
							"pivot": [0, 1.6701, -1.90251],
							"rotation": [0, -45, 0],
							"uv": {
								"north": {"uv": [84, 87], "uv_size": [0.5, 0.5]},
								"east": {"uv": [87, 85], "uv_size": [0.5, 0.5]},
								"south": {"uv": [86, 87], "uv_size": [0.5, 0.5]},
								"west": {"uv": [0, 88], "uv_size": [0.5, 0.5]},
								"up": {"uv": [88, 0], "uv_size": [0.5, 0.5]},
								"down": {"uv": [4, 88.5], "uv_size": [0.5, -0.5]}
							}
						},
						{
							"origin": [9.22387, 1.13977, -6.95952],
							"size": [0.2, 0.2071, 0.45],
							"pivot": [0, 1.24332, -1.8318],
							"rotation": [0, -45, -90],
							"uv": {
								"north": {"uv": [88, 4], "uv_size": [0.5, 0.5]},
								"east": {"uv": [6, 88], "uv_size": [0.5, 0.5]},
								"south": {"uv": [88, 6], "uv_size": [0.5, 0.5]},
								"west": {"uv": [8, 88], "uv_size": [0.5, 0.5]},
								"up": {"uv": [88, 8], "uv_size": [0.5, 0.5]},
								"down": {"uv": [10, 88.5], "uv_size": [0.5, -0.5]}
							}
						},
						{
							"origin": [-4.67771, 1.99332, 6.94207],
							"size": [0.2, 0.2071, 0.45],
							"pivot": [0, 2.09687, -1.8318],
							"rotation": [0, -45, 90],
							"uv": {
								"north": {"uv": [12, 88], "uv_size": [0.5, 0.5]},
								"east": {"uv": [88, 14], "uv_size": [0.5, 0.5]},
								"south": {"uv": [16, 88], "uv_size": [0.5, 0.5]},
								"west": {"uv": [88, 16], "uv_size": [0.5, 0.5]},
								"up": {"uv": [20, 88], "uv_size": [0.5, 0.5]},
								"down": {"uv": [22, 88.5], "uv_size": [0.5, -0.5]}
							}
						},
						{
							"origin": [5.78691, 1.47434, 2.86746],
							"size": [0.45711, 0.39696, 1.97672],
							"pivot": [-0.00273, 1.6701, -4.35],
							"rotation": [0, 30, -90],
							"uv": {
								"north": {"uv": [24, 88], "uv_size": [0.5, 0.5]},
								"east": {"uv": [68, 71], "uv_size": [2, 0.5]},
								"south": {"uv": [88, 24], "uv_size": [0.5, 0.5]},
								"west": {"uv": [71, 69], "uv_size": [2, 0.5]},
								"up": {"uv": [71, 71], "uv_size": [0.5, 2]},
								"down": {"uv": [0, 74], "uv_size": [0.5, -2]}
							}
						},
						{
							"origin": [-6.24947, 0.07528, 2.70698],
							"size": [0.45711, 0.39645, 2],
							"pivot": [-0.00273, 1.6701, -4.35],
							"rotation": [8.75, -30, 90],
							"uv": {
								"north": {"uv": [26, 88], "uv_size": [0.5, 0.5]},
								"east": {"uv": [7, 72], "uv_size": [2, 0.5]},
								"south": {"uv": [88, 32], "uv_size": [0.5, 0.5]},
								"west": {"uv": [18, 72], "uv_size": [2, 0.5]},
								"up": {"uv": [21, 72], "uv_size": [0.5, 2]},
								"down": {"uv": [28, 74], "uv_size": [0.5, -2]}
							}
						},
						{
							"origin": [5.78691, 0.08067, 2.70781],
							"size": [0.45711, 0.39645, 2],
							"pivot": [-0.00273, 1.6701, -4.35],
							"rotation": [8.75, 30, -90],
							"uv": {
								"north": {"uv": [34, 88], "uv_size": [0.5, 0.5]},
								"east": {"uv": [30, 72], "uv_size": [2, 0.5]},
								"south": {"uv": [88, 34], "uv_size": [0.5, 0.5]},
								"west": {"uv": [33, 72], "uv_size": [2, 0.5]},
								"up": {"uv": [36, 72], "uv_size": [0.5, 2]},
								"down": {"uv": [38, 74], "uv_size": [0.5, -2]}
							}
						},
						{
							"origin": [3.29353, 8.42513, 1.4279],
							"size": [0.45711, 0.39696, 1.97672],
							"pivot": [-0.00273, 1.6701, -4.35],
							"rotation": [0, 30, -45],
							"uv": {
								"north": {"uv": [36, 88], "uv_size": [0.5, 0.5]},
								"east": {"uv": [72, 45], "uv_size": [2, 0.5]},
								"south": {"uv": [88, 36], "uv_size": [0.5, 0.5]},
								"west": {"uv": [46, 72], "uv_size": [2, 0.5]},
								"up": {"uv": [42, 72], "uv_size": [0.5, 2]},
								"down": {"uv": [72, 49], "uv_size": [0.5, -2]}
							}
						},
						{
							"origin": [-3.75609, -6.57563, 0.2268],
							"size": [0.45711, 0.39645, 2],
							"pivot": [-0.00273, 1.6701, -4.35],
							"rotation": [8.75, -30, 135],
							"uv": {
								"north": {"uv": [38, 88], "uv_size": [0.5, 0.5]},
								"east": {"uv": [49, 72], "uv_size": [2, 0.5]},
								"south": {"uv": [88, 38], "uv_size": [0.5, 0.5]},
								"west": {"uv": [72, 50], "uv_size": [2, 0.5]},
								"up": {"uv": [52, 72], "uv_size": [0.5, 2]},
								"down": {"uv": [54, 74], "uv_size": [0.5, -2]}
							}
						},
						{
							"origin": [3.29353, 7.16955, 2.34239],
							"size": [0.45711, 0.39645, 2],
							"pivot": [-0.00273, 1.6701, -4.35],
							"rotation": [8.75, 30, -45],
							"uv": {
								"north": {"uv": [40, 88], "uv_size": [0.5, 0.5]},
								"east": {"uv": [56, 72], "uv_size": [2, 0.5]},
								"south": {"uv": [88, 40], "uv_size": [0.5, 0.5]},
								"west": {"uv": [72, 57], "uv_size": [2, 0.5]},
								"up": {"uv": [59, 72], "uv_size": [0.5, 2]},
								"down": {"uv": [61, 74], "uv_size": [0.5, -2]}
							}
						},
						{
							"origin": [3.29353, -5.47645, 1.4279],
							"size": [0.45711, 0.39696, 1.97672],
							"pivot": [-0.00273, 1.6701, -4.35],
							"rotation": [0, 30, -135],
							"uv": {
								"north": {"uv": [88, 44], "uv_size": [0.5, 0.5]},
								"east": {"uv": [63, 72], "uv_size": [2, 0.5]},
								"south": {"uv": [46, 88], "uv_size": [0.5, 0.5]},
								"west": {"uv": [72, 63], "uv_size": [2, 0.5]},
								"up": {"uv": [72, 65], "uv_size": [0.5, 2]},
								"down": {"uv": [2, 75], "uv_size": [0.5, -2]}
							}
						},
						{
							"origin": [-3.75609, 7.16416, 2.34156],
							"size": [0.45711, 0.39645, 2],
							"pivot": [-0.00273, 1.6701, -4.35],
							"rotation": [8.75, -30, 45],
							"uv": {
								"north": {"uv": [88, 46], "uv_size": [0.5, 0.5]},
								"east": {"uv": [73, 2], "uv_size": [2, 0.5]},
								"south": {"uv": [48, 88], "uv_size": [0.5, 0.5]},
								"west": {"uv": [4, 73], "uv_size": [2, 0.5]},
								"up": {"uv": [73, 7], "uv_size": [0.5, 2]},
								"down": {"uv": [10, 75], "uv_size": [0.5, -2]}
							}
						},
						{
							"origin": [3.29353, -6.57024, 0.22763],
							"size": [0.45711, 0.39645, 2],
							"pivot": [-0.00273, 1.6701, -4.35],
							"rotation": [8.75, 30, -135],
							"uv": {
								"north": {"uv": [88, 48], "uv_size": [0.5, 0.5]},
								"east": {"uv": [73, 10], "uv_size": [2, 0.5]},
								"south": {"uv": [50, 88], "uv_size": [0.5, 0.5]},
								"west": {"uv": [12, 73], "uv_size": [2, 0.5]},
								"up": {"uv": [73, 12], "uv_size": [0.5, 2]},
								"down": {"uv": [73, 17], "uv_size": [0.5, -2]}
							}
						},
						{
							"origin": [-8.7456, -5.47645, -5.52289],
							"size": [0.45711, 0.39696, 1.97672],
							"pivot": [-0.00273, 1.6701, -4.35],
							"rotation": [0, 30, 135],
							"uv": {
								"north": {"uv": [52, 88], "uv_size": [0.5, 0.5]},
								"east": {"uv": [73, 18], "uv_size": [2, 0.5]},
								"south": {"uv": [54, 88], "uv_size": [0.5, 0.5]},
								"west": {"uv": [73, 20], "uv_size": [2, 0.5]},
								"up": {"uv": [73, 22], "uv_size": [0.5, 2]},
								"down": {"uv": [73, 27], "uv_size": [0.5, -2]}
							}
						},
						{
							"origin": [8.28304, 8.22154, -4.52834],
							"size": [0.45711, 0.39645, 2],
							"pivot": [-0.00273, 1.6701, -4.35],
							"rotation": [8.75, -30, -45],
							"uv": {
								"north": {"uv": [88, 54], "uv_size": [0.5, 0.5]},
								"east": {"uv": [73, 38], "uv_size": [2, 0.5]},
								"south": {"uv": [56, 88], "uv_size": [0.5, 0.5]},
								"west": {"uv": [73, 59], "uv_size": [2, 0.5]},
								"up": {"uv": [44, 73], "uv_size": [0.5, 2]},
								"down": {"uv": [66, 75], "uv_size": [0.5, -2]}
							}
						},
						{
							"origin": [-8.7456, -5.51286, -6.64226],
							"size": [0.45711, 0.39645, 2],
							"pivot": [-0.00273, 1.6701, -4.35],
							"rotation": [8.75, 30, 135],
							"uv": {
								"north": {"uv": [88, 56], "uv_size": [0.5, 0.5]},
								"east": {"uv": [73, 61], "uv_size": [2, 0.5]},
								"south": {"uv": [58, 88], "uv_size": [0.5, 0.5]},
								"west": {"uv": [68, 73], "uv_size": [2, 0.5]},
								"up": {"uv": [73, 71], "uv_size": [0.5, 2]},
								"down": {"uv": [7, 76], "uv_size": [0.5, -2]}
							}
						},
						{
							"origin": [-8.7456, 8.42513, -5.52289],
							"size": [0.45711, 0.39696, 1.97672],
							"pivot": [-0.00273, 1.6701, -4.35],
							"rotation": [0, 30, 45],
							"uv": {
								"north": {"uv": [88, 58], "uv_size": [0.5, 0.5]},
								"east": {"uv": [15, 74], "uv_size": [2, 0.5]},
								"south": {"uv": [60, 88], "uv_size": [0.5, 0.5]},
								"west": {"uv": [18, 74], "uv_size": [2, 0.5]},
								"up": {"uv": [23, 74], "uv_size": [0.5, 2]},
								"down": {"uv": [25, 76], "uv_size": [0.5, -2]}
							}
						},
						{
							"origin": [8.28304, -5.51825, -6.64309],
							"size": [0.45711, 0.39645, 2],
							"pivot": [-0.00273, 1.6701, -4.35],
							"rotation": [8.75, -30, -135],
							"uv": {
								"north": {"uv": [88, 60], "uv_size": [0.5, 0.5]},
								"east": {"uv": [30, 74], "uv_size": [2, 0.5]},
								"south": {"uv": [88, 62], "uv_size": [0.5, 0.5]},
								"west": {"uv": [33, 74], "uv_size": [2, 0.5]},
								"up": {"uv": [40, 74], "uv_size": [0.5, 2]},
								"down": {"uv": [74, 42], "uv_size": [0.5, -2]}
							}
						},
						{
							"origin": [-8.7456, 8.22693, -4.52751],
							"size": [0.45711, 0.39645, 2],
							"pivot": [-0.00273, 1.6701, -4.35],
							"rotation": [8.75, 30, 45],
							"uv": {
								"north": {"uv": [64, 88], "uv_size": [0.5, 0.5]},
								"east": {"uv": [74, 43], "uv_size": [2, 0.5]},
								"south": {"uv": [66, 88], "uv_size": [0.5, 0.5]},
								"west": {"uv": [46, 74], "uv_size": [2, 0.5]},
								"up": {"uv": [74, 47], "uv_size": [0.5, 2]},
								"down": {"uv": [49, 76], "uv_size": [0.5, -2]}
							}
						},
						{
							"origin": [-2.72604, 11.30425, -2.04749],
							"size": [0.45711, 0.39696, 1.97672],
							"pivot": [-0.00273, 1.6701, -4.35],
							"rotation": [0, 30, 0],
							"uv": {
								"north": {"uv": [68, 88], "uv_size": [0.5, 0.5]},
								"east": {"uv": [74, 52], "uv_size": [2, 0.5]},
								"south": {"uv": [70, 88], "uv_size": [0.5, 0.5]},
								"west": {"uv": [74, 54], "uv_size": [2, 0.5]},
								"up": {"uv": [56, 74], "uv_size": [0.5, 2]},
								"down": {"uv": [63, 76], "uv_size": [0.5, -2]}
							}
						},
						{
							"origin": [2.26348, -8.89254, -3.64612],
							"size": [0.45711, 0.39645, 2],
							"pivot": [-0.00273, 1.6701, -4.35],
							"rotation": [8.75, -30, -180],
							"uv": {
								"north": {"uv": [88, 81], "uv_size": [0.5, 0.5]},
								"east": {"uv": [74, 65], "uv_size": [2, 0.5]},
								"south": {"uv": [88, 83], "uv_size": [0.5, 0.5]},
								"west": {"uv": [74, 67], "uv_size": [2, 0.5]},
								"up": {"uv": [71, 74], "uv_size": [0.5, 2]},
								"down": {"uv": [73, 76], "uv_size": [0.5, -2]}
							}
						},
						{
							"origin": [-2.72604, 10.54384, -0.65458],
							"size": [0.45711, 0.39645, 2],
							"pivot": [-0.00273, 1.6701, -4.35],
							"rotation": [8.75, 30, 0],
							"uv": {
								"north": {"uv": [88, 87], "uv_size": [0.5, 0.5]},
								"east": {"uv": [74, 69], "uv_size": [2, 0.5]},
								"south": {"uv": [2, 89], "uv_size": [0.5, 0.5]},
								"west": {"uv": [75, 0], "uv_size": [2, 0.5]},
								"up": {"uv": [0, 75], "uv_size": [0.5, 2]},
								"down": {"uv": [4, 77], "uv_size": [0.5, -2]}
							}
						},
						{
							"origin": [-2.72604, -8.35556, -2.04749],
							"size": [0.45711, 0.39696, 1.97672],
							"pivot": [-0.00273, 1.6701, -4.35],
							"rotation": [0, 30, 180],
							"uv": {
								"north": {"uv": [89, 2], "uv_size": [0.5, 0.5]},
								"east": {"uv": [75, 4], "uv_size": [2, 0.5]},
								"south": {"uv": [89, 10], "uv_size": [0.5, 0.5]},
								"west": {"uv": [75, 6], "uv_size": [2, 0.5]},
								"up": {"uv": [12, 75], "uv_size": [0.5, 2]},
								"down": {"uv": [75, 14], "uv_size": [0.5, -2]}
							}
						},
						{
							"origin": [2.26348, 10.53845, -0.65541],
							"size": [0.45711, 0.39645, 2],
							"pivot": [-0.00273, 1.6701, -4.35],
							"rotation": [8.75, -30, 0],
							"uv": {
								"north": {"uv": [89, 12], "uv_size": [0.5, 0.5]},
								"east": {"uv": [75, 8], "uv_size": [2, 0.5]},
								"south": {"uv": [14, 89], "uv_size": [0.5, 0.5]},
								"west": {"uv": [75, 15], "uv_size": [2, 0.5]},
								"up": {"uv": [21, 75], "uv_size": [0.5, 2]},
								"down": {"uv": [75, 24], "uv_size": [0.5, -2]}
							}
						},
						{
							"origin": [-2.72604, -8.88715, -3.64529],
							"size": [0.45711, 0.39645, 2],
							"pivot": [-0.00273, 1.6701, -4.35],
							"rotation": [8.75, 30, 180],
							"uv": {
								"north": {"uv": [18, 89], "uv_size": [0.5, 0.5]},
								"east": {"uv": [75, 25], "uv_size": [2, 0.5]},
								"south": {"uv": [89, 18], "uv_size": [0.5, 0.5]},
								"west": {"uv": [27, 75], "uv_size": [2, 0.5]},
								"up": {"uv": [75, 27], "uv_size": [0.5, 2]},
								"down": {"uv": [75, 32], "uv_size": [0.5, -2]}
							}
						},
						{
							"origin": [-6.49947, 0.07528, 2.70698],
							"size": [0.50711, 0.39645, 2],
							"pivot": [-0.00273, 1.6701, -4.35],
							"rotation": [8.75, -30, 90],
							"uv": {
								"north": {"uv": [89, 20], "uv_size": [0.5, 0.5]},
								"east": {"uv": [75, 33], "uv_size": [2, 0.5]},
								"south": {"uv": [89, 22], "uv_size": [0.5, 0.5]},
								"west": {"uv": [75, 35], "uv_size": [2, 0.5]},
								"up": {"uv": [36, 75], "uv_size": [0.5, 2]},
								"down": {"uv": [38, 77], "uv_size": [0.5, -2]}
							}
						},
						{
							"origin": [10.77642, 1.57063, -7.00852],
							"size": [0.45711, 0.39645, 2],
							"pivot": [-0.00273, 1.6701, -4.35],
							"rotation": [8.75, -30, -90],
							"uv": {
								"north": {"uv": [89, 26], "uv_size": [0.5, 0.5]},
								"east": {"uv": [75, 45], "uv_size": [2, 0.5]},
								"south": {"uv": [28, 89], "uv_size": [0.5, 0.5]},
								"west": {"uv": [75, 50], "uv_size": [2, 0.5]},
								"up": {"uv": [42, 75], "uv_size": [0.5, 2]},
								"down": {"uv": [51, 77], "uv_size": [0.5, -2]}
							}
						},
						{
							"origin": [-11.23898, 1.57602, -7.00769],
							"size": [0.45711, 0.39645, 2],
							"pivot": [-0.00273, 1.6701, -4.35],
							"rotation": [8.75, 30, 90],
							"uv": {
								"north": {"uv": [89, 28], "uv_size": [0.5, 0.5]},
								"east": {"uv": [53, 75], "uv_size": [2, 0.5]},
								"south": {"uv": [30, 89], "uv_size": [0.5, 0.5]},
								"west": {"uv": [75, 56], "uv_size": [2, 0.5]},
								"up": {"uv": [58, 75], "uv_size": [0.5, 2]},
								"down": {"uv": [60, 77], "uv_size": [0.5, -2]}
							}
						},
						{
							"origin": [-11.23898, 1.47434, -6.96244],
							"size": [0.45711, 0.39696, 1.97672],
							"pivot": [-0.00273, 1.6701, -4.35],
							"rotation": [0, 30, 90],
							"uv": {
								"north": {"uv": [89, 30], "uv_size": [0.5, 0.5]},
								"east": {"uv": [75, 63], "uv_size": [2, 0.5]},
								"south": {"uv": [32, 89], "uv_size": [0.5, 0.5]},
								"west": {"uv": [68, 75], "uv_size": [2, 0.5]},
								"up": {"uv": [75, 71], "uv_size": [0.5, 2]},
								"down": {"uv": [75, 76], "uv_size": [0.5, -2]}
							}
						},
						{
							"origin": [-7.20079, -5.38425, 0.50604],
							"size": [0.5, 0.2071, 1.18047],
							"pivot": [0, 1.6701, -3.35],
							"rotation": [0, 0, 135],
							"uv": {
								"north": {"uv": [42, 89], "uv_size": [0.5, 0.5]},
								"east": {"uv": [24, 80], "uv_size": [1, 0.5]},
								"south": {"uv": [89, 42], "uv_size": [0.5, 0.5]},
								"west": {"uv": [80, 25], "uv_size": [1, 0.5]},
								"up": {"uv": [26, 80], "uv_size": [0.5, 1]},
								"down": {"uv": [80, 34], "uv_size": [0.5, -1]}
							}
						},
						{
							"origin": [-7.20079, 8.51734, 0.50604],
							"size": [0.5, 0.2071, 1.18047],
							"pivot": [0, 1.6701, -3.35],
							"rotation": [0, 0, 45],
							"uv": {
								"north": {"uv": [44, 89], "uv_size": [0.5, 0.5]},
								"east": {"uv": [35, 80], "uv_size": [1, 0.5]},
								"south": {"uv": [89, 50], "uv_size": [0.5, 0.5]},
								"west": {"uv": [80, 35], "uv_size": [1, 0.5]},
								"up": {"uv": [37, 80], "uv_size": [0.5, 1]},
								"down": {"uv": [80, 38], "uv_size": [0.5, -1]}
							}
						},
						{
							"origin": [-0.25, 11.39645, 0.50604],
							"size": [0.5, 0.2071, 1.18047],
							"uv": {
								"north": {"uv": [89, 52], "uv_size": [0.5, 0.5]},
								"east": {"uv": [39, 80], "uv_size": [1, 0.5]},
								"south": {"uv": [62, 89], "uv_size": [0.5, 0.5]},
								"west": {"uv": [80, 39], "uv_size": [1, 0.5]},
								"up": {"uv": [41, 80], "uv_size": [0.5, 1]},
								"down": {"uv": [80, 42], "uv_size": [0.5, -1]}
							}
						},
						{
							"origin": [6.5368, -5.01098, -13.19474],
							"size": [0.2919, 0.70471, 9.56116],
							"pivot": [0, 1.6701, -6.35],
							"rotation": [4.25198, -1.74519, -135.12973],
							"uv": {
								"north": {"uv": [89, 64], "uv_size": [0.5, 0.5]},
								"east": {"uv": [58, 16], "uv_size": [9.5, 0.5]},
								"south": {"uv": [89, 66], "uv_size": [0.5, 0.5]},
								"west": {"uv": [58, 18], "uv_size": [9.5, 0.5]},
								"up": {"uv": [32, 58], "uv_size": [0.5, 9.5]},
								"down": {"uv": [34, 67.5], "uv_size": [0.5, -9.5]}
							}
						},
						{
							"origin": [6.74269, -5.01098, -12.99247],
							"size": [0.4162, 0.70471, 9.55725],
							"pivot": [0, 1.6701, -6.35],
							"rotation": [4.25, 0, -135],
							"uv": {
								"north": {"uv": [89, 68], "uv_size": [0.5, 0.5]},
								"east": {"uv": [58, 20], "uv_size": [9.5, 0.5]},
								"south": {"uv": [89, 70], "uv_size": [0.5, 0.5]},
								"west": {"uv": [58, 22], "uv_size": [9.5, 0.5]},
								"up": {"uv": [36, 58], "uv_size": [0.5, 9.5]},
								"down": {"uv": [38, 67.5], "uv_size": [0.5, -9.5]}
							}
						},
						{
							"origin": [7.0664, -5.01098, -12.7702],
							"size": [0.2919, 0.70471, 9.56116],
							"pivot": [0, 1.6701, -6.35],
							"rotation": [4.25198, 1.74519, -134.87027],
							"uv": {
								"north": {"uv": [72, 89], "uv_size": [0.5, 0.5]},
								"east": {"uv": [58, 24], "uv_size": [9.5, 0.5]},
								"south": {"uv": [89, 72], "uv_size": [0.5, 0.5]},
								"west": {"uv": [58, 38], "uv_size": [9.5, 0.5]},
								"up": {"uv": [42, 58], "uv_size": [0.5, 9.5]},
								"down": {"uv": [53, 67.5], "uv_size": [0.5, -9.5]}
							}
						}
					]
				},
				{
					"name": "stab",
					"parent": "cannon_default",
					"pivot": [0, 0, 0],
					"cubes": [
						{
							"origin": [1.19922, 7.75, -9.8],
							"size": [0.5, 0.9, 11.75],
							"uv": {
								"north": {"uv": [80, 45], "uv_size": [0.5, 1]},
								"east": {"uv": [19, 0], "uv_size": [12, 1]},
								"south": {"uv": [80, 47], "uv_size": [0.5, 1]},
								"west": {"uv": [19, 2], "uv_size": [12, 1]},
								"up": {"uv": [33, 34], "uv_size": [0.5, 12]},
								"down": {"uv": [35, 46], "uv_size": [0.5, -12]}
							}
						},
						{
							"origin": [1.19922, 8.65, -9.8],
							"size": [0.5, 1, 9.50234],
							"uv": {
								"north": {"uv": [48, 80], "uv_size": [0.5, 1]},
								"east": {"uv": [21, 18], "uv_size": [9.5, 1]},
								"south": {"uv": [80, 49], "uv_size": [0.5, 1]},
								"west": {"uv": [21, 20], "uv_size": [9.5, 1]},
								"up": {"uv": [55, 58], "uv_size": [0.5, 9.5]},
								"down": {"uv": [57, 67.5], "uv_size": [0.5, -9.5]}
							}
						},
						{
							"origin": [1.19922, 8.67217, -0.59262],
							"size": [0.5, 0.65, 1.00234],
							"pivot": [0.69922, 9.17217, -0.09262],
							"rotation": [-50, 0, 0],
							"uv": {
								"north": {"uv": [74, 89], "uv_size": [0.5, 0.5]},
								"east": {"uv": [50, 80], "uv_size": [1, 0.5]},
								"south": {"uv": [89, 74], "uv_size": [0.5, 0.5]},
								"west": {"uv": [52, 80], "uv_size": [1, 0.5]},
								"up": {"uv": [54, 80], "uv_size": [0.5, 1]},
								"down": {"uv": [80, 56], "uv_size": [0.5, -1]}
							}
						},
						{
							"origin": [1.19922, 8.11228, 0.08725],
							"size": [0.5, 0.65, 1.84219],
							"pivot": [0.69922, 8.61228, 1.4271],
							"rotation": [-12.5, 0, 0],
							"uv": {
								"north": {"uv": [76, 89], "uv_size": [0.5, 0.5]},
								"east": {"uv": [76, 2], "uv_size": [2, 0.5]},
								"south": {"uv": [89, 76], "uv_size": [0.5, 0.5]},
								"west": {"uv": [9, 76], "uv_size": [2, 0.5]},
								"up": {"uv": [2, 76], "uv_size": [0.5, 2]},
								"down": {"uv": [14, 78], "uv_size": [0.5, -2]}
							}
						},
						{
							"origin": [1.19922, 9.65, -9.8],
							"size": [0.5, 1, 6.9],
							"uv": {
								"north": {"uv": [56, 80], "uv_size": [0.5, 1]},
								"east": {"uv": [23, 10], "uv_size": [7, 1]},
								"south": {"uv": [80, 57], "uv_size": [0.5, 1]},
								"west": {"uv": [17, 24], "uv_size": [7, 1]},
								"up": {"uv": [60, 40], "uv_size": [0.5, 7]},
								"down": {"uv": [49, 68], "uv_size": [0.5, -7]}
							}
						},
						{
							"origin": [1.14922, 9.2, -8.45],
							"size": [0.65, 0.8, 6.4],
							"uv": {
								"north": {"uv": [58, 80], "uv_size": [0.5, 1]},
								"east": {"uv": [25, 16], "uv_size": [6.5, 1]},
								"south": {"uv": [80, 59], "uv_size": [0.5, 1]},
								"west": {"uv": [25, 24], "uv_size": [6.5, 1]},
								"up": {"uv": [62, 40], "uv_size": [0.5, 6.5]},
								"down": {"uv": [12, 69.5], "uv_size": [0.5, -6.5]}
							}
						},
						{
							"origin": [-1.79922, 9.2, -8.45],
							"size": [0.65, 0.8, 6.4],
							"uv": {
								"north": {"uv": [60, 80], "uv_size": [0.5, 1]},
								"east": {"uv": [0, 26], "uv_size": [6.5, 1]},
								"south": {"uv": [80, 61], "uv_size": [0.5, 1]},
								"west": {"uv": [8, 26], "uv_size": [6.5, 1]},
								"up": {"uv": [14, 63], "uv_size": [0.5, 6.5]},
								"down": {"uv": [63, 64.5], "uv_size": [0.5, -6.5]}
							}
						},
						{
							"origin": [1.19922, 9.22102, -3.17715],
							"size": [0.5, 0.93359, 2.78594],
							"pivot": [1.44922, 9.65462, -1.70215],
							"rotation": [-21, 0, 0],
							"uv": {
								"north": {"uv": [62, 80], "uv_size": [0.5, 1]},
								"east": {"uv": [60, 48], "uv_size": [3, 1]},
								"south": {"uv": [80, 63], "uv_size": [0.5, 1]},
								"west": {"uv": [64, 26], "uv_size": [3, 1]},
								"up": {"uv": [16, 70], "uv_size": [0.5, 3]},
								"down": {"uv": [24, 73], "uv_size": [0.5, -3]}
							}
						},
						{
							"origin": [1.19922, 10.65, -9.8],
							"size": [0.5, 0.45, 3.9],
							"uv": {
								"north": {"uv": [78, 89], "uv_size": [0.5, 0.5]},
								"east": {"uv": [67, 63], "uv_size": [4, 0.5]},
								"south": {"uv": [89, 78], "uv_size": [0.5, 0.5]},
								"west": {"uv": [65, 67], "uv_size": [4, 0.5]},
								"up": {"uv": [3, 68], "uv_size": [0.5, 4]},
								"down": {"uv": [5, 72], "uv_size": [0.5, -4]}
							}
						},
						{
							"origin": [1.19922, 10.40551, -5.95771],
							"size": [0.5, 0.45, 2.77344],
							"pivot": [1.44922, 10.63051, -4.45771],
							"rotation": [-9.5, 0, 0],
							"uv": {
								"north": {"uv": [80, 89], "uv_size": [0.5, 0.5]},
								"east": {"uv": [70, 41], "uv_size": [3, 0.5]},
								"south": {"uv": [82, 89], "uv_size": [0.5, 0.5]},
								"west": {"uv": [70, 43], "uv_size": [3, 0.5]},
								"up": {"uv": [26, 70], "uv_size": [0.5, 3]},
								"down": {"uv": [40, 73], "uv_size": [0.5, -3]}
							}
						},
						{
							"origin": [-1.69922, 10.65, -9.8],
							"size": [0.5, 0.45, 3.9],
							"uv": {
								"north": {"uv": [84, 89], "uv_size": [0.5, 0.5]},
								"east": {"uv": [67, 65], "uv_size": [4, 0.5]},
								"south": {"uv": [89, 85], "uv_size": [0.5, 0.5]},
								"west": {"uv": [68, 26], "uv_size": [4, 0.5]},
								"up": {"uv": [10, 68], "uv_size": [0.5, 4]},
								"down": {"uv": [68, 32], "uv_size": [0.5, -4]}
							}
						},
						{
							"origin": [-1.69922, 8.11228, 0.08725],
							"size": [0.5, 0.65, 1.84219],
							"pivot": [-0.69922, 8.61228, 1.4271],
							"rotation": [-12.5, 0, 0],
							"uv": {
								"north": {"uv": [86, 89], "uv_size": [0.5, 0.5]},
								"east": {"uv": [76, 10], "uv_size": [2, 0.5]},
								"south": {"uv": [88, 89], "uv_size": [0.5, 0.5]},
								"west": {"uv": [16, 76], "uv_size": [2, 0.5]},
								"up": {"uv": [76, 17], "uv_size": [0.5, 2]},
								"down": {"uv": [19, 78], "uv_size": [0.5, -2]}
							}
						},
						{
							"origin": [-1.69922, 8.67217, -0.59262],
							"size": [0.5, 0.65, 1.00234],
							"pivot": [-0.69922, 9.17217, -0.09262],
							"rotation": [-50, 0, 0],
							"uv": {
								"north": {"uv": [0, 90], "uv_size": [0.5, 0.5]},
								"east": {"uv": [66, 80], "uv_size": [1, 0.5]},
								"south": {"uv": [90, 0], "uv_size": [0.5, 0.5]},
								"west": {"uv": [68, 80], "uv_size": [1, 0.5]},
								"up": {"uv": [70, 80], "uv_size": [0.5, 1]},
								"down": {"uv": [72, 81], "uv_size": [0.5, -1]}
							}
						},
						{
							"origin": [-1.69922, 9.22102, -3.17715],
							"size": [0.5, 0.93359, 2.78594],
							"pivot": [-1.44922, 9.65462, -1.70215],
							"rotation": [-21, 0, 0],
							"uv": {
								"north": {"uv": [2, 81], "uv_size": [0.5, 1]},
								"east": {"uv": [64, 32], "uv_size": [3, 1]},
								"south": {"uv": [81, 2], "uv_size": [0.5, 1]},
								"west": {"uv": [64, 40], "uv_size": [3, 1]},
								"up": {"uv": [70, 45], "uv_size": [0.5, 3]},
								"down": {"uv": [70, 52], "uv_size": [0.5, -3]}
							}
						},
						{
							"origin": [-1.69922, 10.40551, -5.95771],
							"size": [0.5, 0.45, 2.77344],
							"pivot": [-1.44922, 10.63051, -4.45771],
							"rotation": [-9.5, 0, 0],
							"uv": {
								"north": {"uv": [4, 90], "uv_size": [0.5, 0.5]},
								"east": {"uv": [70, 53], "uv_size": [3, 0.5]},
								"south": {"uv": [90, 4], "uv_size": [0.5, 0.5]},
								"west": {"uv": [70, 55], "uv_size": [3, 0.5]},
								"up": {"uv": [71, 7], "uv_size": [0.5, 3]},
								"down": {"uv": [71, 14], "uv_size": [0.5, -3]}
							}
						},
						{
							"origin": [-1.69922, 9.65, -9.8],
							"size": [0.5, 1, 6.9],
							"uv": {
								"north": {"uv": [81, 10], "uv_size": [0.5, 1]},
								"east": {"uv": [25, 12], "uv_size": [7, 1]},
								"south": {"uv": [81, 12], "uv_size": [0.5, 1]},
								"west": {"uv": [25, 14], "uv_size": [7, 1]},
								"up": {"uv": [51, 61], "uv_size": [0.5, 7]},
								"down": {"uv": [61, 65], "uv_size": [0.5, -7]}
							}
						},
						{
							"origin": [-1.69922, 8.65, -9.8],
							"size": [0.5, 1, 9.50234],
							"uv": {
								"north": {"uv": [14, 81], "uv_size": [0.5, 1]},
								"east": {"uv": [21, 22], "uv_size": [9.5, 1]},
								"south": {"uv": [18, 81], "uv_size": [0.5, 1]},
								"west": {"uv": [23, 8], "uv_size": [9.5, 1]},
								"up": {"uv": [59, 58], "uv_size": [0.5, 9.5]},
								"down": {"uv": [44, 69.5], "uv_size": [0.5, -9.5]}
							}
						},
						{
							"origin": [-1.69922, 7.75, -9.8],
							"size": [0.5, 0.9, 11.75],
							"uv": {
								"north": {"uv": [81, 18], "uv_size": [0.5, 1]},
								"east": {"uv": [19, 4], "uv_size": [12, 1]},
								"south": {"uv": [81, 20], "uv_size": [0.5, 1]},
								"west": {"uv": [19, 6], "uv_size": [12, 1]},
								"up": {"uv": [37, 34], "uv_size": [0.5, 12]},
								"down": {"uv": [39, 46], "uv_size": [0.5, -12]}
							}
						},
						{
							"origin": [-1.83242, 10.1, -9.22422],
							"size": [3.66484, 0.6, 0.6],
							"uv": {
								"north": {"uv": [66, 69], "uv_size": [3.5, 0.5]},
								"east": {"uv": [6, 90], "uv_size": [0.5, 0.5]},
								"south": {"uv": [70, 0], "uv_size": [3.5, 0.5]},
								"west": {"uv": [90, 6], "uv_size": [0.5, 0.5]},
								"up": {"uv": [70, 5], "uv_size": [3.5, 0.5]},
								"down": {"uv": [70, 28.5], "uv_size": [3.5, -0.5]}
							}
						},
						{
							"origin": [-1.83242, 9.15, -1.72422],
							"size": [3.66484, 0.6, 0.6],
							"uv": {
								"north": {"uv": [70, 30], "uv_size": [3.5, 0.5]},
								"east": {"uv": [8, 90], "uv_size": [0.5, 0.5]},
								"south": {"uv": [70, 32], "uv_size": [3.5, 0.5]},
								"west": {"uv": [90, 8], "uv_size": [0.5, 0.5]},
								"up": {"uv": [70, 34], "uv_size": [3.5, 0.5]},
								"down": {"uv": [70, 36.5], "uv_size": [3.5, -0.5]}
							}
						}
					]
				},
				{
					"name": "wheel",
					"parent": "stab",
					"pivot": [0, 0, 0],
					"cubes": [
						{
							"origin": [1.85, 7, -8.05],
							"size": [0.6, 2, 0.8284],
							"uv": {
								"north": {"uv": [30, 76], "uv_size": [0.5, 2]},
								"east": {"uv": [68, 33], "uv_size": [1, 2]},
								"south": {"uv": [32, 76], "uv_size": [0.5, 2]},
								"west": {"uv": [0, 69], "uv_size": [1, 2]},
								"up": {"uv": [81, 22], "uv_size": [0.5, 1]},
								"down": {"uv": [81, 28], "uv_size": [0.5, -1]}
							}
						},
						{
							"origin": [-2.45, 7, -8.05],
							"size": [0.6, 2, 0.8284],
							"pivot": [-2.85, 8, -7.6358],
							"rotation": [45, 0, 0],
							"uv": {
								"north": {"uv": [34, 76], "uv_size": [0.5, 2]},
								"east": {"uv": [69, 2], "uv_size": [1, 2]},
								"south": {"uv": [76, 37], "uv_size": [0.5, 2]},
								"west": {"uv": [7, 69], "uv_size": [1, 2]},
								"up": {"uv": [28, 81], "uv_size": [0.5, 1]},
								"down": {"uv": [81, 30], "uv_size": [0.5, -1]}
							}
						},
						{
							"origin": [-2.45, 7, -8.05],
							"size": [0.6, 2, 0.8284],
							"pivot": [-2.85, 8, -7.6358],
							"rotation": [-90, 0, 0],
							"uv": {
								"north": {"uv": [76, 40], "uv_size": [0.5, 2]},
								"east": {"uv": [69, 7], "uv_size": [1, 2]},
								"south": {"uv": [44, 76], "uv_size": [0.5, 2]},
								"west": {"uv": [69, 10], "uv_size": [1, 2]},
								"up": {"uv": [30, 81], "uv_size": [0.5, 1]},
								"down": {"uv": [81, 32], "uv_size": [0.5, -1]}
							}
						},
						{
							"origin": [-2.45, 7, -8.05],
							"size": [0.6, 2, 0.8284],
							"pivot": [-2.85, 8, -7.6358],
							"rotation": [-45, 0, 0],
							"uv": {
								"north": {"uv": [46, 76], "uv_size": [0.5, 2]},
								"east": {"uv": [69, 13], "uv_size": [1, 2]},
								"south": {"uv": [76, 47], "uv_size": [0.5, 2]},
								"west": {"uv": [69, 16], "uv_size": [1, 2]},
								"up": {"uv": [32, 81], "uv_size": [0.5, 1]},
								"down": {"uv": [43, 82], "uv_size": [0.5, -1]}
							}
						},
						{
							"origin": [-2.45, 7, -8.05],
							"size": [0.6, 2, 0.8284],
							"uv": {
								"north": {"uv": [76, 58], "uv_size": [0.5, 2]},
								"east": {"uv": [18, 69], "uv_size": [1, 2]},
								"south": {"uv": [65, 76], "uv_size": [0.5, 2]},
								"west": {"uv": [69, 19], "uv_size": [1, 2]},
								"up": {"uv": [81, 43], "uv_size": [0.5, 1]},
								"down": {"uv": [45, 82], "uv_size": [0.5, -1]}
							}
						},
						{
							"origin": [1.85, 7, -8.05],
							"size": [0.6, 2, 0.8284],
							"pivot": [2.85, 8, -7.6358],
							"rotation": [-45, 0, 0],
							"uv": {
								"north": {"uv": [6, 77], "uv_size": [0.5, 2]},
								"east": {"uv": [20, 69], "uv_size": [1, 2]},
								"south": {"uv": [77, 12], "uv_size": [0.5, 2]},
								"west": {"uv": [22, 69], "uv_size": [1, 2]},
								"up": {"uv": [81, 51], "uv_size": [0.5, 1]},
								"down": {"uv": [81, 54], "uv_size": [0.5, -1]}
							}
						},
						{
							"origin": [1.85, 7, -8.05],
							"size": [0.6, 2, 0.8284],
							"pivot": [2.85, 8, -7.6358],
							"rotation": [-90, 0, 0],
							"uv": {
								"north": {"uv": [77, 20], "uv_size": [0.5, 2]},
								"east": {"uv": [69, 22], "uv_size": [1, 2]},
								"south": {"uv": [23, 77], "uv_size": [0.5, 2]},
								"west": {"uv": [28, 69], "uv_size": [1, 2]},
								"up": {"uv": [64, 81], "uv_size": [0.5, 1]},
								"down": {"uv": [81, 66], "uv_size": [0.5, -1]}
							}
						},
						{
							"origin": [1.85, 7, -8.05],
							"size": [0.6, 2, 0.8284],
							"pivot": [2.85, 8, -7.6358],
							"rotation": [45, 0, 0],
							"uv": {
								"north": {"uv": [25, 77], "uv_size": [0.5, 2]},
								"east": {"uv": [30, 69], "uv_size": [1, 2]},
								"south": {"uv": [27, 77], "uv_size": [0.5, 2]},
								"west": {"uv": [32, 69], "uv_size": [1, 2]},
								"up": {"uv": [81, 67], "uv_size": [0.5, 1]},
								"down": {"uv": [81, 70], "uv_size": [0.5, -1]}
							}
						},
						{
							"origin": [-2.51484, 7.7, -7.92656],
							"size": [5.06484, 0.6, 0.6],
							"uv": {
								"north": {"uv": [64, 42], "uv_size": [5, 0.5]},
								"east": {"uv": [10, 90], "uv_size": [0.5, 0.5]},
								"south": {"uv": [64, 44], "uv_size": [5, 0.5]},
								"west": {"uv": [12, 90], "uv_size": [0.5, 0.5]},
								"up": {"uv": [64, 46], "uv_size": [5, 0.5]},
								"down": {"uv": [64, 48.5], "uv_size": [5, -0.5]}
							}
						},
						{
							"origin": [1.85, 7, -1.55],
							"size": [0.6, 2, 0.8284],
							"pivot": [2.85, 8, -1.1358],
							"rotation": [-90, 0, 0],
							"uv": {
								"north": {"uv": [77, 27], "uv_size": [0.5, 2]},
								"east": {"uv": [34, 69], "uv_size": [1, 2]},
								"south": {"uv": [77, 30], "uv_size": [0.5, 2]},
								"west": {"uv": [36, 69], "uv_size": [1, 2]},
								"up": {"uv": [81, 71], "uv_size": [0.5, 1]},
								"down": {"uv": [81, 74], "uv_size": [0.5, -1]}
							}
						},
						{
							"origin": [1.85, 7, -1.55],
							"size": [0.6, 2, 0.8284],
							"pivot": [2.85, 8, -1.1358],
							"rotation": [-45, 0, 0],
							"uv": {
								"north": {"uv": [40, 77], "uv_size": [0.5, 2]},
								"east": {"uv": [38, 69], "uv_size": [1, 2]},
								"south": {"uv": [48, 77], "uv_size": [0.5, 2]},
								"west": {"uv": [69, 38], "uv_size": [1, 2]},
								"up": {"uv": [74, 81], "uv_size": [0.5, 1]},
								"down": {"uv": [81, 76], "uv_size": [0.5, -1]}
							}
						},
						{
							"origin": [1.85, 7, -1.55],
							"size": [0.6, 2, 0.8284],
							"pivot": [2.85, 8, -1.1358],
							"rotation": [45, 0, 0],
							"uv": {
								"north": {"uv": [77, 52], "uv_size": [0.5, 2]},
								"east": {"uv": [42, 69], "uv_size": [1, 2]},
								"south": {"uv": [53, 77], "uv_size": [0.5, 2]},
								"west": {"uv": [46, 69], "uv_size": [1, 2]},
								"up": {"uv": [76, 81], "uv_size": [0.5, 1]},
								"down": {"uv": [81, 78], "uv_size": [0.5, -1]}
							}
						},
						{
							"origin": [1.85, 7, -1.55],
							"size": [0.6, 2, 0.8284],
							"uv": {
								"north": {"uv": [55, 77], "uv_size": [0.5, 2]},
								"east": {"uv": [48, 69], "uv_size": [1, 2]},
								"south": {"uv": [62, 77], "uv_size": [0.5, 2]},
								"west": {"uv": [50, 69], "uv_size": [1, 2]},
								"up": {"uv": [78, 81], "uv_size": [0.5, 1]},
								"down": {"uv": [81, 80], "uv_size": [0.5, -1]}
							}
						},
						{
							"origin": [-2.45, 7, -1.55],
							"size": [0.6, 2, 0.8284],
							"pivot": [-2.85, 8, -1.1358],
							"rotation": [45, 0, 0],
							"uv": {
								"north": {"uv": [77, 65], "uv_size": [0.5, 2]},
								"east": {"uv": [52, 69], "uv_size": [1, 2]},
								"south": {"uv": [67, 77], "uv_size": [0.5, 2]},
								"west": {"uv": [54, 69], "uv_size": [1, 2]},
								"up": {"uv": [80, 81], "uv_size": [0.5, 1]},
								"down": {"uv": [0, 83], "uv_size": [0.5, -1]}
							}
						},
						{
							"origin": [-2.45, 7, -1.55],
							"size": [0.6, 2, 0.8284],
							"pivot": [-2.85, 8, -1.1358],
							"rotation": [-90, 0, 0],
							"uv": {
								"north": {"uv": [77, 68], "uv_size": [0.5, 2]},
								"east": {"uv": [56, 69], "uv_size": [1, 2]},
								"south": {"uv": [69, 77], "uv_size": [0.5, 2]},
								"west": {"uv": [58, 69], "uv_size": [1, 2]},
								"up": {"uv": [82, 0], "uv_size": [0.5, 1]},
								"down": {"uv": [4, 83], "uv_size": [0.5, -1]}
							}
						},
						{
							"origin": [-2.45, 7, -1.55],
							"size": [0.6, 2, 0.8284],
							"pivot": [-2.85, 8, -1.1358],
							"rotation": [-45, 0, 0],
							"uv": {
								"north": {"uv": [71, 77], "uv_size": [0.5, 2]},
								"east": {"uv": [60, 69], "uv_size": [1, 2]},
								"south": {"uv": [77, 71], "uv_size": [0.5, 2]},
								"west": {"uv": [69, 60], "uv_size": [1, 2]},
								"up": {"uv": [82, 4], "uv_size": [0.5, 1]},
								"down": {"uv": [6, 83], "uv_size": [0.5, -1]}
							}
						},
						{
							"origin": [-2.45, 7, -1.55],
							"size": [0.6, 2, 0.8284],
							"uv": {
								"north": {"uv": [73, 77], "uv_size": [0.5, 2]},
								"east": {"uv": [62, 69], "uv_size": [1, 2]},
								"south": {"uv": [77, 74], "uv_size": [0.5, 2]},
								"west": {"uv": [64, 69], "uv_size": [1, 2]},
								"up": {"uv": [82, 6], "uv_size": [0.5, 1]},
								"down": {"uv": [8, 83], "uv_size": [0.5, -1]}
							}
						},
						{
							"origin": [-2.51484, 7.7, -1.42656],
							"size": [5.06484, 0.6, 0.6],
							"uv": {
								"north": {"uv": [64, 50], "uv_size": [5, 0.5]},
								"east": {"uv": [90, 14], "uv_size": [0.5, 0.5]},
								"south": {"uv": [64, 52], "uv_size": [5, 0.5]},
								"west": {"uv": [16, 90], "uv_size": [0.5, 0.5]},
								"up": {"uv": [64, 54], "uv_size": [5, 0.5]},
								"down": {"uv": [64, 56.5], "uv_size": [5, -0.5]}
							}
						}
					]
				},
				{
					"name": "mag_and_lefthand",
					"parent": "root",
					"pivot": [0, 0, 0]
				},
				{
					"name": "lefthand",
					"parent": "mag_and_lefthand",
					"pivot": [-6, 19, 0]
				},
				{
					"name": "lefthand_pos",
					"parent": "lefthand",
					"pivot": [0, 8, 0],
					"cubes": [
						{
							"origin": [-7, 8, -2],
							"size": [3, 12, 4],
							"uv": {
								"north": {"uv": [13, 13], "uv_size": [3, 12]},
								"east": {"uv": [10, 0], "uv_size": [4, 12]},
								"south": {"uv": [15, 0], "uv_size": [3, 12]},
								"west": {"uv": [0, 13], "uv_size": [4, 12]},
								"up": {"uv": [19, 8], "uv_size": [3, 4]},
								"down": {"uv": [21, 17], "uv_size": [3, -4]}
							}
						}
					]
				},
				{
					"name": "mag_and_bullet",
					"parent": "mag_and_lefthand",
					"pivot": [-6, 19, 0]
				},
				{
					"name": "magazine",
					"parent": "mag_and_bullet",
					"pivot": [0, 6.9, 1.5]
				},
				{
					"name": "mag_standard",
					"parent": "magazine",
					"pivot": [0, 6.9, 1.5]
				},
				{
					"name": "mag",
					"parent": "mag_standard",
					"pivot": [0, 6.9, 1.5]
				},
				{
					"name": "mag_extended_1",
					"parent": "magazine",
					"pivot": [0, 6.9, 1.5]
				},
				{
					"name": "extdmag",
					"parent": "mag_extended_1",
					"pivot": [0, 6.9, 1.5]
				},
				{
					"name": "mag_extended_2",
					"parent": "magazine",
					"pivot": [0, 6.9, 1.5]
				},
				{
					"name": "extdmag2",
					"parent": "mag_extended_2",
					"pivot": [0, 6.9, 1.5]
				},
				{
					"name": "mag_extended_3",
					"parent": "magazine",
					"pivot": [0, 6.9, 1.5]
				},
				{
					"name": "extdmag3",
					"parent": "mag_extended_3",
					"pivot": [0, 6.9, 1.5]
				},
				{
					"name": "bullet_in_mag",
					"parent": "magazine",
					"pivot": [-0.40153, 10.17535, -6.91621]
				},
				{
					"name": "bullet1",
					"parent": "bullet_in_mag",
					"pivot": [-0.40153, 10.17535, -6.91621]
				},
				{
					"name": "bullet2",
					"parent": "bullet_in_mag",
					"pivot": [-0.85153, 9.82535, -6.91621]
				},
				{
					"name": "bullet3",
					"parent": "bullet_in_mag",
					"pivot": [-0.85153, 9.82535, -6.91621]
				}
			]
		}
	]
}