{
  "model": "murasamet:gun/hand_connon_geo",
  "texture": "murasamet:gun/uv/hand_connon",
  
  "lod": {
    "model": "murasamet:gun/lod/hand_connon",
    "texture": "murasamet:gun/lod/hand_connon"
  },
  "hud": "murasamet:gun/hud/hand_connon",
  "slot": "murasamet:gun/slot/hand_connon",
  "animation": "murasamet:hand_connon",
  "use_default_animation": "pistol",
  "player_animator_3rd": "murasamet:pistol_default.player_animation",
  "transform": {
    "scale": {
      "thirdperson": [0.6, 0.6, 0.6],
      "ground": [0.6, 0.6, 0.6],
      "fixed": [1.2, 1.2, 1.2]
    }
  },
  "shell": {
    "initial_velocity": [8.0, 5.0, -0.5],
    "random_velocity": [2.5, 1.5, 0.25],
    "acceleration": [0.0, -20, 0.0],
    "angular_velocity": [360, -720, 90],
    "living_time": 1.0
  },
  "muzzle_flash": {
    "texture": "murasamet:flash/common_muzzle_flash",
    "scale": 0.4
  },
  "sounds": {
    "reload_empty": "murasamet:hand_connon/hand_connon_reload",
    "reload_tactical": "murasamet:hand_connon/hand_connon_reload",
    "inspect": "murasamet:hand_connon/hand_connon_inspect",
    "dry_fire": "murasamet:hand_connon/dry_fire",
    "inspect_empty": "murasamet:hand_connon/hand_connon_inspect",
    "shoot": "murasamet:hand_connon/hand_connon_shoot",
    "shoot_3p": "murasamet:hand_connon/hand_connon_shoot"
  },
  "offhand_show": {
    "pos": [4, 13, -1],
    "rotate": [-90, -35, 90],
    "scale": [0.5, 0.5, 0.5]
  },
  "hotbar_show": {
    "0": {
      "pos": [-5, 13, -1],
      "rotate": [-90, -35, 90],
      "scale": [0.5, 0.5, 0.5]
    }
  }
}