{
  "model": "murasamet:gun/micro_uzi",
  "texture": "murasamet:gun/uv/micro_uzi",
  "lod": {
    "model": "murasamet:gun/lod/micro_uzi",
    "texture": "murasamet:gun/lod/micro_uzi"
  },
  "hud": "murasamet:gun/hud/micro_uzi",
  "slot": "murasamet:gun/slot/micro_uzi",
  "animation": "murasamet:micro_uzi",
  "use_default_animation": "pistol",
  "third_person_animation": "murasamet:pistol_default.player_animation",
  "transform": {
    "scale": {
      "thirdperson": [0.6, 0.6, 0.6],
      "ground": [0.6, 0.6, 0.6],
      "fixed": [1.2, 1.2, 1.2]
    }
  },
  "muzzle_flash": {
    "texture": "murasamet:flash/common_muzzle_flash",
    "scale": 0.6
  },
  "shell": {
    "initial_velocity": [5, 2, 1],
    "random_velocity": [1, 1, 0.25],
    "acceleration": [0.0, -10, 0.0],
    "angular_velocity": [360, -1200, 90],
    "living_time": 1.0
  },
  "sounds": {
    "shoot": "murasamet:micro_uzi/micro_uzi_shoot",
    "shoot_3p": "murasamet:micro_uzi/micro_uzi_shoot_3p",
    "reload_empty": "murasamet:micro_uzi/micro_uzi_reload_empty",
    "reload_tactical": "murasamet:micro_uzi/micro_uzi_reload_tactical",
    "inspect": "murasamet:micro_uzi/micro_uzi_inspect",
    "inspect_empty": "murasamet:micro_uzi/micro_uzi_inspect_empty",
    "draw": "murasamet:micro_uzi/micro_uzi_draw",
    "put_away": "murasamet:micro_uzi/micro_uzi_put_away",
    "silence": "murasamet:micro_uzi/micro_uzi_silence",
    "silence_3p": "murasamet:micro_uzi/micro_uzi_silence_3p",
    "melee_push": "murasamet:melee_stock/melee_stock_03",
    "melee_stock": "murasamet:melee_stock/melee_stock_01"
  },
  "offhand_show": {
    "pos": [1, 20, 4],
    "rotate": [0, 0, 45],
    "scale": [0.5, 0.5, 0.5]
  },
  "hotbar_show": {
    "0": {
      "pos": [1, 16, -2],
    "rotate": [0, 0, 20],
    "scale": [0.5, 0.5, 0.5]
    }
  }
}