{
	"format_version": "1.21.0",
	"minecraft:geometry": [
		{
			"description": {
				"identifier": "geometry.unknown",
				"texture_width": 128,
				"texture_height": 128,
				"visible_bounds_width": 90757,
				"visible_bounds_height": 90197,
				"visible_bounds_offset": [0, 251.5, 0]
			},
			"bones": [
				{
					"name": "root",
					"pivot": [-2, 0, -2]
				},
				{
					"name": "cat",
					"parent": "root",
					"pivot": [0.00164, 6.97754, -2.34701]
				},
				{
					"name": "body",
					"parent": "cat",
					"pivot": [0, -0.33766, 0.14365],
					"cubes": [
						{
							"origin": [-1.5, 4.66234, -7.91649],
							"size": [3, 5, 12],
							"uv": {
								"north": {"uv": [30, 0], "uv_size": [4, 5.875]},
								"east": {"uv": [26, 104], "uv_size": [-16, 6], "uv_rotation": 90},
								"south": {"uv": [38, 0], "uv_size": [-4, 5.875]},
								"west": {"uv": [26, 119.875], "uv_size": [-16, -6], "uv_rotation": 270},
								"up": {"uv": [44, 22], "uv_size": [-4, -16], "uv_rotation": 180},
								"down": {"uv": [34, 22], "uv_size": [-4, -16.125], "uv_rotation": 180}
							}
						}
					]
				},
				{
					"name": "armleg",
					"parent": "cat",
					"pivot": [0, -0.33766, 0.14365],
					"cubes": [
						{
							"origin": [0.175, 1.41234, 1.53351],
							"size": [1.45, 5, 1.45],
							"uv": {
								"north": {"uv": [16, 15], "uv_size": [1, 6]},
								"east": {"uv": [17, 15], "uv_size": [1, 6]},
								"south": {"uv": [19, 15], "uv_size": [1, 6]},
								"west": {"uv": [18, 15], "uv_size": [1, 6]},
								"up": {"uv": [17, 13], "uv_size": [1, 1]},
								"down": {"uv": [17, 15], "uv_size": [1, -1]}
							}
						},
						{
							"origin": [0.175, 1.41234, -6.91649],
							"size": [1.45, 8.125, 1.45],
							"uv": {
								"north": {"uv": [44, 2], "uv_size": [1, 10]},
								"east": {"uv": [45, 2], "uv_size": [1, 10]},
								"south": {"uv": [47, 2], "uv_size": [1, 10]},
								"west": {"uv": [46, 2], "uv_size": [1, 10]},
								"up": {"uv": [48, 0], "uv_size": [1, 1]},
								"down": {"uv": [48, 2], "uv_size": [1, -1]}
							}
						},
						{
							"origin": [-1.625, 1.41234, 1.53351],
							"size": [1.45, 5, 1.45],
							"uv": {
								"north": {"uv": [13, 15], "uv_size": [1, 6]},
								"east": {"uv": [12, 15], "uv_size": [1, 6]},
								"south": {"uv": [15, 15], "uv_size": [1, 6]},
								"west": {"uv": [14, 15], "uv_size": [1, 6]},
								"up": {"uv": [16.125, 13], "uv_size": [1, 1]},
								"down": {"uv": [16.125, 15], "uv_size": [1, -1]}
							}
						},
						{
							"origin": [-1.625, 1.41234, -6.91649],
							"size": [1.45, 8.125, 1.45],
							"uv": {
								"north": {"uv": [50, 2], "uv_size": [1, 10]},
								"east": {"uv": [51, 2], "uv_size": [1, 10]},
								"south": {"uv": [49, 2], "uv_size": [1, 10]},
								"west": {"uv": [48, 2], "uv_size": [1, 10]},
								"up": {"uv": [49, 0], "uv_size": [1, 1]},
								"down": {"uv": [49, 2], "uv_size": [1, -1]}
							}
						}
					]
				},
				{
					"name": "head",
					"parent": "cat",
					"pivot": [0, -0.33766, 0.14365],
					"cubes": [
						{
							"origin": [-1.875, 7.28734, -11.66649],
							"size": [3.75, 3.25, 3.8],
							"uv": {
								"north": {"uv": [9, 5], "uv_size": [5, 4]},
								"east": {"uv": [4, 5], "uv_size": [5, 4]},
								"south": {"uv": [19, 5], "uv_size": [5, 4]},
								"west": {"uv": [14, 5], "uv_size": [5, 4]},
								"up": {"uv": [9, 0], "uv_size": [5, 5]},
								"down": {"uv": [14, 5], "uv_size": [5, -5]}
							}
						},
						{
							"origin": [-1.125, 7.28734, -12.41649],
							"size": [2.25, 1.628, 0.75],
							"uv": {
								"north": {"uv": [5.94531, 25.95313], "uv_size": [3, 2]},
								"east": {"uv": [4.875, 26], "uv_size": [1, 2]},
								"south": {"uv": [19, 17], "uv_size": [2, 2]},
								"west": {"uv": [9, 26], "uv_size": [1, 2]},
								"up": {"uv": [27, 8], "uv_size": [3, 1]},
								"down": {"uv": [27, 10], "uv_size": [3, -1]}
							}
						},
						{
							"origin": [-1.375, 10.53734, -9.54149],
							"size": [0.75, 0.72, 1.55],
							"uv": {
								"north": {"uv": [11, 12], "uv_size": [1, 1]},
								"east": {"uv": [14, 12], "uv_size": [2, 1]},
								"south": {"uv": [10, 12], "uv_size": [1, 1]},
								"west": {"uv": [12, 12], "uv_size": [2, 1]},
								"up": {"uv": [13, 10], "uv_size": [1, 2]},
								"down": {"uv": [12, 12], "uv_size": [1, -2]}
							}
						},
						{
							"origin": [0.625, 10.53734, -9.54149],
							"size": [0.75, 0.72, 1.55],
							"uv": {
								"north": {"uv": [6, 12], "uv_size": [1, 1]},
								"east": {"uv": [8, 12], "uv_size": [2, 1]},
								"south": {"uv": [7, 12], "uv_size": [1, 1]},
								"west": {"uv": [4, 12], "uv_size": [2, 1]},
								"up": {"uv": [6, 10], "uv_size": [1, 2]},
								"down": {"uv": [7, 12], "uv_size": [1, -2]}
							}
						}
					]
				},
				{
					"name": "tail",
					"parent": "cat",
					"pivot": [0, -0.33766, 0.14365],
					"cubes": [
						{
							"origin": [-0.5, 7.03734, 2.70851],
							"size": [1, 1, 6.75],
							"pivot": [-0.5, 7.03734, 4.70851],
							"rotation": [-35, 0, 0],
							"uv": {
								"north": {"uv": [6, 15], "uv_size": [1, 1]},
								"east": {"uv": [28, 119], "uv_size": [8, 1], "uv_rotation": 90},
								"south": {"uv": [5, 15], "uv_size": [1, 1]},
								"west": {"uv": [36, 118], "uv_size": [-8, -1]},
								"up": {"uv": [8, 24], "uv_size": [-1, -8]},
								"down": {"uv": [28, 119], "uv_size": [8, -1]}
							}
						},
						{
							"origin": [-0.5, 4.66015, 8.5691],
							"size": [1, 1, 7.75],
							"pivot": [-0.5, 4.66015, 10.5691],
							"rotation": [10, 0, 0],
							"uv": {
								"north": {"uv": [9, 15], "uv_size": [1, 1]},
								"east": {"uv": [11, 16], "uv_size": [1, 8], "uv_rotation": 90},
								"south": {"uv": [10, 15], "uv_size": [1, 1]},
								"west": {"uv": [10, 16], "uv_size": [1, 8], "uv_rotation": 90},
								"up": {"uv": [8, 16], "uv_size": [1, 8]},
								"down": {"uv": [9, 24], "uv_size": [1, -8]}
							}
						}
					]
				},
				{
					"name": "muzzle_flash",
					"parent": "cat",
					"pivot": [0, 6.78734, -14.10635],
					"rotation": [-90, 0, 0]
				},
				{
					"name": "left_hand",
					"parent": "root",
					"pivot": [5.5, 11.5, 0]
				},
				{
					"name": "lefthand_pos",
					"parent": "left_hand",
					"pivot": [0, 0, 0],
					"rotation": [0, 180, 0],
					"cubes": [
						{
							"origin": [-7, 0, -2],
							"size": [3, 12, 4],
							"uv": {
								"north": {"uv": [8, 0], "uv_size": [1.5, 6]},
								"east": {"uv": [0, 5], "uv_size": [2, 6]},
								"south": {"uv": [9, 6], "uv_size": [1.5, 6]},
								"west": {"uv": [2, 5], "uv_size": [2, 6]},
								"up": {"uv": [7.5, 12], "uv_size": [1.5, 2]},
								"down": {"uv": [12, 9.5], "uv_size": [1.5, -2]}
							}
						}
					]
				},
				{
					"name": "right_hand",
					"parent": "root",
					"pivot": [-5.5, 11.5, 0]
				},
				{
					"name": "righthand_pos",
					"parent": "right_hand",
					"pivot": [0, 0, 0],
					"rotation": [0, 180, 0],
					"cubes": [
						{
							"origin": [4.50201, -0.50219, -2],
							"size": [3, 12, 4],
							"uv": {
								"north": {"uv": [9.5, 0], "uv_size": [1.5, 6]},
								"east": {"uv": [4, 5], "uv_size": [2, 6]},
								"south": {"uv": [10.5, 6], "uv_size": [1.5, 6]},
								"west": {"uv": [6, 0], "uv_size": [2, 6]},
								"up": {"uv": [9, 12], "uv_size": [1.5, 2]},
								"down": {"uv": [12, 11.5], "uv_size": [1.5, -2]}
							}
						}
					]
				},
				{
					"name": "pew_illuminated",
					"pivot": [-5.5, 11.5, 0],
					"cubes": [
						{
							"origin": [-28.5, 0, -3],
							"size": [55, 31, 1],
							"uv": {
								"south": {"uv": [0, 28], "uv_size": [128, 72.5]}
							}
						}
					]
				},
				{
					"name": "positioning",
					"pivot": [0, 0, 0]
				},
				{
					"name": "fixed",
					"parent": "positioning",
					"pivot": [-1.5, 7.975, -3.775],
					"rotation": [0, 90, 0]
				},
				{
					"name": "ground",
					"parent": "positioning",
					"pivot": [0, 0.85, -2.1]
				},
				{
					"name": "thirdperson_hand",
					"parent": "positioning",
					"pivot": [0, 5.275, 1.025]
				},
				{
					"name": "views",
					"pivot": [0, 0, 0]
				},
				{
					"name": "idle_view",
					"parent": "views",
					"pivot": [5.75, 12.125, 14.875]
				},
				{
					"name": "iron_view",
					"parent": "views",
					"pivot": [0, 11, 13.875]
				},
				{
					"name": "refit_view",
					"parent": "views",
					"pivot": [14.375, 5.75, -1],
					"rotation": [0, 90, 0]
				},
				{
					"name": "camera",
					"pivot": [0.5, 4, 4]
				}
			]
		}
	]
}