{
  "ammo": "murasamet:powder_and_bullet",
  "ammo_amount": 1,
  "bolt": "open_bolt",
  "script": "murasamet:blunderbuss_gun_logic",
  "script_param": {
    "shoot_delay": 0.5
  },
  "rpm": 150,
  "bullet": {
    "life": 0.95,
    "bullet_amount": 32,
    "damage": 160,
    "tracer_count_interval": 0,
    "extra_damage": {
      "armor_ignore": 0.3,
      "head_shot_multiplier": 1.2,
      "damage_adjust": [
        {"distance": 10, "damage": 160},
        {"distance": 50, "damage": 150},
        {"distance": 150, "damage": 130},
        {"distance": "infinite", "damage": 125}
      ]
    },
    "speed": 350,
    "gravity": 0.0245,
    "knockback": 0.4,
    "friction": 0.012,
    "ignite": false,
    "pierce": 1
  },
  "reload": {
    "type": "magazine",
    "feed": {
      "empty": 10,
      "tactical":10
    },
    "cooldown": {
      "empty": 11,
      "tactical": 11
    }
  },
  "draw_time": 0.2,
  "put_away_time": 0.43,
  "aim_time": 0.3,
  "sprint_time": 0.28,
  "weight": 4.9,
  "fire_mode": [
    "semi"
  ],
  "recoil": {
    "pitch": [
      {"time": 0, "value": [0, 0]},
      {"time": 0.2, "value": [0, 0]},
      {"time": 0.32, "value": [11, 11]},
      {"time": 0.43, "value": [9, 9]},
      {"time": 0.73, "value": [5, 5]},
      {"time": 0.95, "value": [-0.6, -0.6]},
      {"time": 1.27, "value": [0.2, 0.2]},
      {"time": 1.67, "value": [0, 0]}
    ],
    "yaw": [
      {"time": 0, "value": [0.0, 0.0]},
      {"time": 0.2, "value": [0.0, 0.0]},
      {"time": 0.22, "value": [-0.05, 0.05]},
      {"time": 0.35, "value": [-0.8, -0.7]},
      {"time": 0.42, "value": [-0.6, -0.5]},
      {"time": 0.67, "value": [0, 0]}
    ]
  },
  
  "allow_attachment_types": [

    "muzzle"

  ],

  "melee": {
    "distance": 1,
    "cooldown": 0.7,
    "default": {
      "animation_type": "melee_stock",
      "distance": 0,
      "range_angle": 40,
      "cooldown": 0,
      "damage": 5,
      "knockback": 0.5,
      "prep": 0.1
    }
  },

  "inaccuracy": {
    "stand": 7,
    "move": 7,
    "sneak": 7,
    "lie": 7,
    "aim": 7
  }

}