{
	"format_version": "1.12.0",
	"minecraft:geometry": [
		{
			"description": {
				"identifier": "geometry.scope_acog_ta31 - Converted",
				"texture_width": 256,
				"texture_height": 128,
				"visible_bounds_width": 35,
				"visible_bounds_height": 9,
				"visible_bounds_offset": [0, 0.5, 0]
			},
			"bones": [
				{
					"name": "scope_body",
					"pivot": [0, 8, 0],
					"cubes": [
						{
							"origin": [-0.59005, 1.90531, -2.68906],
							"size": [1.28125, 0.15625, 1],
							"uv": {
								"east": {"uv": [0, 70.5], "uv_size": [2.125, 1.375]},
								"west": {"uv": [0, 66.875], "uv_size": [116.625, 22.125]}
							}
						},
						{
							"origin": [-0.59005, 1.60062, -2.775],
							"size": [1.28125, 0.25, 1.14844],
							"uv": {
								"east": {"uv": [0, 70.5], "uv_size": [2.125, 1.375]},
								"west": {"uv": [0.75, 95.5], "uv_size": [117.375, 25]}
							}
						}
					]
				},
				{
					"name": "scope",
					"parent": "scope_body",
					"pivot": [0, 8, 0]
				},
				{
					"name": "octagon10",
					"parent": "scope",
					"pivot": [0, 8, 0],
					"cubes": [
						{
							"origin": [-0.28477, 1.1375, -4.2125],
							"size": [0.56954, 0.0625, 7.625],
							"pivot": [0, 1.825, -0.2125],
							"rotation": [0, 0, 45],
							"uv": {
								"up": {"uv": [0, 0], "uv_size": [1, 8]},
								"down": {"uv": [2, 8], "uv_size": [1, -8]}
							}
						},
						{
							"origin": [-0.28477, 1.1375, -4.2125],
							"size": [0.56954, 0.0625, 7.625],
							"uv": {
								"up": {"uv": [4, 0], "uv_size": [1, 8]},
								"down": {"uv": [6, 8], "uv_size": [1, -8]}
							}
						},
						{
							"origin": [-0.28477, 2.45, -4.2125],
							"size": [0.56954, 0.0625, 7.625],
							"pivot": [0, 1.825, -0.2125],
							"rotation": [0, 0, 45],
							"uv": {
								"up": {"uv": [8, 0], "uv_size": [1, 8]},
								"down": {"uv": [0, 17], "uv_size": [1, -8]}
							}
						},
						{
							"origin": [-0.28477, 2.45, -4.2125],
							"size": [0.56954, 0.0625, 7.625],
							"uv": {
								"up": {"uv": [2, 9], "uv_size": [1, 8]},
								"down": {"uv": [4, 17], "uv_size": [1, -8]}
							}
						},
						{
							"origin": [0.625, 1.54023, -4.2125],
							"size": [0.0625, 0.56954, 7.625],
							"pivot": [0, 1.825, -0.2125],
							"rotation": [0, 0, 45],
							"uv": {
								"east": {"uv": [6, 9], "uv_size": [8, 1]},
								"west": {"uv": [10, 0], "uv_size": [8, 1]}
							}
						},
						{
							"origin": [0.625, 1.54023, -4.2125],
							"size": [0.0625, 0.56954, 7.625],
							"uv": {
								"east": {"uv": [10, 2], "uv_size": [8, 1]},
								"west": {"uv": [10, 4], "uv_size": [8, 1]}
							}
						},
						{
							"origin": [-0.6875, 1.54023, -4.2125],
							"size": [0.0625, 0.56954, 7.625],
							"pivot": [0, 1.825, -0.2125],
							"rotation": [0, 0, 45],
							"uv": {
								"east": {"uv": [10, 6], "uv_size": [8, 1]},
								"west": {"uv": [6, 11], "uv_size": [8, 1]}
							}
						},
						{
							"origin": [-0.6875, 1.54023, -4.2125],
							"size": [0.0625, 0.56954, 7.625],
							"uv": {
								"east": {"uv": [6, 13], "uv_size": [8, 1]},
								"west": {"uv": [6, 15], "uv_size": [8, 1]}
							}
						}
					]
				},
				{
					"name": "hexadecagon",
					"parent": "scope",
					"pivot": [0, 1.82813, -4.15625],
					"rotation": [0, -90, 0],
					"cubes": [
						{
							"origin": [-0.5, 1.67894, -4.90625],
							"size": [1, 0.29837, 0.1],
							"pivot": [0, 1.82813, -4.15625],
							"rotation": [45, 0, 0],
							"uv": {
								"north": {"uv": [46, 30], "uv_size": [1, 1]},
								"east": {"uv": [32, 46], "uv_size": [1, 1]},
								"south": {"uv": [46, 32], "uv_size": [1, 1]},
								"west": {"uv": [34, 46], "uv_size": [1, 1]},
								"up": {"uv": [46, 34], "uv_size": [1, 1]},
								"down": {"uv": [36, 47], "uv_size": [1, -1]}
							}
						},
						{
							"origin": [-0.5, 1.67894, -4.90625],
							"size": [1, 0.29837, 0.1],
							"pivot": [0, 1.82813, -4.15625],
							"rotation": [22.5, 0, 0],
							"uv": {
								"north": {"uv": [46, 36], "uv_size": [1, 1]},
								"east": {"uv": [38, 46], "uv_size": [1, 1]},
								"south": {"uv": [46, 38], "uv_size": [1, 1]},
								"west": {"uv": [40, 46], "uv_size": [1, 1]},
								"up": {"uv": [46, 40], "uv_size": [1, 1]},
								"down": {"uv": [42, 47], "uv_size": [1, -1]}
							}
						},
						{
							"origin": [-0.5, 1.67894, -4.90625],
							"size": [1, 0.29837, 0.1],
							"uv": {
								"north": {"uv": [46, 42], "uv_size": [1, 1]},
								"east": {"uv": [44, 46], "uv_size": [1, 1]},
								"south": {"uv": [46, 44], "uv_size": [1, 1]},
								"west": {"uv": [46, 46], "uv_size": [1, 1]},
								"up": {"uv": [47, 2], "uv_size": [1, 1]},
								"down": {"uv": [6, 48], "uv_size": [1, -1]}
							}
						},
						{
							"origin": [-0.5, 1.67894, -4.90625],
							"size": [1, 0.29837, 0.1],
							"pivot": [0, 1.82813, -4.15625],
							"rotation": [-22.5, 0, 0],
							"uv": {
								"north": {"uv": [8, 47], "uv_size": [1, 1]},
								"east": {"uv": [47, 8], "uv_size": [1, 1]},
								"south": {"uv": [10, 47], "uv_size": [1, 1]},
								"west": {"uv": [47, 10], "uv_size": [1, 1]},
								"up": {"uv": [12, 47], "uv_size": [1, 1]},
								"down": {"uv": [47, 13], "uv_size": [1, -1]}
							}
						},
						{
							"origin": [-0.5, 1.67894, -4.90625],
							"size": [1, 0.29837, 0.1],
							"pivot": [0, 1.82813, -4.15625],
							"rotation": [-45, 0, 0],
							"uv": {
								"north": {"uv": [14, 47], "uv_size": [1, 1]},
								"east": {"uv": [16, 47], "uv_size": [1, 1]},
								"south": {"uv": [18, 47], "uv_size": [1, 1]},
								"west": {"uv": [22, 47], "uv_size": [1, 1]},
								"up": {"uv": [0, 48], "uv_size": [1, 1]},
								"down": {"uv": [48, 1], "uv_size": [1, -1]}
							}
						},
						{
							"origin": [-0.5, 1.67894, -3.50625],
							"size": [1, 0.29837, 0.1],
							"pivot": [0, 1.82813, -4.15625],
							"rotation": [45, 0, 0],
							"uv": {
								"north": {"uv": [2, 48], "uv_size": [1, 1]},
								"east": {"uv": [4, 48], "uv_size": [1, 1]},
								"south": {"uv": [48, 4], "uv_size": [1, 1]},
								"west": {"uv": [48, 6], "uv_size": [1, 1]},
								"up": {"uv": [48, 14], "uv_size": [1, 1]},
								"down": {"uv": [48, 17], "uv_size": [1, -1]}
							}
						},
						{
							"origin": [-0.5, 1.67894, -3.50625],
							"size": [1, 0.29837, 0.1],
							"pivot": [0, 1.82813, -4.15625],
							"rotation": [22.5, 0, 0],
							"uv": {
								"north": {"uv": [48, 18], "uv_size": [1, 1]},
								"east": {"uv": [20, 48], "uv_size": [1, 1]},
								"south": {"uv": [48, 20], "uv_size": [1, 1]},
								"west": {"uv": [48, 22], "uv_size": [1, 1]},
								"up": {"uv": [24, 48], "uv_size": [1, 1]},
								"down": {"uv": [48, 25], "uv_size": [1, -1]}
							}
						},
						{
							"origin": [-0.5, 1.67894, -3.50625],
							"size": [1, 0.29837, 0.1],
							"uv": {
								"north": {"uv": [26, 48], "uv_size": [1, 1]},
								"east": {"uv": [48, 26], "uv_size": [1, 1]},
								"south": {"uv": [28, 48], "uv_size": [1, 1]},
								"west": {"uv": [48, 28], "uv_size": [1, 1]},
								"up": {"uv": [30, 48], "uv_size": [1, 1]},
								"down": {"uv": [48, 31], "uv_size": [1, -1]}
							}
						},
						{
							"origin": [-0.5, 1.67894, -3.50625],
							"size": [1, 0.29837, 0.1],
							"pivot": [0, 1.82813, -4.15625],
							"rotation": [-22.5, 0, 0],
							"uv": {
								"north": {"uv": [32, 48], "uv_size": [1, 1]},
								"east": {"uv": [48, 32], "uv_size": [1, 1]},
								"south": {"uv": [34, 48], "uv_size": [1, 1]},
								"west": {"uv": [48, 34], "uv_size": [1, 1]},
								"up": {"uv": [36, 48], "uv_size": [1, 1]},
								"down": {"uv": [48, 37], "uv_size": [1, -1]}
							}
						},
						{
							"origin": [-0.5, 1.67894, -3.50625],
							"size": [1, 0.29837, 0.1],
							"pivot": [0, 1.82813, -4.15625],
							"rotation": [-45, 0, 0],
							"uv": {
								"north": {"uv": [38, 48], "uv_size": [1, 1]},
								"east": {"uv": [48, 38], "uv_size": [1, 1]},
								"south": {"uv": [40, 48], "uv_size": [1, 1]},
								"west": {"uv": [48, 40], "uv_size": [1, 1]},
								"up": {"uv": [42, 48], "uv_size": [1, 1]},
								"down": {"uv": [48, 43], "uv_size": [1, -1]}
							}
						},
						{
							"origin": [-0.5, 1.07813, -4.30543],
							"size": [1, 0.1, 0.29837],
							"pivot": [0, 1.82813, -4.15625],
							"rotation": [22.5, 0, 0],
							"uv": {
								"north": {"uv": [44, 48], "uv_size": [1, 1]},
								"east": {"uv": [48, 44], "uv_size": [1, 1]},
								"south": {"uv": [46, 48], "uv_size": [1, 1]},
								"west": {"uv": [48, 46], "uv_size": [1, 1]},
								"up": {"uv": [48, 48], "uv_size": [1, 1]},
								"down": {"uv": [49, 3], "uv_size": [1, -1]}
							}
						},
						{
							"origin": [-0.5, 1.07813, -4.30543],
							"size": [1, 0.1, 0.29837],
							"uv": {
								"north": {"uv": [6, 49], "uv_size": [1, 1]},
								"east": {"uv": [8, 49], "uv_size": [1, 1]},
								"south": {"uv": [49, 8], "uv_size": [1, 1]},
								"west": {"uv": [10, 49], "uv_size": [1, 1]},
								"up": {"uv": [49, 10], "uv_size": [1, 1]},
								"down": {"uv": [12, 50], "uv_size": [1, -1]}
							}
						},
						{
							"origin": [-0.5, 1.07813, -4.30543],
							"size": [1, 0.1, 0.29837],
							"pivot": [0, 1.82813, -4.15625],
							"rotation": [-22.5, 0, 0],
							"uv": {
								"north": {"uv": [49, 12], "uv_size": [1, 1]},
								"east": {"uv": [14, 49], "uv_size": [1, 1]},
								"south": {"uv": [16, 49], "uv_size": [1, 1]},
								"west": {"uv": [18, 49], "uv_size": [1, 1]},
								"up": {"uv": [22, 49], "uv_size": [1, 1]},
								"down": {"uv": [0, 51], "uv_size": [1, -1]}
							}
						},
						{
							"origin": [-0.5, 2.47812, -4.30543],
							"size": [1, 0.1, 0.29837],
							"pivot": [0, 1.82813, -4.15625],
							"rotation": [22.5, 0, 0],
							"uv": {
								"north": {"uv": [50, 0], "uv_size": [1, 1]},
								"east": {"uv": [2, 50], "uv_size": [1, 1]},
								"south": {"uv": [4, 50], "uv_size": [1, 1]},
								"west": {"uv": [50, 4], "uv_size": [1, 1]},
								"up": {"uv": [50, 6], "uv_size": [1, 1]},
								"down": {"uv": [50, 15], "uv_size": [1, -1]}
							}
						},
						{
							"origin": [-0.5, 2.47812, -4.30543],
							"size": [1, 0.1, 0.29837],
							"uv": {
								"north": {"uv": [50, 16], "uv_size": [1, 1]},
								"east": {"uv": [50, 18], "uv_size": [1, 1]},
								"south": {"uv": [20, 50], "uv_size": [1, 1]},
								"west": {"uv": [50, 20], "uv_size": [1, 1]},
								"up": {"uv": [50, 22], "uv_size": [1, 1]},
								"down": {"uv": [24, 51], "uv_size": [1, -1]}
							}
						},
						{
							"origin": [-0.5, 2.47812, -4.30543],
							"size": [1, 0.1, 0.29837],
							"pivot": [0, 1.82813, -4.15625],
							"rotation": [-22.5, 0, 0],
							"uv": {
								"north": {"uv": [50, 24], "uv_size": [1, 1]},
								"east": {"uv": [26, 50], "uv_size": [1, 1]},
								"south": {"uv": [50, 26], "uv_size": [1, 1]},
								"west": {"uv": [28, 50], "uv_size": [1, 1]},
								"up": {"uv": [50, 28], "uv_size": [1, 1]},
								"down": {"uv": [30, 51], "uv_size": [1, -1]}
							}
						}
					]
				},
				{
					"name": "screw",
					"parent": "scope_body",
					"pivot": [1, 7.25, 0.5625]
				},
				{
					"name": "octagon",
					"parent": "screw",
					"pivot": [1.42472, 0, 1.21378],
					"rotation": [-20, -45, 0],
					"cubes": [
						{
							"origin": [1.26387, -0.43721, 1.87336],
							"size": [0.125, 0.12426, 0.3],
							"pivot": [1.11537, -0.37729, 1.49219],
							"rotation": [-45, 0, 0],
							"uv": {
								"north": {"uv": [0, 0], "uv_size": [0.66667, 0.16667]},
								"east": {"uv": [0, 0], "uv_size": [0.66667, 0.16667]},
								"south": {"uv": [0, 0], "uv_size": [0.66667, 0.16667]},
								"west": {"uv": [0, 0], "uv_size": [0.66667, 0.16667]},
								"up": {"uv": [0.66667, 0.16667], "uv_size": [-0.66667, -0.16667]},
								"down": {"uv": [0.66667, 0.16667], "uv_size": [-0.66667, -0.16667]}
							}
						},
						{
							"origin": [1.26387, -0.81345, 1.71935],
							"size": [0.125, 0.12426, 0.3],
							"uv": {
								"north": {"uv": [0, 0], "uv_size": [0.66667, 0.16667]},
								"east": {"uv": [0, 0], "uv_size": [0.66667, 0.16667]},
								"south": {"uv": [0, 0], "uv_size": [0.66667, 0.16667]},
								"west": {"uv": [0, 0], "uv_size": [0.66667, 0.16667]},
								"up": {"uv": [0.66667, 0.16667], "uv_size": [-0.66667, -0.16667]},
								"down": {"uv": [0.66667, 0.16667], "uv_size": [-0.66667, -0.16667]}
							}
						},
						{
							"origin": [1.26387, -0.52508, 1.96123],
							"size": [0.125, 0.3, 0.12426],
							"pivot": [1.11537, -0.37729, 1.49219],
							"rotation": [-45, 0, 0],
							"uv": {
								"north": {"uv": [0, 0], "uv_size": [0.66667, 0.16667]},
								"east": {"uv": [0, 0], "uv_size": [0.66667, 0.16667]},
								"south": {"uv": [0, 0], "uv_size": [0.66667, 0.16667]},
								"west": {"uv": [0, 0], "uv_size": [0.66667, 0.16667]},
								"up": {"uv": [0.66667, 0.16667], "uv_size": [-0.66667, -0.16667]},
								"down": {"uv": [0.66667, 0.16667], "uv_size": [-0.66667, -0.16667]}
							}
						},
						{
							"origin": [1.26387, -0.90132, 1.80722],
							"size": [0.125, 0.3, 0.12426],
							"uv": {
								"north": {"uv": [0, 0], "uv_size": [0.66667, 0.16667]},
								"east": {"uv": [0, 0], "uv_size": [0.66667, 0.16667]},
								"south": {"uv": [0, 0], "uv_size": [0.66667, 0.16667]},
								"west": {"uv": [0, 0], "uv_size": [0.66667, 0.16667]},
								"up": {"uv": [0.66667, 0.16667], "uv_size": [-0.66667, -0.16667]},
								"down": {"uv": [0.66667, 0.16667], "uv_size": [-0.66667, -0.16667]}
							}
						}
					]
				},
				{
					"name": "back",
					"parent": "scope_body",
					"pivot": [0, 9.125, 2.75]
				},
				{
					"name": "ring1",
					"parent": "back",
					"pivot": [0, 9.125, 2.75],
					"cubes": [
						{
							"origin": [-0.33655, 1.0125, 0.9125],
							"size": [0.6731, 0.125, 0.8125],
							"pivot": [0, 1.825, 10.1],
							"rotation": [0, 0, 45],
							"uv": {
								"north": {"uv": [22, 0], "uv_size": [1, 1]},
								"south": {"uv": [22, 15], "uv_size": [1, 1]},
								"up": {"uv": [22, 19], "uv_size": [1, 1]},
								"down": {"uv": [20, 23], "uv_size": [1, -1]}
							}
						},
						{
							"origin": [-0.33655, 1.0125, 0.9125],
							"size": [0.6731, 0.125, 0.8125],
							"uv": {
								"north": {"uv": [22, 21], "uv_size": [1, 1]},
								"south": {"uv": [23, 2], "uv_size": [1, 1]},
								"up": {"uv": [6, 23], "uv_size": [1, 1]},
								"down": {"uv": [8, 24], "uv_size": [1, -1]}
							}
						},
						{
							"origin": [-0.33655, 2.5125, 0.9125],
							"size": [0.6731, 0.125, 0.8125],
							"pivot": [0, 1.825, 10.1],
							"rotation": [0, 0, 45],
							"uv": {
								"north": {"uv": [23, 8], "uv_size": [1, 1]},
								"south": {"uv": [10, 23], "uv_size": [1, 1]},
								"up": {"uv": [23, 10], "uv_size": [1, 1]},
								"down": {"uv": [12, 24], "uv_size": [1, -1]}
							}
						},
						{
							"origin": [-0.33655, 2.5125, 0.9125],
							"size": [0.6731, 0.125, 0.8125],
							"uv": {
								"south": {"uv": [23, 12], "uv_size": [1, 1]},
								"up": {"uv": [14, 23], "uv_size": [1, 1]},
								"down": {"uv": [16, 24], "uv_size": [1, -1]}
							}
						},
						{
							"origin": [0.6875, 1.48845, 0.9125],
							"size": [0.125, 0.6731, 0.8125],
							"pivot": [0, 1.825, 10.1],
							"rotation": [0, 0, 45],
							"uv": {
								"north": {"uv": [22, 23], "uv_size": [1, 1]},
								"east": {"uv": [0, 24], "uv_size": [1, 1]},
								"south": {"uv": [24, 0], "uv_size": [1, 1]},
								"west": {"uv": [2, 24], "uv_size": [1, 1]}
							}
						},
						{
							"origin": [0.6875, 1.48845, 0.9125],
							"size": [0.125, 0.6731, 0.8125],
							"uv": {
								"north": {"uv": [4, 24], "uv_size": [1, 1]},
								"east": {"uv": [24, 4], "uv_size": [1, 1]},
								"south": {"uv": [24, 6], "uv_size": [1, 1]},
								"west": {"uv": [24, 14], "uv_size": [1, 1]}
							}
						},
						{
							"origin": [-0.8125, 1.48845, 0.9125],
							"size": [0.125, 0.6731, 0.8125],
							"pivot": [0, 1.825, 10.1],
							"rotation": [0, 0, 45],
							"uv": {
								"north": {"uv": [24, 16], "uv_size": [1, 1]},
								"east": {"uv": [24, 18], "uv_size": [1, 1]},
								"south": {"uv": [20, 24], "uv_size": [1, 1]},
								"west": {"uv": [24, 20], "uv_size": [1, 1]}
							}
						},
						{
							"origin": [-0.8125, 1.48845, 0.9125],
							"size": [0.125, 0.6731, 0.8125],
							"uv": {
								"north": {"uv": [24, 22], "uv_size": [1, 1]},
								"east": {"uv": [24, 24], "uv_size": [1, 1]},
								"south": {"uv": [25, 2], "uv_size": [1, 1]},
								"west": {"uv": [6, 25], "uv_size": [1, 1]}
							}
						}
					]
				},
				{
					"name": "ring2",
					"parent": "back",
					"pivot": [0, 9.125, 2.75],
					"cubes": [
						{
							"origin": [-0.8125, 1.48845, -0.7125],
							"size": [0.125, 0.6731, 0.8125],
							"uv": {
								"north": {"uv": [28, 36], "uv_size": [1, 1]},
								"east": {"uv": [36, 28], "uv_size": [1, 1]},
								"south": {"uv": [30, 36], "uv_size": [1, 1]},
								"west": {"uv": [36, 30], "uv_size": [1, 1]}
							}
						},
						{
							"origin": [-0.8125, 1.48845, -0.7125],
							"size": [0.125, 0.6731, 0.8125],
							"pivot": [0, 1.825, 10.1],
							"rotation": [0, 0, 45],
							"uv": {
								"north": {"uv": [24, 36], "uv_size": [1, 1]},
								"east": {"uv": [36, 24], "uv_size": [1, 1]},
								"south": {"uv": [26, 36], "uv_size": [1, 1]},
								"west": {"uv": [36, 26], "uv_size": [1, 1]}
							}
						},
						{
							"origin": [0.6875, 1.48845, -0.7125],
							"size": [0.125, 0.6731, 0.8125],
							"uv": {
								"north": {"uv": [36, 18], "uv_size": [1, 1]},
								"east": {"uv": [20, 36], "uv_size": [1, 1]},
								"south": {"uv": [36, 20], "uv_size": [1, 1]},
								"west": {"uv": [36, 22], "uv_size": [1, 1]}
							}
						},
						{
							"origin": [0.6875, 1.48845, -0.7125],
							"size": [0.125, 0.6731, 0.8125],
							"pivot": [0, 1.825, 10.1],
							"rotation": [0, 0, 45],
							"uv": {
								"north": {"uv": [36, 4], "uv_size": [1, 1]},
								"east": {"uv": [36, 6], "uv_size": [1, 1]},
								"south": {"uv": [36, 14], "uv_size": [1, 1]},
								"west": {"uv": [36, 16], "uv_size": [1, 1]}
							}
						},
						{
							"origin": [-0.33655, 2.5125, -0.7125],
							"size": [0.6731, 0.125, 0.8125],
							"uv": {
								"south": {"uv": [36, 0], "uv_size": [1, 1]},
								"up": {"uv": [2, 36], "uv_size": [1, 1]},
								"down": {"uv": [4, 37], "uv_size": [1, -1]}
							}
						},
						{
							"origin": [-0.33655, 2.5125, -0.7125],
							"size": [0.6731, 0.125, 0.8125],
							"pivot": [0, 1.825, 10.1],
							"rotation": [0, 0, 45],
							"uv": {
								"north": {"uv": [16, 35], "uv_size": [1, 1]},
								"south": {"uv": [18, 35], "uv_size": [1, 1]},
								"up": {"uv": [22, 35], "uv_size": [1, 1]},
								"down": {"uv": [0, 37], "uv_size": [1, -1]}
							}
						},
						{
							"origin": [-0.33655, 1.0125, -0.7125],
							"size": [0.6731, 0.125, 0.8125],
							"uv": {
								"north": {"uv": [35, 10], "uv_size": [1, 1]},
								"south": {"uv": [12, 35], "uv_size": [1, 1]},
								"up": {"uv": [35, 12], "uv_size": [1, 1]},
								"down": {"uv": [14, 36], "uv_size": [1, -1]}
							}
						},
						{
							"origin": [-0.33655, 1.0125, -0.7125],
							"size": [0.6731, 0.125, 0.8125],
							"pivot": [0, 1.825, 10.1],
							"rotation": [0, 0, 45],
							"uv": {
								"north": {"uv": [6, 35], "uv_size": [1, 1]},
								"south": {"uv": [8, 35], "uv_size": [1, 1]},
								"up": {"uv": [35, 8], "uv_size": [1, 1]},
								"down": {"uv": [10, 36], "uv_size": [1, -1]}
							}
						}
					]
				},
				{
					"name": "knob",
					"parent": "back",
					"pivot": [0, 8, 0]
				},
				{
					"name": "group2",
					"parent": "knob",
					"pivot": [0, 8, 0],
					"cubes": [
						{
							"origin": [-0.20711, 2.86406, 1.975],
							"size": [0.41422, 0.08594, 1],
							"pivot": [0, 2.825, 2.475],
							"rotation": [0, -45, 0],
							"uv": {
								"north": {"uv": [28, 0], "uv_size": [1, 1]},
								"south": {"uv": [2, 28], "uv_size": [1, 1]},
								"up": {"uv": [4, 28], "uv_size": [1, 1]},
								"down": {"uv": [28, 5], "uv_size": [1, -1]}
							}
						},
						{
							"origin": [-0.5, 2.86406, 2.26789],
							"size": [1, 0.08594, 0.41422],
							"pivot": [0, 2.825, 2.475],
							"rotation": [0, -45, 0],
							"uv": {
								"east": {"uv": [28, 6], "uv_size": [1, 1]},
								"west": {"uv": [28, 14], "uv_size": [1, 1]},
								"up": {"uv": [28, 16], "uv_size": [1, 1]},
								"down": {"uv": [28, 19], "uv_size": [1, -1]}
							}
						},
						{
							"origin": [-0.5, 2.86406, 2.26789],
							"size": [1, 0.08594, 0.41422],
							"pivot": [0, 2.85625, 2.475],
							"rotation": [0, 180, 0],
							"uv": {
								"east": {"uv": [20, 28], "uv_size": [1, 1]},
								"west": {"uv": [28, 20], "uv_size": [1, 1]},
								"up": {"uv": [28, 22], "uv_size": [1, 1]},
								"down": {"uv": [24, 29], "uv_size": [1, -1]}
							}
						},
						{
							"origin": [-0.5, 2.86406, 2.26789],
							"size": [1, 0.08594, 0.41422],
							"pivot": [0, 2.85625, 2.475],
							"rotation": [0, -90, 0],
							"uv": {
								"east": {"uv": [28, 24], "uv_size": [1, 1]},
								"west": {"uv": [26, 28], "uv_size": [1, 1]},
								"up": {"uv": [28, 26], "uv_size": [1, 1]},
								"down": {"uv": [28, 29], "uv_size": [1, -1]}
							}
						}
					]
				},
				{
					"name": "octagon2",
					"parent": "group2",
					"pivot": [0, 8, 0],
					"cubes": [
						{
							"origin": [-0.18122, 2.27031, 2.0375],
							"size": [0.36244, 0.65625, 0.875],
							"pivot": [0, 2.55156, 2.475],
							"rotation": [0, -45, 0],
							"uv": {
								"north": {"uv": [8, 25], "uv_size": [1, 1]},
								"south": {"uv": [25, 8], "uv_size": [1, 1]},
								"up": {"uv": [10, 25], "uv_size": [1, 1]}
							}
						},
						{
							"origin": [-0.18122, 2.27031, 2.0375],
							"size": [0.36244, 0.65625, 0.875],
							"uv": {
								"north": {"uv": [25, 10], "uv_size": [1, 1]},
								"south": {"uv": [12, 25], "uv_size": [1, 1]},
								"up": {"uv": [25, 12], "uv_size": [1, 1]}
							}
						},
						{
							"origin": [-0.4375, 2.27031, 2.29378],
							"size": [0.875, 0.65625, 0.36244],
							"pivot": [0, 2.55156, 2.475],
							"rotation": [0, -45, 0],
							"uv": {
								"east": {"uv": [14, 25], "uv_size": [1, 1]},
								"west": {"uv": [16, 25], "uv_size": [1, 1]},
								"up": {"uv": [18, 25], "uv_size": [1, 1]}
							}
						},
						{
							"origin": [-0.4375, 2.27031, 2.29378],
							"size": [0.875, 0.65625, 0.36244],
							"uv": {
								"east": {"uv": [22, 25], "uv_size": [1, 1]},
								"west": {"uv": [0, 26], "uv_size": [1, 1]},
								"up": {"uv": [26, 0], "uv_size": [1, 1]}
							}
						}
					]
				},
				{
					"name": "group3",
					"parent": "knob",
					"pivot": [0, 8, 0],
					"cubes": [
						{
							"origin": [1.05469, 1.63352, 1.975],
							"size": [0.09375, 0.41422, 1],
							"pivot": [0.96094, 1.84063, 2.475],
							"rotation": [45, 0, 0],
							"uv": {
								"north": {"uv": [26, 26], "uv_size": [1, 1]},
								"east": {"uv": [27, 2], "uv_size": [1, 1]},
								"south": {"uv": [6, 27], "uv_size": [1, 1]},
								"west": {"uv": [8, 27], "uv_size": [1, 1]}
							}
						},
						{
							"origin": [1.05469, 1.34063, 2.26789],
							"size": [0.09375, 1, 0.41422],
							"pivot": [0.96094, 1.84063, 2.475],
							"rotation": [45, 0, 0],
							"uv": {
								"east": {"uv": [27, 10], "uv_size": [1, 1]},
								"west": {"uv": [12, 27], "uv_size": [1, 1]},
								"up": {"uv": [27, 12], "uv_size": [1, 1]},
								"down": {"uv": [14, 28], "uv_size": [1, -1]}
							}
						},
						{
							"origin": [1.05469, 1.34063, 2.26789],
							"size": [0.09375, 1, 0.41422],
							"pivot": [1.10156, 1.84063, 2.475],
							"rotation": [-90, 0, 0],
							"uv": {
								"east": {"uv": [27, 10], "uv_size": [1, 1]},
								"west": {"uv": [12, 27], "uv_size": [1, 1]},
								"up": {"uv": [27, 12], "uv_size": [1, 1]},
								"down": {"uv": [14, 28], "uv_size": [1, -1]}
							}
						},
						{
							"origin": [1.05469, 1.34063, 2.26789],
							"size": [0.09375, 1, 0.41422],
							"uv": {
								"east": {"uv": [16, 27], "uv_size": [1, 1]},
								"west": {"uv": [18, 27], "uv_size": [1, 1]},
								"up": {"uv": [22, 27], "uv_size": [1, 1]},
								"down": {"uv": [0, 29], "uv_size": [1, -1]}
							}
						}
					]
				},
				{
					"name": "octagon5",
					"parent": "group3",
					"pivot": [0, 8, 0],
					"cubes": [
						{
							"origin": [0.67969, 1.65941, 2.0375],
							"size": [0.375, 0.36244, 0.875],
							"pivot": [0.96094, 1.84063, 2.475],
							"rotation": [45, 0, 0],
							"uv": {
								"north": {"uv": [2, 26], "uv_size": [1, 1]},
								"east": {"uv": [4, 26], "uv_size": [1, 1]},
								"south": {"uv": [26, 4], "uv_size": [1, 1]}
							}
						},
						{
							"origin": [0.67969, 1.65941, 2.0375],
							"size": [0.375, 0.36244, 0.875],
							"uv": {
								"north": {"uv": [26, 6], "uv_size": [1, 1]},
								"east": {"uv": [26, 14], "uv_size": [1, 1]},
								"south": {"uv": [26, 16], "uv_size": [1, 1]}
							}
						},
						{
							"origin": [0.67969, 1.40313, 2.29378],
							"size": [0.375, 0.875, 0.36244],
							"pivot": [0.96094, 1.84063, 2.475],
							"rotation": [45, 0, 0],
							"uv": {
								"east": {"uv": [26, 18], "uv_size": [1, 1]},
								"up": {"uv": [20, 26], "uv_size": [1, 1]},
								"down": {"uv": [26, 21], "uv_size": [1, -1]}
							}
						},
						{
							"origin": [0.67969, 1.40313, 2.29378],
							"size": [0.375, 0.875, 0.36244],
							"uv": {
								"east": {"uv": [26, 22], "uv_size": [1, 1]},
								"up": {"uv": [24, 26], "uv_size": [1, 1]},
								"down": {"uv": [26, 25], "uv_size": [1, -1]}
							}
						}
					]
				},
				{
					"name": "base",
					"parent": "scope_body",
					"pivot": [-0.54419, 7.42992, -1.875],
					"cubes": [
						{
							"origin": [0.8125, 1.90251, 0.9125],
							"size": [0.375, 0.13404, 0.8125],
							"uv": {
								"north": {"uv": [32, 36], "uv_size": [1, 1]},
								"east": {"uv": [36, 32], "uv_size": [1, 1]},
								"south": {"uv": [34, 36], "uv_size": [1, 1]},
								"west": {"uv": [36, 34], "uv_size": [1, 1]},
								"up": {"uv": [36, 36], "uv_size": [1, 1]},
								"down": {"uv": [37, 3], "uv_size": [1, -1]}
							}
						},
						{
							"origin": [0.9625, 1.8322, 1.1],
							"size": [0.1, 0.24219, 0.1],
							"pivot": [1.0125, 1.90251, 1.15],
							"rotation": [0, 45, 0],
							"uv": {
								"north": {"uv": [38, 16], "uv_size": [1, 1]},
								"east": {"uv": [38, 18], "uv_size": [1, 1]},
								"south": {"uv": [20, 38], "uv_size": [1, 1]},
								"west": {"uv": [38, 20], "uv_size": [1, 1]},
								"up": {"uv": [38, 22], "uv_size": [1, 1]},
								"down": {"uv": [24, 39], "uv_size": [1, -1]}
							}
						},
						{
							"origin": [0.9625, 1.8322, -0.15],
							"size": [0.1, 0.22656, 0.1],
							"pivot": [1.0125, 1.90251, -0.1],
							"rotation": [0, 45, 0],
							"uv": {
								"north": {"uv": [38, 36], "uv_size": [1, 1]},
								"east": {"uv": [38, 38], "uv_size": [1, 1]},
								"south": {"uv": [39, 2], "uv_size": [1, 1]},
								"west": {"uv": [6, 39], "uv_size": [1, 1]},
								"up": {"uv": [8, 39], "uv_size": [1, 1]},
								"down": {"uv": [39, 9], "uv_size": [1, -1]}
							}
						},
						{
							"origin": [0.9625, 1.8322, -0.525],
							"size": [0.1, 0.22656, 0.1],
							"pivot": [1.0125, 1.90251, -0.475],
							"rotation": [0, 45, 0],
							"uv": {
								"north": {"uv": [38, 30], "uv_size": [1, 1]},
								"east": {"uv": [32, 38], "uv_size": [1, 1]},
								"south": {"uv": [38, 32], "uv_size": [1, 1]},
								"west": {"uv": [34, 38], "uv_size": [1, 1]},
								"up": {"uv": [38, 34], "uv_size": [1, 1]},
								"down": {"uv": [36, 39], "uv_size": [1, -1]}
							}
						},
						{
							"origin": [0.9625, 1.8322, 1.475],
							"size": [0.1, 0.24219, 0.1],
							"pivot": [1.0125, 1.90251, 1.525],
							"rotation": [0, 45, 0],
							"uv": {
								"north": {"uv": [38, 24], "uv_size": [1, 1]},
								"east": {"uv": [26, 38], "uv_size": [1, 1]},
								"south": {"uv": [38, 26], "uv_size": [1, 1]},
								"west": {"uv": [28, 38], "uv_size": [1, 1]},
								"up": {"uv": [38, 28], "uv_size": [1, 1]},
								"down": {"uv": [30, 39], "uv_size": [1, -1]}
							}
						},
						{
							"origin": [0.8125, 1.69939, 0.9125],
							"size": [0.375, 0.13404, 0.8125],
							"uv": {
								"north": {"uv": [6, 37], "uv_size": [1, 1]},
								"east": {"uv": [8, 37], "uv_size": [1, 1]},
								"south": {"uv": [37, 8], "uv_size": [1, 1]},
								"west": {"uv": [10, 37], "uv_size": [1, 1]},
								"up": {"uv": [37, 10], "uv_size": [1, 1]},
								"down": {"uv": [12, 38], "uv_size": [1, -1]}
							}
						},
						{
							"origin": [0.97221, 1.3541, -0.60313],
							"size": [0.49219, 0.08716, 0.57813],
							"pivot": [1.2769, 1.42112, -0.43125],
							"rotation": [0, 0, -70],
							"uv": {
								"north": {"uv": [40, 20], "uv_size": [1, 1]},
								"east": {"uv": [40, 22], "uv_size": [1, 1]},
								"south": {"uv": [24, 40], "uv_size": [1, 1]},
								"west": {"uv": [40, 24], "uv_size": [1, 1]},
								"up": {"uv": [26, 40], "uv_size": [1, 1]},
								"down": {"uv": [40, 27], "uv_size": [1, -1]}
							}
						},
						{
							"origin": [1.02901, 1.26189, -0.0875],
							"size": [0.375, 0.19654, 0.32031],
							"pivot": [1.21651, 1.39141, 0.19375],
							"rotation": [45, 0, 0],
							"uv": {
								"north": {"uv": [18, 39], "uv_size": [1, 1]},
								"east": {"uv": [22, 39], "uv_size": [1, 1]},
								"south": {"uv": [0, 40], "uv_size": [1, 1]},
								"west": {"uv": [40, 0], "uv_size": [1, 1]},
								"up": {"uv": [2, 40], "uv_size": [1, 1]},
								"down": {"uv": [4, 41], "uv_size": [1, -1]}
							}
						},
						{
							"origin": [1.02901, 1.26189, 0.63437],
							"size": [0.375, 0.19654, 0.32031],
							"pivot": [1.21651, 1.39141, 0.68125],
							"rotation": [-45, 0, 0],
							"uv": {
								"north": {"uv": [40, 4], "uv_size": [1, 1]},
								"east": {"uv": [40, 6], "uv_size": [1, 1]},
								"south": {"uv": [40, 14], "uv_size": [1, 1]},
								"west": {"uv": [40, 16], "uv_size": [1, 1]},
								"up": {"uv": [40, 18], "uv_size": [1, 1]},
								"down": {"uv": [20, 41], "uv_size": [1, -1]}
							}
						},
						{
							"origin": [1.02901, 0.00408, -0.7125],
							"size": [0.25, 1.70435, 0.625],
							"uv": {
								"north": {"uv": [15, 8], "uv_size": [1, 2]},
								"east": {"uv": [15, 11], "uv_size": [1, 2]},
								"south": {"uv": [15, 14], "uv_size": [1, 2]},
								"west": {"uv": [6, 17], "uv_size": [1, 2]},
								"up": {"uv": [10, 39], "uv_size": [1, 1]},
								"down": {"uv": [39, 11], "uv_size": [1, -1]}
							}
						},
						{
							"origin": [1.27901, 0.00408, -0.7125],
							"size": [0.125, 1.57935, 0.1875],
							"uv": {
								"north": {"uv": [10, 17], "uv_size": [1, 2]},
								"east": {"uv": [17, 11], "uv_size": [1, 2]},
								"south": {"uv": [12, 17], "uv_size": [1, 2]},
								"west": {"uv": [14, 17], "uv_size": [1, 2]},
								"up": {"uv": [12, 39], "uv_size": [1, 1]},
								"down": {"uv": [39, 13], "uv_size": [1, -1]}
							}
						},
						{
							"origin": [1.02901, 0.00408, -0.0875],
							"size": [0.375, 1.70435, 0.1875],
							"uv": {
								"north": {"uv": [17, 14], "uv_size": [1, 2]},
								"east": {"uv": [16, 17], "uv_size": [1, 2]},
								"south": {"uv": [0, 18], "uv_size": [1, 2]},
								"west": {"uv": [2, 18], "uv_size": [1, 2]},
								"up": {"uv": [14, 39], "uv_size": [1, 1]},
								"down": {"uv": [16, 40], "uv_size": [1, -1]}
							}
						},
						{
							"origin": [1.08159, 1.3541, 0.9125],
							"size": [0.38281, 0.08716, 0.5625],
							"pivot": [1.2769, 1.42112, 1.44375],
							"rotation": [0, 0, -70],
							"uv": {
								"north": {"uv": [38, 40], "uv_size": [1, 1]},
								"east": {"uv": [40, 38], "uv_size": [1, 1]},
								"south": {"uv": [40, 40], "uv_size": [1, 1]},
								"west": {"uv": [41, 2], "uv_size": [1, 1]},
								"up": {"uv": [6, 41], "uv_size": [1, 1]},
								"down": {"uv": [8, 42], "uv_size": [1, -1]}
							}
						},
						{
							"origin": [1.07377, 0.12158, -0.5875],
							"size": [0.39063, 0.1106, 0.5625],
							"pivot": [1.2769, 0.16516, -0.43125],
							"rotation": [0, 0, 70],
							"uv": {
								"north": {"uv": [8, 43], "uv_size": [1, 1]},
								"east": {"uv": [43, 8], "uv_size": [1, 1]},
								"south": {"uv": [10, 43], "uv_size": [1, 1]},
								"west": {"uv": [43, 10], "uv_size": [1, 1]},
								"up": {"uv": [12, 43], "uv_size": [1, 1]},
								"down": {"uv": [43, 13], "uv_size": [1, -1]}
							}
						},
						{
							"origin": [1.05815, 0.12158, 0.9125],
							"size": [0.40625, 0.1106, 0.53906],
							"pivot": [1.2769, 0.16516, 1.31875],
							"rotation": [0, 0, 70],
							"uv": {
								"north": {"uv": [42, 38], "uv_size": [1, 1]},
								"east": {"uv": [40, 42], "uv_size": [1, 1]},
								"south": {"uv": [42, 40], "uv_size": [1, 1]},
								"west": {"uv": [42, 42], "uv_size": [1, 1]},
								"up": {"uv": [43, 2], "uv_size": [1, 1]},
								"down": {"uv": [6, 44], "uv_size": [1, -1]}
							}
						},
						{
							"origin": [1.27901, 0.00408, 1.4125],
							"size": [0.125, 1.57935, 0.1875],
							"uv": {
								"north": {"uv": [21, 2], "uv_size": [1, 2]},
								"east": {"uv": [4, 21], "uv_size": [1, 2]},
								"south": {"uv": [21, 9], "uv_size": [1, 2]},
								"west": {"uv": [21, 12], "uv_size": [1, 2]},
								"up": {"uv": [36, 40], "uv_size": [1, 1]},
								"down": {"uv": [40, 37], "uv_size": [1, -1]}
							}
						},
						{
							"origin": [1.27901, 0.00408, 0.7875],
							"size": [0.125, 1.70435, 0.1875],
							"uv": {
								"north": {"uv": [16, 20], "uv_size": [1, 2]},
								"east": {"uv": [20, 19], "uv_size": [1, 2]},
								"south": {"uv": [0, 21], "uv_size": [1, 2]},
								"west": {"uv": [2, 21], "uv_size": [1, 2]},
								"up": {"uv": [34, 40], "uv_size": [1, 1]},
								"down": {"uv": [40, 35], "uv_size": [1, -1]}
							}
						},
						{
							"origin": [1.02901, 0.00408, 0.7875],
							"size": [0.25, 1.70435, 0.8125],
							"uv": {
								"north": {"uv": [18, 19], "uv_size": [1, 2]},
								"east": {"uv": [6, 20], "uv_size": [1, 2]},
								"south": {"uv": [8, 20], "uv_size": [1, 2]},
								"west": {"uv": [10, 20], "uv_size": [1, 2]},
								"up": {"uv": [32, 40], "uv_size": [1, 1]},
								"down": {"uv": [40, 33], "uv_size": [1, -1]}
							}
						},
						{
							"origin": [1.15401, 1.57439, -0.7125],
							"size": [0.25, 0.13404, 2.4375],
							"uv": {
								"north": {"uv": [30, 40], "uv_size": [1, 1]},
								"east": {"uv": [19, 5], "uv_size": [2, 1]},
								"south": {"uv": [40, 30], "uv_size": [1, 1]},
								"west": {"uv": [19, 7], "uv_size": [2, 1]},
								"up": {"uv": [19, 9], "uv_size": [1, 2]},
								"down": {"uv": [19, 14], "uv_size": [1, -2]}
							}
						},
						{
							"origin": [0.71942, -1.02894, -0.65781],
							"size": [0.42678, 0.24341, 0.09864],
							"uv": {
								"north": {"uv": [44, 4], "uv_size": [1, 1]},
								"east": {"uv": [44, 6], "uv_size": [1, 1]},
								"south": {"uv": [44, 14], "uv_size": [1, 1]},
								"west": {"uv": [44, 16], "uv_size": [1, 1]},
								"up": {"uv": [44, 18], "uv_size": [1, 1]},
								"down": {"uv": [20, 45], "uv_size": [1, -1]}
							}
						},
						{
							"origin": [0.91071, -1.02894, -0.59152],
							"size": [0.25, 0.24341, 0.125],
							"pivot": [1.03571, -0.85255, -0.49778],
							"rotation": [0, 45, 0],
							"uv": {
								"north": {"uv": [44, 20], "uv_size": [1, 1]},
								"east": {"uv": [44, 22], "uv_size": [1, 1]},
								"south": {"uv": [24, 44], "uv_size": [1, 1]},
								"west": {"uv": [44, 24], "uv_size": [1, 1]},
								"up": {"uv": [26, 44], "uv_size": [1, 1]},
								"down": {"uv": [44, 27], "uv_size": [1, -1]}
							}
						},
						{
							"origin": [0.44507, -0.50171, 1.32205],
							"size": [1.00154, 2.3125, 0.34107],
							"pivot": [1.05598, -0.32532, 1.42361],
							"rotation": [90, 0, -45],
							"uv": {
								"north": {"uv": [44, 20], "uv_size": [1, 1]},
								"east": {"uv": [44, 22], "uv_size": [1, 1]},
								"south": {"uv": [24, 44], "uv_size": [1, 1]},
								"west": {"uv": [44, 24], "uv_size": [1, 1]},
								"up": {"uv": [49.07813, 10.32813], "uv_size": [0.5, 0.625]},
								"down": {"uv": [44, 27], "uv_size": [1, -1]}
							}
						},
						{
							"origin": [0.45464, -0.9257, 0.98611],
							"size": [0.32711, 2.3125, 0.59886],
							"pivot": [0.61769, -0.74931, 1.42361],
							"rotation": [90, 0, 0],
							"uv": {
								"north": {"uv": [44, 20], "uv_size": [1, 1]},
								"east": {"uv": [44, 22], "uv_size": [1, 1]},
								"south": {"uv": [24, 44], "uv_size": [1, 1]},
								"west": {"uv": [44, 24], "uv_size": [1, 1]},
								"up": {"uv": [49, 10], "uv_size": [1, 1]},
								"down": {"uv": [44, 27], "uv_size": [1, -1]}
							}
						},
						{
							"origin": [1.02901, 1.32439, 0.1],
							"size": [0.375, 0.25904, 0.6875],
							"uv": {
								"north": {"uv": [4, 42], "uv_size": [1, 1]},
								"east": {"uv": [42, 4], "uv_size": [1, 1]},
								"south": {"uv": [42, 6], "uv_size": [1, 1]},
								"west": {"uv": [42, 14], "uv_size": [1, 1]},
								"up": {"uv": [42, 16], "uv_size": [1, 1]},
								"down": {"uv": [42, 19], "uv_size": [1, -1]}
							}
						},
						{
							"origin": [1.02901, 0.07439, 0.63437],
							"size": [0.375, 0.19654, 0.32031],
							"pivot": [1.21651, 0.14141, 0.68125],
							"rotation": [45, 0, 0],
							"uv": {
								"north": {"uv": [42, 32], "uv_size": [1, 1]},
								"east": {"uv": [34, 42], "uv_size": [1, 1]},
								"south": {"uv": [42, 34], "uv_size": [1, 1]},
								"west": {"uv": [36, 42], "uv_size": [1, 1]},
								"up": {"uv": [42, 36], "uv_size": [1, 1]},
								"down": {"uv": [38, 43], "uv_size": [1, -1]}
							}
						},
						{
							"origin": [1.02901, 0.00408, 0.1],
							"size": [0.375, 0.20435, 0.6875],
							"uv": {
								"north": {"uv": [42, 26], "uv_size": [1, 1]},
								"east": {"uv": [28, 42], "uv_size": [1, 1]},
								"south": {"uv": [42, 28], "uv_size": [1, 1]},
								"west": {"uv": [30, 42], "uv_size": [1, 1]},
								"up": {"uv": [42, 30], "uv_size": [1, 1]},
								"down": {"uv": [32, 43], "uv_size": [1, -1]}
							}
						},
						{
							"origin": [1.02901, -0.12092, -0.7125],
							"size": [0.375, 0.125, 2.3125],
							"uv": {
								"north": {"uv": [42, 26], "uv_size": [1, 1]},
								"east": {"uv": [28, 42], "uv_size": [1, 1]},
								"south": {"uv": [42, 28], "uv_size": [1, 1]},
								"west": {"uv": [30, 42], "uv_size": [1, 1]},
								"up": {"uv": [42, 30], "uv_size": [1, 1]},
								"down": {"uv": [32, 43], "uv_size": [1, -1]}
							}
						},
						{
							"origin": [1.02901, 0.07439, -0.0875],
							"size": [0.375, 0.19654, 0.32031],
							"pivot": [1.21651, 0.14141, 0.19375],
							"rotation": [-45, 0, 0],
							"uv": {
								"north": {"uv": [20, 42], "uv_size": [1, 1]},
								"east": {"uv": [42, 20], "uv_size": [1, 1]},
								"south": {"uv": [42, 22], "uv_size": [1, 1]},
								"west": {"uv": [24, 42], "uv_size": [1, 1]},
								"up": {"uv": [42, 24], "uv_size": [1, 1]},
								"down": {"uv": [26, 43], "uv_size": [1, -1]}
							}
						},
						{
							"origin": [1.02901, 1.57439, 0.7875],
							"size": [0.375, 0.13404, 0.9375],
							"uv": {
								"north": {"uv": [16, 41], "uv_size": [1, 1]},
								"east": {"uv": [18, 41], "uv_size": [1, 1]},
								"south": {"uv": [22, 41], "uv_size": [1, 1]},
								"west": {"uv": [0, 42], "uv_size": [1, 1]},
								"up": {"uv": [42, 0], "uv_size": [1, 1]},
								"down": {"uv": [2, 43], "uv_size": [1, -1]}
							}
						},
						{
							"origin": [1.15401, 1.2233, 1.6274],
							"size": [0.25, 0.09498, 0.1875],
							"pivot": [1.21651, 1.29032, 1.34615],
							"rotation": [45, 0, 0],
							"uv": {
								"north": {"uv": [41, 8], "uv_size": [1, 1]},
								"east": {"uv": [10, 41], "uv_size": [1, 1]},
								"south": {"uv": [41, 10], "uv_size": [1, 1]},
								"west": {"uv": [12, 41], "uv_size": [1, 1]},
								"up": {"uv": [41, 12], "uv_size": [1, 1]},
								"down": {"uv": [14, 42], "uv_size": [1, -1]}
							}
						},
						{
							"origin": [1.1205, 1.58337, -0.7125],
							"size": [0.25, 0.13404, 2.4375],
							"pivot": [1.3705, 1.65039, 1.19375],
							"rotation": [0, 0, 30],
							"uv": {
								"north": {"uv": [28, 40], "uv_size": [1, 1]},
								"east": {"uv": [18, 17], "uv_size": [2, 1]},
								"south": {"uv": [40, 28], "uv_size": [1, 1]},
								"west": {"uv": [19, 0], "uv_size": [2, 1]},
								"up": {"uv": [4, 18], "uv_size": [1, 2]},
								"down": {"uv": [19, 4], "uv_size": [1, -2]}
							}
						},
						{
							"origin": [0.8125, 1.69939, -0.7125],
							"size": [0.375, 0.13404, 0.8125],
							"uv": {
								"north": {"uv": [38, 0], "uv_size": [1, 1]},
								"east": {"uv": [2, 38], "uv_size": [1, 1]},
								"south": {"uv": [4, 38], "uv_size": [1, 1]},
								"west": {"uv": [38, 4], "uv_size": [1, 1]},
								"up": {"uv": [38, 6], "uv_size": [1, 1]},
								"down": {"uv": [38, 15], "uv_size": [1, -1]}
							}
						},
						{
							"origin": [0.8125, 1.90251, -0.7125],
							"size": [0.375, 0.13404, 0.8125],
							"uv": {
								"north": {"uv": [37, 12], "uv_size": [1, 1]},
								"east": {"uv": [14, 37], "uv_size": [1, 1]},
								"south": {"uv": [16, 37], "uv_size": [1, 1]},
								"west": {"uv": [18, 37], "uv_size": [1, 1]},
								"up": {"uv": [22, 37], "uv_size": [1, 1]},
								"down": {"uv": [0, 39], "uv_size": [1, -1]}
							}
						},
						{
							"origin": [0.7712, -1.04457, 1.12344],
							"size": [0.375, 0.25904, 0.14063],
							"uv": {
								"north": {"uv": [34, 44], "uv_size": [1, 1]},
								"east": {"uv": [44, 34], "uv_size": [1, 1]},
								"south": {"uv": [36, 44], "uv_size": [1, 1]},
								"west": {"uv": [44, 36], "uv_size": [1, 1]},
								"up": {"uv": [38, 44], "uv_size": [1, 1]},
								"down": {"uv": [44, 39], "uv_size": [1, -1]}
							}
						},
						{
							"origin": [0.82589, -1.05361, 0.99844],
							"size": [0.375, 0.25904, 0.07031],
							"uv": {
								"north": {"uv": [46, 0], "uv_size": [1, 1]},
								"east": {"uv": [2, 46], "uv_size": [1, 1]},
								"south": {"uv": [4, 46], "uv_size": [1, 1]},
								"west": {"uv": [46, 4], "uv_size": [1, 1]},
								"up": {"uv": [46, 6], "uv_size": [1, 1]},
								"down": {"uv": [46, 15], "uv_size": [1, -1]}
							}
						},
						{
							"origin": [0.95088, -0.95204, 1.06875],
							"size": [0.125, 0.25904, 0.125],
							"pivot": [1.01338, -0.82252, 1.13125],
							"rotation": [0, 45, 0],
							"uv": {
								"north": {"uv": [46, 16], "uv_size": [1, 1]},
								"east": {"uv": [46, 18], "uv_size": [1, 1]},
								"south": {"uv": [20, 46], "uv_size": [1, 1]},
								"west": {"uv": [46, 20], "uv_size": [1, 1]},
								"up": {"uv": [46, 22], "uv_size": [1, 1]},
								"down": {"uv": [24, 47], "uv_size": [1, -1]}
							}
						},
						{
							"origin": [0.7712, -0.79457, 0.99844],
							"size": [0.42969, 0.06373, 0.26563],
							"uv": {
								"north": {"uv": [6, 45], "uv_size": [1, 1]},
								"east": {"uv": [8, 45], "uv_size": [1, 1]},
								"south": {"uv": [45, 8], "uv_size": [1, 1]},
								"west": {"uv": [10, 45], "uv_size": [1, 1]},
								"up": {"uv": [45, 10], "uv_size": [1, 1]},
								"down": {"uv": [12, 46], "uv_size": [1, -1]}
							}
						},
						{
							"origin": [0.77121, -1.09925, 0.99844],
							"size": [0.42969, 0.06373, 0.26563],
							"uv": {
								"north": {"uv": [45, 12], "uv_size": [1, 1]},
								"east": {"uv": [14, 45], "uv_size": [1, 1]},
								"south": {"uv": [16, 45], "uv_size": [1, 1]},
								"west": {"uv": [18, 45], "uv_size": [1, 1]},
								"up": {"uv": [22, 45], "uv_size": [1, 1]},
								"down": {"uv": [0, 47], "uv_size": [1, -1]}
							}
						},
						{
							"origin": [0.71942, -1.04457, -0.60604],
							"size": [0.25, 0.26685, 2.04688],
							"uv": {
								"north": {"uv": [40, 44], "uv_size": [1, 1]},
								"east": {"uv": [44, 40], "uv_size": [1, 1]},
								"south": {"uv": [42, 44], "uv_size": [1, 1]},
								"west": {"uv": [44, 42], "uv_size": [1, 1]},
								"up": {"uv": [44, 44], "uv_size": [1, 1]},
								"down": {"uv": [45, 3], "uv_size": [1, -1]}
							}
						},
						{
							"origin": [0.91071, -1.04457, 1.16629],
							"size": [0.25, 0.26685, 0.19531],
							"pivot": [1.03571, -0.85255, 1.33035],
							"rotation": [0, 45, 0],
							"uv": {
								"north": {"uv": [28, 44], "uv_size": [1, 1]},
								"east": {"uv": [44, 28], "uv_size": [1, 1]},
								"south": {"uv": [30, 44], "uv_size": [1, 1]},
								"west": {"uv": [44, 30], "uv_size": [1, 1]},
								"up": {"uv": [32, 44], "uv_size": [1, 1]},
								"down": {"uv": [44, 33], "uv_size": [1, -1]}
							}
						}
					]
				},
				{
					"name": "lens",
					"parent": "scope_body",
					"pivot": [0.5, 8.5, -3.5625],
					"cubes": [
						{
							"origin": [-0.4375, 2.21563, -4.5875],
							"size": [0.86719, 0.21094, 0.07031],
							"pivot": [0, 1.825, -4.54844],
							"rotation": [0, 0, 45],
							"uv": {
								"north": {"uv": [46, 24], "uv_size": [1, 1]},
								"south": {"uv": [26, 46], "uv_size": [1, 1]}
							}
						},
						{
							"origin": [-0.5625, 1.3875, -4.57969],
							"size": [1.125, 0.875, 0.0625],
							"pivot": [0, 1.825, -4.54844],
							"rotation": [0, 0, 45],
							"uv": {
								"north": {"uv": [50, 29.875], "uv_size": [3.5, 3.25]},
								"south": {"uv": [28, 46], "uv_size": [1, 1]}
							}
						},
						{
							"origin": [-0.42969, 1.20781, -4.5875],
							"size": [0.83594, 0.21875, 0.07031],
							"pivot": [0, 1.825, -4.54844],
							"rotation": [0, 0, 45],
							"uv": {
								"north": {"uv": [46, 28], "uv_size": [1, 1]},
								"south": {"uv": [30, 46], "uv_size": [1, 1]}
							}
						}
					]
				},
				{
					"name": "ocular",
					"pivot": [0, 1.825, 4.625],
					"cubes": [
						{
							"origin": [-0.28477, 1.1375, 3.475],
							"size": [0.56954, 1.375, 0.01],
							"pivot": [0, 1.825, 3.475],
							"rotation": [0, 0, 45],
							"uv": {
								"south": {"uv": [29, 2], "uv_size": [1, 1]}
							}
						},
						{
							"origin": [-0.28477, 1.1375, 3.475],
							"size": [0.56954, 1.375, 0.01],
							"uv": {
								"south": {"uv": [6, 29], "uv_size": [1, 1]}
							}
						},
						{
							"origin": [-0.6875, 1.54023, 3.475],
							"size": [1.375, 0.56954, 0.01],
							"pivot": [0, 1.825, 3.475],
							"rotation": [0, 0, 45],
							"uv": {
								"south": {"uv": [8, 29], "uv_size": [1, 1]}
							}
						},
						{
							"origin": [-0.6875, 1.54023, 3.475],
							"size": [1.375, 0.56954, 0.01],
							"uv": {
								"south": {"uv": [29, 8], "uv_size": [1, 1]}
							}
						}
					]
				},
				{
					"name": "ocular_ring",
					"pivot": [0, 9.125, 2.75],
					"cubes": [
						{
							"origin": [-0.31066, 1.075, 3.225],
							"size": [0.62132, 0.03125, 0.25],
							"pivot": [0, 1.825, 3.35],
							"rotation": [0, 0, 45],
							"uv": {
								"north": {"uv": [10, 29], "uv_size": [1, 1]},
								"south": {"uv": [29, 10], "uv_size": [1, 1]},
								"up": {"uv": [12, 29], "uv_size": [1, 1]},
								"down": {"uv": [29, 13], "uv_size": [1, -1]}
							}
						},
						{
							"origin": [-0.31066, 1.075, 3.225],
							"size": [0.62132, 0.03125, 0.25],
							"uv": {
								"north": {"uv": [14, 29], "uv_size": [1, 1]},
								"south": {"uv": [16, 29], "uv_size": [1, 1]},
								"up": {"uv": [18, 29], "uv_size": [1, 1]},
								"down": {"uv": [22, 30], "uv_size": [1, -1]}
							}
						},
						{
							"origin": [-0.31066, 2.54375, 3.225],
							"size": [0.62132, 0.03125, 0.25],
							"pivot": [0, 1.825, 3.35],
							"rotation": [0, 0, 45],
							"uv": {
								"north": {"uv": [0, 30], "uv_size": [1, 1]},
								"south": {"uv": [30, 0], "uv_size": [1, 1]},
								"up": {"uv": [2, 30], "uv_size": [1, 1]},
								"down": {"uv": [4, 31], "uv_size": [1, -1]}
							}
						},
						{
							"origin": [-0.31066, 2.54375, 3.225],
							"size": [0.62132, 0.03125, 0.25],
							"uv": {
								"north": {"uv": [30, 4], "uv_size": [1, 1]},
								"south": {"uv": [30, 6], "uv_size": [1, 1]},
								"up": {"uv": [30, 14], "uv_size": [1, 1]},
								"down": {"uv": [30, 17], "uv_size": [1, -1]}
							}
						},
						{
							"origin": [0.71875, 1.51434, 3.225],
							"size": [0.03125, 0.62132, 0.25],
							"pivot": [0, 1.825, 3.35],
							"rotation": [0, 0, 45],
							"uv": {
								"north": {"uv": [30, 18], "uv_size": [1, 1]},
								"east": {"uv": [20, 30], "uv_size": [1, 1]},
								"south": {"uv": [30, 20], "uv_size": [1, 1]},
								"west": {"uv": [30, 22], "uv_size": [1, 1]}
							}
						},
						{
							"origin": [0.71875, 1.51434, 3.225],
							"size": [0.03125, 0.62132, 0.25],
							"uv": {
								"north": {"uv": [24, 30], "uv_size": [1, 1]},
								"east": {"uv": [30, 24], "uv_size": [1, 1]},
								"south": {"uv": [26, 30], "uv_size": [1, 1]},
								"west": {"uv": [30, 26], "uv_size": [1, 1]}
							}
						},
						{
							"origin": [-0.75, 1.51434, 3.225],
							"size": [0.03125, 0.62132, 0.25],
							"pivot": [0, 1.825, 3.35],
							"rotation": [0, 0, 45],
							"uv": {
								"north": {"uv": [28, 30], "uv_size": [1, 1]},
								"east": {"uv": [30, 28], "uv_size": [1, 1]},
								"south": {"uv": [30, 30], "uv_size": [1, 1]},
								"west": {"uv": [31, 2], "uv_size": [1, 1]}
							}
						},
						{
							"origin": [-0.75, 1.51434, 3.225],
							"size": [0.03125, 0.62132, 0.25],
							"uv": {
								"north": {"uv": [6, 31], "uv_size": [1, 1]},
								"east": {"uv": [8, 31], "uv_size": [1, 1]},
								"south": {"uv": [31, 8], "uv_size": [1, 1]},
								"west": {"uv": [10, 31], "uv_size": [1, 1]}
							}
						},
						{
							"origin": [-0.16162, 1.0125, 3.475],
							"size": [0.32324, 0.125, 0.25],
							"pivot": [0, 1.825, 3.6],
							"rotation": [0, 0, -45],
							"uv": {
								"north": {"uv": [31, 10], "uv_size": [1, 1]},
								"south": {"uv": [12, 31], "uv_size": [1, 1]},
								"up": {"uv": [31, 12], "uv_size": [1, 1]},
								"down": {"uv": [14, 32], "uv_size": [1, -1]}
							}
						},
						{
							"origin": [-0.16162, 1.0125, 3.475],
							"size": [0.32324, 0.125, 0.25],
							"pivot": [0, 1.825, 3.6],
							"rotation": [0, 0, -22.5],
							"uv": {
								"north": {"uv": [16, 31], "uv_size": [1, 1]},
								"south": {"uv": [18, 31], "uv_size": [1, 1]},
								"up": {"uv": [22, 31], "uv_size": [1, 1]},
								"down": {"uv": [0, 33], "uv_size": [1, -1]}
							}
						},
						{
							"origin": [-0.16162, 1.0125, 3.475],
							"size": [0.32324, 0.125, 0.25],
							"uv": {
								"north": {"uv": [32, 0], "uv_size": [1, 1]},
								"south": {"uv": [2, 32], "uv_size": [1, 1]},
								"up": {"uv": [4, 32], "uv_size": [1, 1]},
								"down": {"uv": [32, 5], "uv_size": [1, -1]}
							}
						},
						{
							"origin": [-0.16162, 1.0125, 3.475],
							"size": [0.32324, 0.125, 0.25],
							"pivot": [0, 1.825, 3.6],
							"rotation": [0, 0, 22.5],
							"uv": {
								"north": {"uv": [32, 6], "uv_size": [1, 1]},
								"south": {"uv": [32, 14], "uv_size": [1, 1]},
								"up": {"uv": [32, 16], "uv_size": [1, 1]},
								"down": {"uv": [32, 19], "uv_size": [1, -1]}
							}
						},
						{
							"origin": [-0.16162, 1.0125, 3.475],
							"size": [0.32324, 0.125, 0.25],
							"pivot": [0, 1.825, 3.6],
							"rotation": [0, 0, 45],
							"uv": {
								"north": {"uv": [20, 32], "uv_size": [1, 1]},
								"south": {"uv": [32, 20], "uv_size": [1, 1]},
								"up": {"uv": [32, 22], "uv_size": [1, 1]},
								"down": {"uv": [24, 33], "uv_size": [1, -1]}
							}
						},
						{
							"origin": [-0.16162, 2.5125, 3.475],
							"size": [0.32324, 0.125, 0.25],
							"pivot": [0, 1.825, 3.6],
							"rotation": [0, 0, -45],
							"uv": {
								"north": {"uv": [32, 24], "uv_size": [1, 1]},
								"south": {"uv": [26, 32], "uv_size": [1, 1]},
								"up": {"uv": [32, 26], "uv_size": [1, 1]},
								"down": {"uv": [28, 33], "uv_size": [1, -1]}
							}
						},
						{
							"origin": [-0.16162, 2.5125, 3.475],
							"size": [0.32324, 0.125, 0.25],
							"pivot": [0, 1.825, 3.6],
							"rotation": [0, 0, -22.5],
							"uv": {
								"north": {"uv": [32, 28], "uv_size": [1, 1]},
								"south": {"uv": [30, 32], "uv_size": [1, 1]},
								"up": {"uv": [32, 30], "uv_size": [1, 1]},
								"down": {"uv": [32, 33], "uv_size": [1, -1]}
							}
						},
						{
							"origin": [-0.16162, 2.5125, 3.475],
							"size": [0.32324, 0.125, 0.25],
							"uv": {
								"north": {"uv": [33, 2], "uv_size": [1, 1]},
								"south": {"uv": [6, 33], "uv_size": [1, 1]},
								"up": {"uv": [8, 33], "uv_size": [1, 1]},
								"down": {"uv": [33, 9], "uv_size": [1, -1]}
							}
						},
						{
							"origin": [-0.16162, 2.5125, 3.475],
							"size": [0.32324, 0.125, 0.25],
							"pivot": [0, 1.825, 3.6],
							"rotation": [0, 0, 22.5],
							"uv": {
								"north": {"uv": [10, 33], "uv_size": [1, 1]},
								"south": {"uv": [33, 10], "uv_size": [1, 1]},
								"up": {"uv": [12, 33], "uv_size": [1, 1]},
								"down": {"uv": [33, 13], "uv_size": [1, -1]}
							}
						},
						{
							"origin": [-0.16162, 2.5125, 3.475],
							"size": [0.32324, 0.125, 0.25],
							"pivot": [0, 1.825, 3.6],
							"rotation": [0, 0, 45],
							"uv": {
								"north": {"uv": [14, 33], "uv_size": [1, 1]},
								"south": {"uv": [16, 33], "uv_size": [1, 1]},
								"up": {"uv": [18, 33], "uv_size": [1, 1]},
								"down": {"uv": [22, 34], "uv_size": [1, -1]}
							}
						},
						{
							"origin": [0.6875, 1.66338, 3.475],
							"size": [0.125, 0.32324, 0.25],
							"pivot": [0, 1.825, 3.6],
							"rotation": [0, 0, -22.5],
							"uv": {
								"north": {"uv": [0, 34], "uv_size": [1, 1]},
								"east": {"uv": [34, 0], "uv_size": [1, 1]},
								"south": {"uv": [2, 34], "uv_size": [1, 1]},
								"west": {"uv": [4, 34], "uv_size": [1, 1]}
							}
						},
						{
							"origin": [0.6875, 1.66338, 3.475],
							"size": [0.125, 0.32324, 0.25],
							"uv": {
								"north": {"uv": [34, 4], "uv_size": [1, 1]},
								"east": {"uv": [34, 6], "uv_size": [1, 1]},
								"south": {"uv": [34, 14], "uv_size": [1, 1]},
								"west": {"uv": [34, 16], "uv_size": [1, 1]}
							}
						},
						{
							"origin": [0.6875, 1.66338, 3.475],
							"size": [0.125, 0.32324, 0.25],
							"pivot": [0, 1.825, 3.6],
							"rotation": [0, 0, 22.5],
							"uv": {
								"north": {"uv": [34, 18], "uv_size": [1, 1]},
								"east": {"uv": [20, 34], "uv_size": [1, 1]},
								"south": {"uv": [34, 20], "uv_size": [1, 1]},
								"west": {"uv": [34, 22], "uv_size": [1, 1]}
							}
						},
						{
							"origin": [-0.8125, 1.66338, 3.475],
							"size": [0.125, 0.32324, 0.25],
							"pivot": [0, 1.825, 3.6],
							"rotation": [0, 0, -22.5],
							"uv": {
								"north": {"uv": [24, 34], "uv_size": [1, 1]},
								"east": {"uv": [34, 24], "uv_size": [1, 1]},
								"south": {"uv": [26, 34], "uv_size": [1, 1]},
								"west": {"uv": [34, 26], "uv_size": [1, 1]}
							}
						},
						{
							"origin": [-0.8125, 1.66338, 3.475],
							"size": [0.125, 0.32324, 0.25],
							"uv": {
								"north": {"uv": [28, 34], "uv_size": [1, 1]},
								"east": {"uv": [34, 28], "uv_size": [1, 1]},
								"south": {"uv": [30, 34], "uv_size": [1, 1]},
								"west": {"uv": [34, 30], "uv_size": [1, 1]}
							}
						},
						{
							"origin": [-0.8125, 1.66338, 3.475],
							"size": [0.125, 0.32324, 0.25],
							"pivot": [0, 1.825, 3.6],
							"rotation": [0, 0, 22.5],
							"uv": {
								"north": {"uv": [32, 34], "uv_size": [1, 1]},
								"east": {"uv": [34, 32], "uv_size": [1, 1]},
								"south": {"uv": [34, 34], "uv_size": [1, 1]},
								"west": {"uv": [35, 2], "uv_size": [1, 1]}
							}
						}
					]
				},
				{
					"name": "division",
					"pivot": [0.10625, 6.55, -26.825],
					"cubes": [
						{
							"origin": [-26.1875, -24.375, -101],
							"size": [52.375, 52.375, 0.25],
							"uv": {
								"south": {"uv": [128, 0], "uv_size": [128, 128]}
							}
						},
						{
							"origin": [-93.01875, -61.475, -101],
							"size": [66.85, 125.125, 0.25],
							"uv": {
								"south": {"uv": [128, 0], "uv_size": [1, 1]}
							}
						},
						{
							"origin": [25.85625, -61.15, -101],
							"size": [67.475, 124.7, 0.25],
							"uv": {
								"south": {"uv": [128, 0], "uv_size": [1, 1]}
							}
						},
						{
							"origin": [-27.04375, 27.25, -101],
							"size": [54.075, 36, 0.25],
							"uv": {
								"south": {"uv": [128, 0], "uv_size": [1, 1]}
							}
						},
						{
							"origin": [-27.04375, -61.0625, -101],
							"size": [54.075, 36.7375, 0.25],
							"uv": {
								"south": {"uv": [128, 0], "uv_size": [1, 1]}
							}
						}
					]
				},
				{
					"name": "division_illuminated",
					"parent": "division",
					"pivot": [0.3875, 6.55, -13],
					"cubes": [
						{
							"origin": [-1.50391, -5.64453, -101],
							"size": [3.125, 9.125, 0.25],
							"uv": {
								"south": {"uv": [74.125, 0], "uv_size": [32, 64]}
							}
						},
						{
							"origin": [-0.60937, -24.875, -101],
							"size": [1.26563, 19.82031, 0.29297],
							"uv": {
								"south": {"uv": [132.5, 3.875], "uv_size": [6.75, 16.375]}
							}
						},
						{
							"origin": [-1.11328, -24.75, -101],
							"size": [1.49219, 23.40625, 0.29297],
							"pivot": [0.05859, 1.625, 0],
							"rotation": [0, 0, 90],
							"uv": {
								"south": {"uv": [132.5, 3.875], "uv_size": [6.75, 16.375]}
							}
						},
						{
							"origin": [-0.26172, -24.75, -101],
							"size": [1.49219, 23.40625, 0.29297],
							"pivot": [0.05859, 1.625, 0],
							"rotation": [0, 0, -90],
							"uv": {
								"south": {"uv": [139.25, 3.875], "uv_size": [-6.75, 16.375]}
							}
						}
					]
				},
				{
					"name": "scope_view",
					"pivot": [0, 1.81875, 8.825]
				}
			]
		}
	]
}