{
  "model": "murasamet:ammo/powder_and_bullet",
  "texture": "murasamet:ammo/uv/powder_and_bullet",
  "slot": "murasamet:ammo/slot/powder_and_bullet",
  "shell": {
    "model": "murasamet:shell/powder_and_bullet_shell",
    "texture": "murasamet:shell/powder_and_bullet_shell"
  },
  "tracer_color": "#FF8888",
  "transform": {
    "scale": {
      "thirdperson": [
        0.6,
        0.6,
        0.6
      ],
      "ground": [
        0.6,
        0.6,
        0.6
      ],
      "fixed": [
        1.2,
        1.2,
        1.2
      ]
    }
  }
}