{
	"format_version": "1.8.0",
	"animations": {
		"static_idle": {
			"animation_length": 0.1,
			"bones": {
				"leftHand": {
					"rotation": [107.06948, -26.54246, -157.78735],
					"position": [8.4, -13.02, -11.32],
					"scale": [1, 1.5, 1]
				},
				"rightHand": {
					"rotation": [89.32102, 14.82897, -180.27891],
					"position": [-6.725, -13.3, -0.775],
					"scale": [1, 1.5, 1]
				},
				"constraint": {
					"rotation": [0.2, 0.2, 0.2],
					"position": [0.2, 0.2, 0.2]
				},
				"tongtiao": {
					"position": [5.5, -43.5, 0],
					"scale": 0
				},
				"bullets": {
					"position": [25.67857, 86.18875, 0.49191],
					"scale": 0
				},
				"powderbuttle": {
					"rotation": [92.5, 0, 0],
					"position": [0, -22.5, 0],
					"scale": 0
				},
				"bolt": {
					"rotation": [0, 0, 0],
					"position": [0, 0, 0]
				}
			}
		},
		"static_bolt_caught": {
			"loop": true,
			"animation_length": 0.1333,
			"bones": {
				"root": {
					"rotation": [0, 0, 0],
					"position": [0, 0, 0]
				},
				"rightHand": {
					"rotation": {
						"0.0": {
							"post": [89.32, 14.83, -180.28],
							"lerp_mode": "catmullrom"
						}
					},
					"position": {
						"0.0": {
							"post": [-6.72, -13.3, -0.77],
							"lerp_mode": "catmullrom"
						}
					},
					"scale": {
						"0.0": {
							"post": [1, 1.5, 1],
							"lerp_mode": "catmullrom"
						}
					}
				},
				"bullets": {
					"rotation": [0, 0, 0],
					"scale": 0
				},
				"powderbuttle": {
					"rotation": [0, 0, 0],
					"scale": 0
				},
				"bolt": {
					"rotation": [65, 0, 0]
				},
				"bone3": {
					"rotation": [150, 0, 0]
				},
				"leftHand": {
					"rotation": [107.06948, -26.54246, -157.78735],
					"position": [8.4, -13.02, -11.32],
					"scale": [1, 1.5, 1]
				},
				"camera": {
					"rotation": [0, 0, 0]
				},
				"tongtiao": {
					"scale": 0
				}
			}
		},
		"draw": {
			"animation_length": 0.5667,
			"bones": {
				"leftHand": {
					"rotation": [107.07, -26.54, -157.79],
					"position": [8.4, -13.02, -11.32],
					"scale": [1, 1.5, 1]
				},
				"rightHand": {
					"rotation": [89.32, 14.83, -180.28],
					"position": [-6.72, -13.3, -0.77],
					"scale": [1, 1.5, 1]
				},
				"root": {
					"rotation": {
						"0.0": [20.47, -26.69, 60.2],
						"0.0333": [19.08, -23.6, 53.31],
						"0.0667": [17.1, -19.1, 43.28],
						"0.1": [14.81, -14.06, 32.01],
						"0.1333": [12.46, -9.38, 21.41],
						"0.1667": [10.34, -5.93, 13.38],
						"0.2": [6.98, -3.07, 5.59],
						"0.2333": [3.73, -2.01, 1.41],
						"0.2667": [1.26, -1.39, -0.88],
						"0.3": [-0.82, -0.82, 1.83],
						"0.3333": [-0.8, -0.62, 1.57],
						"0.3667": [-0.54, -0.38, 0.89],
						"0.4": [-0.22, -0.15, 0.15],
						"0.4333": [0, 0, -0.33],
						"0.4667": [0.06, 0.06, -0.42],
						"0.5": [0.05, 0.05, -0.3],
						"0.5333": [0.02, 0.02, -0.12],
						"0.5667": [0, 0, 0]
					},
					"position": {
						"0.0": [0.8, -3.4, -0.3],
						"0.0333": [0.71, -3.06, -0.47],
						"0.0667": [0.57, -2.55, -0.73],
						"0.1": [0.42, -1.99, -1],
						"0.1333": [0.28, -1.46, -1.21],
						"0.1667": [0.18, -1.06, -1.27],
						"0.2": [0.09, -0.68, -0.96],
						"0.2333": [0.05, -0.49, -0.4],
						"0.2667": [0.02, -0.36, 0.07],
						"0.3": [0, -0.25, 0.53],
						"0.3333": [0, -0.19, 0.44],
						"0.3667": [0, -0.12, 0.25],
						"0.4": [0, -0.05, 0.05],
						"0.4333": [0, 0, -0.08],
						"0.4667": [0, 0.02, -0.11],
						"0.5": [0, 0.02, -0.08],
						"0.5333": [0, 0.01, -0.03],
						"0.5667": [0, 0, 0]
					}
				},
				"camera": {
					"rotation": {
						"0.0": [0, 0, 0],
						"0.0333": [0.19, -0.06, 0.07],
						"0.0667": [0.48, -0.15, 0.16],
						"0.1": [0.74, -0.24, 0.25],
						"0.1333": [0.85, -0.28, 0.28],
						"0.1667": [0.73, -0.24, 0.22],
						"0.2": [0.47, -0.15, 0.1],
						"0.2333": [0.18, -0.06, -0.02],
						"0.2667": [-0.01, 0, -0.09],
						"0.3": [-0.06, 0.02, -0.05],
						"0.3333": [-0.01, 0.01, 0.04],
						"0.3667": [0.03, 0, 0.1],
						"0.4": [0, 0, 0.05],
						"0.4333": [-0.03, 0, -0.02],
						"0.4667": [-0.03, 0, -0.02],
						"0.5": [-0.02, 0, -0.02],
						"0.5333": [-0.01, 0, -0.01],
						"0.5667": [0, 0, 0]
					}
				},
				"tongtiao": {
					"position": {
						"0.0": [0, -167, 0],
						"0.5667": [0, -123, 0]
					},
					"scale": 0
				},
				"powderbuttle": {
					"position": [0, -105.5, 0],
					"scale": 0
				},
				"bullets": {
					"scale": 0
				}
			},
			"sound_effects": {
				"0.0": {
					"effect": "p14_sh_charlie725_drop_rattle"
				}
			}
		},
		"put_away": {
			"animation_length": 0.5667,
			"bones": {
				"leftHand": {
					"rotation": [107.06948, -26.54246, -157.78735],
					"position": [8.4, -13.02, -11.32],
					"scale": [1, 1.5, 1]
				},
				"rightHand": {
					"rotation": [89.32102, 14.82897, -180.27891],
					"position": [-6.725, -13.3, -0.775],
					"scale": [1, 1.5, 1]
				},
				"root": {
					"rotation": {
						"0.0": [0, 0, 0],
						"0.0667": [-0.64, -1.66, -2.21],
						"0.1333": [0.03, -2.43, -0.72],
						"0.2": [1.76, -3.38, 2.24],
						"0.2667": [9.68, -6.52, 11.77],
						"0.3333": [12.78, -9.04, 10.02],
						"0.4": [15.94, -12.07, 6.29],
						"0.4667": [18.16, -14.25, 3.48]
					},
					"position": {
						"0.0": [0, 0, 0],
						"0.0667": [-0.45, -1.09, 0.28],
						"0.1333": [-0.67, -1.66, 0.31],
						"0.2": [-0.87, -2.39, 0.34],
						"0.2667": [-1.13, -4.82, 0.56],
						"0.3333": [-1.17, -6.42, 1.02],
						"0.4": [-1.17, -8.27, 1.62],
						"0.4667": [-1.17, -9.6, 2.05]
					}
				},
				"camera": {
					"rotation": {
						"0.0": [0, 0, 0],
						"0.0667": [0.13, 0, -0.09],
						"0.1333": [0.3, 0, -0.12],
						"0.2": [0.5, 0, 0.09],
						"0.2667": [0.64, 0, 0.3],
						"0.3333": [0.62, 0, 0.26],
						"0.4": [0.5, 0, 0.15],
						"0.4667": [0.24, 0, 0.07],
						"0.5333": [0, 0, 0]
					}
				},
				"tongtiao": {
					"position": [0, -96.5, 0],
					"scale": 0
				},
				"powderbuttle": {
					"position": [0, -79, 0],
					"scale": 0
				},
				"bullets": {
					"scale": 0
				}
			}
		},
		"inspect": {
			"animation_length": 4.0667,
			"bones": {
				"leftHand": {
					"rotation": {
						"0.0": [107.06948, -26.54246, -157.78735],
						"1.1333": [107.07, -26.54, -157.79],
						"1.3333": [91.62898, -16.48641, -172.89502],
						"1.8667": [91.62898, -16.48641, -172.89502],
						"2.0667": [85.77776, -26.22142, -159.81654],
						"2.2": [96.97785, -38.2588, -146.18081],
						"2.3667": [49.27838, -56.6008, -87.32396],
						"3.1667": [49.27838, -56.6008, -87.32396],
						"3.3333": [107.14992, -38.3141, -152.50546],
						"3.5": [107.06948, -26.54246, -157.78735]
					},
					"position": {
						"0.0": [6.9, -13.02, -11.32],
						"1.1333": [6.9, -13.02, -11.32],
						"1.3333": [7.825, -11.845, -11.195],
						"1.8667": [7.825, -11.845, -11.195],
						"2.0667": [7.825, -11.845, -11.195],
						"2.2": [7.63, -12.12, -11.7],
						"2.3667": [6.87, -13.2, -13.7],
						"3.1667": [6.87, -13.2, -13.7],
						"3.3333": [8.42919, -13.21888, -11.86545],
						"3.5": [6.9, -13.02, -11.32]
					},
					"scale": [1, 1.5, 1]
				},
				"rightHand": {
					"rotation": {
						"0.0": [89.32102, 14.82897, -180.27891],
						"2.2": [89.32102, 14.82897, -180.27891],
						"2.5": [28.1937, -15.11724, -51.07244],
						"3.2": [28.1937, -15.11724, -51.07244],
						"3.7": [89.32102, 14.82897, -180.27891]
					},
					"position": {
						"0.0": [-6.725, -13.3, -0.775],
						"2.2": [-6.725, -13.3, -0.775],
						"2.5": [-5.52, -11.775, 0.83],
						"3.2": [-5.52, -11.775, 0.83],
						"3.7": [-6.725, -13.3, -0.775]
					},
					"scale": {
						"0.0": [1, 1.5, 1],
						"3.7": [1, 1.5, 1]
					}
				},
				"root": {
					"rotation": {
						"0.0": [0, 0, 0],
						"0.0333": [-0.33, -0.53, 0.73],
						"0.0667": [-0.4, -1.26, 1.78],
						"0.1": [-1.05, -2.13, 2.97],
						"0.1333": [-3.12, -3.07, 4.11],
						"0.1667": [-7.48, -4, 5],
						"0.2": [-12.01, -4.63, 5.41],
						"0.2333": [-18.05, -5.35, 5.77],
						"0.2667": [-25.09, -6.11, 6.08],
						"0.3": [-32.63, -6.88, 6.34],
						"0.3333": [-40.18, -7.6, 6.57],
						"0.3667": [-47.22, -8.24, 6.77],
						"0.4": [-53.26, -8.74, 6.93],
						"0.4333": [-57.79, -9.07, 7.08],
						"0.4667": [-62.85, -9.08, 7.25],
						"0.5": [-64.68, -8.52, 7.27],
						"0.5333": [-64.95, -7.87, 7.23],
						"0.5667": [-65.33, -7.61, 7.2],
						"0.6": [-65.77, -7.76, 7.2],
						"0.6333": [-65.99, -8.07, 7.19],
						"0.6667": [-66.05, -8.47, 7.18],
						"0.7": [-66, -8.9, 7.17],
						"0.7333": [-65.89, -9.31, 7.15],
						"0.7667": [-65.78, -9.65, 7.14],
						"0.8": [-65.72, -9.84, 7.13],
						"0.8333": [-65.69, -9.88, 7.12],
						"0.8667": [-65.63, -9.83, 7.11],
						"0.9": [-65.54, -9.74, 7.09],
						"0.9333": [-65.45, -9.6, 7.07],
						"0.9667": [-65.35, -9.45, 7.06],
						"1.0": [-65.25, -9.3, 7.05],
						"1.0333": [-65.16, -9.18, 7.05],
						"1.0667": [-65.1, -9.09, 7.06],
						"1.1": [-65.06, -9.07, 7.08],
						"1.1333": [-65.06, -9.13, 7.14],
						"1.1667": [-65.09, -9.24, 7.23],
						"1.2": [-65.15, -9.4, 7.34],
						"1.2333": [-65.22, -9.58, 7.45],
						"1.2667": [-65.29, -9.77, 7.55],
						"1.3": [-65.34, -9.95, 7.63],
						"1.3333": [-65.37, -10.1, 7.67],
						"1.3667": [-65.37, -10.26, 7.65],
						"1.4": [-65.36, -10.42, 7.58],
						"1.4333": [-65.33, -10.57, 7.48],
						"1.4667": [-65.3, -10.71, 7.37],
						"1.5": [-65.26, -10.84, 7.3],
						"1.5333": [-65.23, -10.94, 7.27],
						"1.5667": [-65.21, -11, 7.29],
						"1.6": [-65.21, -11.03, 7.33],
						"1.6333": [-65.21, -11.06, 7.39],
						"1.6667": [-65.2, -11.08, 7.46],
						"1.7": [-65.18, -11.09, 7.54],
						"1.7333": [-65.15, -11.11, 7.62],
						"1.7667": [-65.09, -11.14, 7.69],
						"1.8": [-64.99, -11.19, 7.75],
						"1.8333": [-64.84, -11.14, 7.87],
						"1.8667": [-64.68, -10.99, 7.98],
						"1.9": [-64.29, -11.11, 8.09],
						"1.9333": [-63.45, -11.83, 8.16],
						"1.9667": [-62.15, -13.31, 8.31],
						"2.0": [-60.49, -15.34, 8.52],
						"2.0333": [-58.42, -17.73, 8.54],
						"2.0667": [-55.89, -20.28, 8.16],
						"2.1": [-53.39, -22.54, 7.47],
						"2.1333": [-50.78, -24.73, 6.56],
						"2.1667": [-47.06, -27.74, 5.11],
						"2.2": [-41.25, -32.43, 2.81],
						"2.2333": [-36.99, -35.86, 1.12],
						"2.2667": [-31.66, -40.13, -1.03],
						"2.3": [-25.63, -44.94, -3.46],
						"2.3333": [-19.29, -50, -6.03],
						"2.3667": [-13.01, -55.02, -8.57],
						"2.4": [-7.17, -59.7, -10.92],
						"2.4333": [-2.15, -63.75, -12.91],
						"2.4667": [1.68, -66.86, -14.39],
						"2.5": [6.08, -70.58, -15.92],
						"2.5333": [7.78, -72.19, -16.24],
						"2.5667": [8.1, -72.75, -16.01],
						"2.6": [8.38, -73.31, -15.89],
						"2.6333": [8.52, -74.08, -15.91],
						"2.6667": [7.79, -74.22, -15.72],
						"2.7": [7.29, -74.14, -15.55],
						"2.7333": [7.31, -74.04, -15.47],
						"2.7667": [7.4, -73.83, -15.35],
						"2.8": [7.54, -73.57, -15.23],
						"2.8333": [7.73, -73.3, -15.15],
						"2.8667": [7.95, -73.1, -15.16],
						"2.9": [8.19, -73, -15.3],
						"2.9333": [8.2, -72.99, -15.34],
						"2.9667": [8.1, -72.97, -15.32],
						"3.0": [7.91, -72.94, -15.25],
						"3.0333": [7.65, -72.91, -15.16],
						"3.0667": [7.36, -72.88, -15.05],
						"3.1": [7.06, -72.86, -14.95],
						"3.1333": [6.78, -72.85, -14.87],
						"3.1667": [6.56, -72.85, -14.83],
						"3.3333": [0.9, -9.14, 2.28],
						"3.3667": [0.6, -8.27, 3.18],
						"3.4": [0.23, -7.15, 2.35],
						"3.4333": [-0.29, -5.72, 0.79],
						"3.4667": [-0.75, -4.31, -0.88],
						"3.5": [-0.93, -3.22, -2.01],
						"3.5333": [-0.48, -2.49, -2.45],
						"3.5667": [0.34, -2.15, -2.32],
						"3.6": [0.84, -1.75, -2.07],
						"3.6333": [0.4, -0.66, -1.71],
						"3.6667": [-0.25, 0.25, -1.06],
						"3.7": [-0.3, 0.39, 0.16],
						"3.7333": [-0.19, 0.25, 1.12],
						"3.7667": [-0.09, 0.13, 0.69],
						"3.8": [0, 0, 0],
						"3.8333": [0.01, -0.02, -0.07],
						"3.8667": [0.01, -0.02, -0.08],
						"3.9": [0.01, -0.01, -0.05],
						"3.9333": [0, 0, -0.02],
						"3.9667": [0, 0, 0]
					},
					"position": {
						"0.0": [0, 0, 0],
						"0.0333": [-0.07, -0.37, -0.21],
						"0.0667": [-0.17, -0.9, -0.52],
						"0.1": [-0.25, -1.49, -0.83],
						"0.1333": [-0.28, -2.03, -1.04],
						"0.1667": [-0.22, -2.38, -1.1],
						"0.2": [-0.13, -2.7, -1.1],
						"0.2333": [-0.01, -3.02, -1.07],
						"0.2667": [0.11, -3.39, -1.02],
						"0.3": [0.22, -3.86, -0.99],
						"0.3333": [0.34, -4.69, -0.96],
						"0.3667": [0.45, -5.7, -0.92],
						"0.4": [0.55, -6.67, -0.88],
						"0.4333": [0.62, -7.39, -0.85],
						"0.4667": [0.66, -7.83, -0.84],
						"0.5": [0.66, -7.95, -0.84],
						"0.5333": [0.65, -7.98, -0.84],
						"0.5667": [0.65, -7.99, -0.84],
						"0.6": [0.64, -7.95, -0.84],
						"0.6333": [0.63, -7.88, -0.85],
						"0.6667": [0.63, -7.82, -0.85],
						"0.7": [0.62, -7.78, -0.85],
						"0.7333": [0.62, -7.77, -0.85],
						"0.7667": [0.62, -7.77, -0.85],
						"0.8": [0.62, -7.78, -0.85],
						"0.8333": [0.62, -7.79, -0.85],
						"0.8667": [0.62, -7.8, -0.85],
						"0.9": [0.62, -7.8, -0.85],
						"0.9333": [0.62, -7.8, -0.85],
						"0.9667": [0.62, -7.79, -0.85],
						"1.0": [0.62, -7.77, -0.85],
						"1.0333": [0.62, -7.77, -0.85],
						"1.0667": [0.62, -7.77, -0.85],
						"1.1": [0.62, -7.79, -0.85],
						"1.1333": [0.63, -7.87, -0.86],
						"1.1667": [0.63, -8.01, -0.87],
						"1.2": [0.64, -8.12, -0.88],
						"1.2333": [0.65, -8.15, -0.9],
						"1.2667": [0.66, -8.04, -0.92],
						"1.3": [0.67, -7.84, -0.94],
						"1.3333": [0.68, -7.63, -0.96],
						"1.3667": [0.69, -7.5, -0.98],
						"1.4": [0.7, -7.47, -0.99],
						"1.4333": [0.7, -7.48, -1.01],
						"1.4667": [0.71, -7.51, -1.02],
						"1.5": [0.72, -7.55, -1.03],
						"1.5333": [0.72, -7.58, -1.04],
						"1.5667": [0.72, -7.59, -1.04],
						"1.6": [0.72, -7.6, -1.04],
						"1.6333": [0.72, -7.6, -1.04],
						"1.6667": [0.72, -7.61, -1.04],
						"1.7": [0.72, -7.61, -1.04],
						"1.7333": [0.71, -7.62, -1.04],
						"1.7667": [0.71, -7.61, -1.03],
						"1.8": [0.71, -7.6, -1.03],
						"1.8333": [0.7, -7.59, -1.02],
						"1.8667": [0.7, -7.58, -1.02],
						"1.9": [0.69, -7.58, -1.02],
						"1.9333": [0.69, -7.61, -1.03],
						"1.9667": [0.68, -7.66, -1.06],
						"2.0": [0.68, -7.77, -1.11],
						"2.0333": [0.71, -8.07, -1.24],
						"2.0667": [0.8, -8.79, -1.49],
						"2.1": [0.92, -9.71, -1.82],
						"2.1333": [1.01, -10.21, -2.11],
						"2.1667": [1.12, -10.01, -2.42],
						"2.2": [1.1, -8.66, -2.64],
						"2.2333": [1.03, -7.9, -2.68],
						"2.2667": [0.93, -6.9, -2.71],
						"2.3": [0.8, -5.76, -2.74],
						"2.3333": [0.67, -4.57, -2.76],
						"2.3667": [0.54, -3.42, -2.77],
						"2.4": [0.44, -2.42, -2.78],
						"2.4333": [0.37, -1.66, -2.79],
						"2.4667": [0.33, -0.85, -2.8],
						"2.5": [0.37, -0.44, -2.81],
						"2.5333": [0.42, -0.24, -2.8],
						"2.5667": [0.43, -0.05, -2.8],
						"2.6": [0.39, 0.1, -2.8],
						"2.6333": [0.33, 0.19, -2.79],
						"2.6667": [0.26, 0.23, -2.79],
						"2.7": [0.2, 0.27, -2.79],
						"2.7333": [0.17, 0.32, -2.78],
						"2.7667": [0.18, 0.36, -2.78],
						"2.8": [0.19, 0.4, -2.77],
						"2.8333": [0.22, 0.44, -2.77],
						"2.8667": [0.25, 0.48, -2.76],
						"2.9": [0.28, 0.52, -2.76],
						"2.9333": [0.31, 0.56, -2.75],
						"2.9667": [0.34, 0.58, -2.75],
						"3.0": [0.36, 0.61, -2.75],
						"3.0333": [0.37, 0.62, -2.75],
						"3.0667": [0.38, 0.63, -2.74],
						"3.1": [0.39, 0.63, -2.74],
						"3.1333": [0.39, 0.63, -2.73],
						"3.1667": [0.39, 0.63, -2.73],
						"3.3333": [1.36, -2.44, -1.93],
						"3.3667": [1.14, -2.03, -1.65],
						"3.4": [0.9, -1.71, -1.56],
						"3.4333": [0.64, -1.63, -2.06],
						"3.4667": [0.37, -1.65, -2.75],
						"3.5": [0.16, -1.55, -2.84],
						"3.5333": [0.07, -1.29, -2.06],
						"3.5667": [0.03, -0.92, -0.76],
						"3.6": [0.01, -0.55, 0.53],
						"3.6333": [0, -0.28, 1.28],
						"3.6667": [-0.02, -0.1, 0.68],
						"3.7": [-0.01, -0.08, -0.4],
						"3.7333": [-0.01, -0.06, -0.45],
						"3.7667": [-0.01, -0.04, -0.33],
						"3.8": [0, -0.04, -0.16],
						"3.8333": [0, -0.03, -0.04],
						"3.8667": [0, -0.02, -0.01],
						"3.9": [0, -0.02, 0],
						"3.9333": [0, -0.01, 0],
						"3.9667": [0, 0, 0],
						"4.0": [0, 0, 0]
					}
				},
				"camera": {
					"rotation": {
						"0.0": [0, 0, 0],
						"0.0333": [0.06, -0.01, 0],
						"0.0667": [0.19, -0.02, -0.01],
						"0.1": [0.32, -0.03, -0.01],
						"0.1333": [0.39, -0.05, -0.01],
						"0.1667": [0.36, -0.1, -0.01],
						"0.2": [0.16, -0.17, 0],
						"0.2333": [-0.22, -0.28, 0.02],
						"0.2667": [-0.77, -0.42, 0.04],
						"0.3": [-1.42, -0.58, 0.07],
						"0.3333": [-2.11, -0.75, 0.09],
						"0.3667": [-2.76, -0.91, 0.13],
						"0.4": [-3.3, -1.05, 0.15],
						"0.4333": [-3.66, -1.16, 0.18],
						"0.4667": [-3.84, -1.25, 0.23],
						"0.5": [-3.66, -1.28, 0.28],
						"0.5333": [-3.39, -1.28, 0.32],
						"0.5667": [-3.26, -1.29, 0.35],
						"0.6": [-3.31, -1.31, 0.36],
						"0.6333": [-3.42, -1.33, 0.36],
						"0.6667": [-3.55, -1.34, 0.36],
						"0.7": [-3.69, -1.35, 0.36],
						"0.7333": [-3.8, -1.35, 0.35],
						"0.7667": [-3.85, -1.33, 0.35],
						"0.8": [-3.87, -1.31, 0.35],
						"0.8333": [-3.9, -1.3, 0.35],
						"0.8667": [-3.92, -1.27, 0.35],
						"0.9": [-3.94, -1.25, 0.35],
						"0.9333": [-3.94, -1.22, 0.35],
						"0.9667": [-3.92, -1.19, 0.35],
						"1.0": [-3.88, -1.14, 0.35],
						"1.0333": [-3.8, -1.1, 0.35],
						"1.0667": [-3.68, -1.04, 0.35],
						"1.1": [-3.51, -0.98, 0.35],
						"1.1333": [-3.3, -0.91, 0.35],
						"1.1667": [-3.02, -0.83, 0.35],
						"1.2": [-2.7, -0.73, 0.35],
						"1.2333": [-2.34, -0.63, 0.35],
						"1.2667": [-1.96, -0.53, 0.35],
						"1.3": [-1.57, -0.42, 0.35],
						"1.3333": [-1.19, -0.32, 0.35],
						"1.3667": [-0.82, -0.22, 0.35],
						"1.4": [-0.49, -0.13, 0.35],
						"1.4333": [-0.2, -0.06, 0.35],
						"1.4667": [0.04, 0, 0.35],
						"1.5": [0.19, 0.03, 0.35],
						"1.5333": [0.31, 0.06, 0.35],
						"1.5667": [0.42, 0.08, 0.35],
						"1.6": [0.51, 0.1, 0.35],
						"1.6333": [0.58, 0.1, 0.35],
						"1.6667": [0.65, 0.11, 0.35],
						"1.7": [0.7, 0.11, 0.35],
						"1.7333": [0.74, 0.11, 0.35],
						"1.7667": [0.78, 0.11, 0.35],
						"1.8": [0.81, 0.1, 0.35],
						"1.8333": [0.84, 0.1, 0.35],
						"1.8667": [0.87, 0.09, 0.35],
						"1.9": [0.9, 0.09, 0.35],
						"1.9333": [0.94, 0.09, 0.35],
						"1.9667": [1.14, 0, 0.35],
						"2.0": [1.32, -0.1, 0.35],
						"2.0333": [1.56, -0.22, 0.34],
						"2.0667": [1.85, -0.35, 0.33],
						"2.1": [2.17, -0.5, 0.32],
						"2.1333": [2.49, -0.67, 0.32],
						"2.1667": [2.81, -0.86, 0.31],
						"2.2": [3.1, -1.09, 0.32],
						"2.2333": [3.35, -1.34, 0.33],
						"2.2667": [3.54, -1.63, 0.36],
						"2.3": [3.72, -2.18, 0.41],
						"2.3333": [3.8, -2.88, 0.49],
						"2.3667": [3.83, -3.63, 0.58],
						"2.4": [3.84, -4.37, 0.69],
						"2.4333": [3.86, -5.03, 0.79],
						"2.4667": [3.93, -5.52, 0.9],
						"2.5": [4.09, -5.93, 1.03],
						"2.5333": [4.3, -6.22, 1.16],
						"2.5667": [4.52, -6.38, 1.3],
						"2.6": [4.7, -6.41, 1.45],
						"2.6333": [4.81, -6.29, 1.62],
						"2.6667": [4.81, -6.17, 1.71],
						"2.7": [4.8, -6.01, 1.81],
						"2.7333": [4.76, -5.8, 1.93],
						"2.7667": [4.72, -5.56, 2.05],
						"2.8": [4.66, -5.3, 2.17],
						"2.8333": [4.6, -5.01, 2.29],
						"2.8667": [4.54, -4.72, 2.41],
						"2.9": [4.49, -4.42, 2.51],
						"2.9333": [4.46, -4.12, 2.59],
						"2.9667": [4.44, -3.84, 2.66],
						"3.0": [4.45, -3.58, 2.69],
						"3.0333": [4.48, -3.4, 2.71],
						"3.0667": [4.52, -3.22, 2.71],
						"3.1": [4.59, -3.04, 2.7],
						"3.1333": [4.66, -2.85, 2.68],
						"3.1667": [4.75, -2.67, 2.65],
						"3.3333": [2.32, 1.11, -2.26],
						"3.3667": [2.34, 0.98, -2.21],
						"3.4": [2.33, 0.83, -2.06],
						"3.4333": [2.13, 0.68, -1.79],
						"3.4667": [1.72, 0.54, -1.42],
						"3.5": [1.14, 0.38, -0.89],
						"3.5333": [0.52, 0.23, -0.34],
						"3.5667": [-0.02, 0.09, 0.13],
						"3.6": [-0.36, 0, 0.41],
						"3.6333": [-0.35, -0.05, 0.31],
						"3.6667": [-0.01, -0.03, -0.12],
						"3.7": [0.24, 0, -0.41],
						"3.7333": [0.24, 0, -0.35],
						"3.7667": [0.16, 0, -0.18],
						"3.8": [0.06, 0, 0.02],
						"3.8333": [0, 0, 0.14],
						"3.8667": [-0.02, 0, 0.15],
						"3.9": [-0.02, 0, 0.12],
						"3.9333": [-0.01, 0, 0.08],
						"3.9667": [0, 0, 0.03],
						"4.0": [0, 0, 0]
					}
				},
				"tongtiao": {
					"position": [0, -246.5, 0],
					"scale": 0
				},
				"powderbuttle": {
					"position": [0, -1222, 0],
					"scale": 0
				},
				"bullets": {
					"scale": 0
				}
			},
			"sound_effects": {
				"0.0": {
					"effect": "p14_sh_charlie725_inspect_raise"
				},
				"1.1667": {
					"effect": "p14_sh_charlie725_inspect_rattle"
				},
				"1.9": {
					"effect": "p14_sh_charlie725_inspect_grab"
				},
				"3.4": {
					"effect": "p14_sh_charlie725_inspect_end"
				}
			}
		},
		"reload_empty": {
			"animation_length": 12.9,
			"bones": {
				"leftHand": {
					"rotation": [107.06948, -26.54246, -157.78735],
					"position": [8.4, -13.02, -11.32],
					"scale": [1, 1.5, 1]
				},
				"rightHand": {
					"rotation": {
						"0.0": {
							"post": [89.32, 14.83, -180.28],
							"lerp_mode": "catmullrom"
						},
						"0.1333": {
							"post": [94.38925, 9.8162, -179.77796],
							"lerp_mode": "catmullrom"
						},
						"0.2667": {
							"post": [97.07, 9.82, -179.78],
							"lerp_mode": "catmullrom"
						},
						"0.4667": {
							"post": [106.88925, 9.8162, -179.77796],
							"lerp_mode": "catmullrom"
						},
						"0.6": {
							"post": [101.89, 9.82, -179.78],
							"lerp_mode": "catmullrom"
						},
						"0.7667": {
							"post": [63.44957, 9.82, -179.78],
							"lerp_mode": "catmullrom"
						},
						"1.1333": {
							"post": [28.44957, 9.82, -179.78],
							"lerp_mode": "catmullrom"
						},
						"1.4667": {
							"post": [95.95, 9.82, -179.78],
							"lerp_mode": "catmullrom"
						},
						"1.7": {
							"post": [95.63121, -10.005, -60.78491],
							"lerp_mode": "catmullrom"
						},
						"2.0667": {
							"post": [94.17298, -10.6847, -52.67744],
							"lerp_mode": "catmullrom"
						},
						"2.4333": {
							"post": [104.17645, 31.16007, -155.26854],
							"lerp_mode": "catmullrom"
						},
						"2.5333": {
							"post": [103.94366, 33.2467, -154.72333],
							"lerp_mode": "catmullrom"
						},
						"2.6": {
							"post": [103.94366, 33.2467, -154.72333],
							"lerp_mode": "catmullrom"
						},
						"2.6333": [103.66671, 32.76529, -154.44716],
						"2.6667": [102.36819, 30.50808, -153.15226],
						"2.7": [99.74798, 25.95337, -150.53935],
						"2.7333": [98.44946, 23.69616, -149.24444],
						"2.7667": [98.17251, 23.21475, -148.96827],
						"2.8": [98.10826, 23.45465, -147.36821],
						"2.8333": [97.87059, 24.34203, -141.71132],
						"2.8667": [97.43126, 25.98237, -130.87613],
						"2.9": [96.99192, 27.62272, -116.02701],
						"2.9333": [96.75425, 28.51009, -101.83679],
						"2.9667": [96.69, 28.75, -91.54],
						"3.0": [96.81378, 28.8289, -81.87665],
						"3.0333": [97.27164, 29.12072, -70.76747],
						"3.0667": [98.11799, 29.66017, -63.97616],
						"3.1": [98.96435, 30.19962, -65.04239],
						"3.1333": [99.4222, 30.49144, -71.7843],
						"3.1667": [99.54598, 30.57034, -81.79044],
						"3.2": [99.9464, 30.52827, -87.7553],
						"3.2333": [100.56684, 30.4631, -90.54661],
						"3.2667": [101.25564, 30.39074, -92.27262],
						"3.3": [101.98158, 30.31448, -93.40795],
						"3.3333": [102.7313, 30.23572, -94.1505],
						"3.3667": [103.498, 30.15518, -94.61189],
						"3.4": [104.27731, 30.07331, -94.85493],
						"3.4333": [105.06649, 29.99041, -94.92624],
						"3.4667": [105.86348, 29.90668, -94.85403],
						"3.5": [106.66686, 29.82229, -94.66201],
						"3.6667": [110.74664, 29.39371, -92.39438],
						"3.9667": [118.19381, 28.61139, -85.02151],
						"4.4": [128.68593, 27.50919, -70.83369],
						"4.5333": [131.47083, 27.21664, -66.50251],
						"4.5667": {
							"pre": [131.87125, 27.17457, -65.85357],
							"post": [131.87125, 27.17457, -65.85357],
							"lerp_mode": "catmullrom"
						},
						"4.7": {
							"post": [83.17342, 20.56876, -146.71457],
							"lerp_mode": "catmullrom"
						},
						"5.1667": {
							"post": [-34.76608, 12.00235, -170.10553],
							"lerp_mode": "catmullrom"
						},
						"5.5": {
							"post": [-34.76608, 12.00235, -170.10553],
							"lerp_mode": "catmullrom"
						},
						"5.9333": {
							"post": [131.87125, 27.17457, -65.85357],
							"lerp_mode": "catmullrom"
						},
						"6.5333": {
							"post": [136.33731, 30.68529, -61.78604],
							"lerp_mode": "catmullrom"
						},
						"6.7333": {
							"post": [115.38195, 14.48559, -72.28787],
							"lerp_mode": "catmullrom"
						},
						"7.0": {
							"post": [115.38, 14.49, -72.29],
							"lerp_mode": "catmullrom"
						},
						"7.3": {
							"post": [242.10322, -11.21488, -33.28973],
							"lerp_mode": "catmullrom"
						},
						"7.4333": {
							"post": [242.10322, -11.21488, -33.28973],
							"lerp_mode": "catmullrom"
						},
						"7.7667": {
							"post": [115.38, 14.49, -72.29],
							"lerp_mode": "catmullrom"
						},
						"7.9667": {
							"post": [115.38, 14.49, -72.29],
							"lerp_mode": "catmullrom"
						},
						"8.1": {
							"post": [143.61751, 24.60657, -14.65057],
							"lerp_mode": "catmullrom"
						},
						"8.4": {
							"post": [143.62, 24.61, -14.65],
							"lerp_mode": "catmullrom"
						},
						"8.6667": {
							"post": [143.62, 24.61, -14.65],
							"lerp_mode": "catmullrom"
						},
						"9.2333": {
							"post": [143.62, 24.61, -14.65],
							"lerp_mode": "catmullrom"
						},
						"9.7": {
							"post": [121.29946, 2.56994, -50.02942],
							"lerp_mode": "catmullrom"
						},
						"9.9": {
							"post": [123.45679, -26.04291, -24.96555],
							"lerp_mode": "catmullrom"
						},
						"10.1": {
							"post": [112.81743, -35.5882, -4.42926],
							"lerp_mode": "catmullrom"
						},
						"10.4667": {
							"post": [101.3, -26.91, 2.29],
							"lerp_mode": "catmullrom"
						},
						"10.6333": {
							"post": [77.29411, -20.68244, 5.16741],
							"lerp_mode": "catmullrom"
						},
						"10.8": {
							"post": [67.81225, -15.90345, 7.05851],
							"lerp_mode": "catmullrom"
						},
						"11.0667": {
							"post": [88.69418, -14.78898, 7.47797],
							"lerp_mode": "catmullrom"
						},
						"11.5": {
							"post": [69.66, -15.51, 7.21],
							"lerp_mode": "catmullrom"
						},
						"11.8667": {
							"post": [46.53065, -18.81173, 23.72635],
							"lerp_mode": "catmullrom"
						},
						"12.4333": {
							"post": [89.32, 14.83, -180.28],
							"lerp_mode": "catmullrom"
						}
					},
					"position": {
						"0.0": {
							"post": [-6.72, -13.3, -0.77],
							"lerp_mode": "catmullrom"
						},
						"0.1333": {
							"post": [-9.50348, -11.04309, -6.74986],
							"lerp_mode": "catmullrom"
						},
						"0.2667": {
							"post": [-9.53, -10.8, -6.47],
							"lerp_mode": "catmullrom"
						},
						"0.4667": {
							"post": [-9.64997, -9.91877, -5.46471],
							"lerp_mode": "catmullrom"
						},
						"0.6": {
							"post": [-10.60999, -11.09586, 0.06009],
							"lerp_mode": "catmullrom"
						},
						"0.7667": {
							"post": [-14.49067, -21.91064, 4.65026],
							"lerp_mode": "catmullrom"
						},
						"1.1333": {
							"post": [-20.0839, -32.97177, 7.406],
							"lerp_mode": "catmullrom"
						},
						"1.5": {
							"post": [-15.58, -14.47, -7.09],
							"lerp_mode": "catmullrom"
						},
						"1.6333": {
							"post": [-17.75, -6.84, -8.92],
							"lerp_mode": "catmullrom"
						},
						"1.7": {
							"post": [-15.08, -3.02, -9.84],
							"lerp_mode": "catmullrom"
						},
						"2.0667": {
							"post": [-13.98, -1.87, -9.84],
							"lerp_mode": "catmullrom"
						},
						"2.2": {
							"post": [-15.08, -3.02, -9.84],
							"lerp_mode": "catmullrom"
						},
						"2.4333": {
							"post": [-11.31, -12.09, -11.42],
							"lerp_mode": "catmullrom"
						},
						"2.5333": {
							"post": [-11.07, -11.49, -7.3],
							"lerp_mode": "catmullrom"
						},
						"2.6": {
							"post": [-11.07, -11.49, -7.3],
							"lerp_mode": "catmullrom"
						},
						"2.7": {
							"post": [-21.22, -9.73, -21.42],
							"lerp_mode": "catmullrom"
						},
						"2.9333": {
							"post": [-17.45, -8.67, -29.82],
							"lerp_mode": "catmullrom"
						},
						"3.2333": {
							"post": [-15.57, -8.49, -32.3],
							"lerp_mode": "catmullrom"
						},
						"4.6333": {
							"post": [-12.57, -9.49, -35.8],
							"lerp_mode": "catmullrom"
						},
						"5.0667": {
							"post": [-17.57, -8.49, 3.7],
							"lerp_mode": "catmullrom"
						},
						"5.4": {
							"post": [-17.57, -8.49, 3.7],
							"lerp_mode": "catmullrom"
						},
						"5.8333": {
							"post": [-8.42, -5.44, -31.8],
							"lerp_mode": "catmullrom"
						},
						"6.4667": {
							"post": [-8.42, -6.34, -33],
							"lerp_mode": "catmullrom"
						},
						"6.6333": {
							"post": [-8.42, -5.44, -31.15],
							"lerp_mode": "catmullrom"
						},
						"6.8": {
							"post": [-8.42, -8.19, -30.2],
							"lerp_mode": "catmullrom"
						},
						"6.9333": {
							"post": [-8.42, -8.07925, -25.70307],
							"lerp_mode": "catmullrom"
						},
						"7.0667": {
							"post": [-8.42, -8.19, -29.7],
							"lerp_mode": "catmullrom"
						},
						"7.3": {
							"post": [-14.42, -8.19, 0.3],
							"lerp_mode": "catmullrom"
						},
						"7.4333": {
							"post": [-14.42, -8.19, 0.3],
							"lerp_mode": "catmullrom"
						},
						"7.7667": {
							"post": [-10.92, -4.79, -37.05],
							"lerp_mode": "catmullrom"
						},
						"7.9667": {
							"post": [-10.92, -4.79, -46.55],
							"lerp_mode": "catmullrom"
						},
						"8.1": {
							"post": [-9.95231, -5.77534, -49.04303],
							"lerp_mode": "catmullrom"
						},
						"8.4": {
							"post": [-5.95, -12.28, -55.54],
							"lerp_mode": "catmullrom"
						},
						"8.6667": {
							"post": [-6.55, -12.28, -34.54],
							"lerp_mode": "catmullrom"
						},
						"8.7333": {
							"post": [-5.99, -12.23972, -35.51001],
							"lerp_mode": "catmullrom"
						},
						"8.8667": {
							"post": [-6.3118, -12.66314, -42.4313],
							"lerp_mode": "catmullrom"
						},
						"8.9667": {
							"post": [-6.75867, -13.10461, -37.4597],
							"lerp_mode": "catmullrom"
						},
						"9.0667": {
							"post": [-6.76, -12.8475, -34.19102],
							"lerp_mode": "catmullrom"
						},
						"9.2333": {
							"post": [-6.4, -12.28189, -55.53983],
							"lerp_mode": "catmullrom"
						},
						"9.5": {
							"post": [-10.92, -4.79, -46.55],
							"lerp_mode": "catmullrom"
						},
						"9.7": {
							"post": [-10.92, -4.79, -0.55],
							"lerp_mode": "catmullrom"
						},
						"9.9": {
							"post": [-10.92, -4.79, -0.55],
							"lerp_mode": "catmullrom"
						},
						"10.1": {
							"post": [-6.27, -12.91073, 0.54826],
							"lerp_mode": "catmullrom"
						},
						"11.0667": {
							"post": [-6.72, -13.3, -0.77],
							"lerp_mode": "catmullrom"
						},
						"11.5": {
							"post": [-8.19831, -8.04838, -5.13206],
							"lerp_mode": "catmullrom"
						},
						"11.8667": {
							"post": [-8.03329, -9.54037, -0.93003],
							"lerp_mode": "catmullrom"
						},
						"12.1": {
							"post": [-6.72, -13.3, -0.77],
							"lerp_mode": "catmullrom"
						},
						"12.4333": {
							"post": [-6.72, -13.3, -0.77],
							"lerp_mode": "catmullrom"
						}
					},
					"scale": {
						"0.0": {
							"post": [1, 1.5, 1],
							"lerp_mode": "catmullrom"
						},
						"11.0667": {
							"post": [1, 1.5, 1],
							"lerp_mode": "catmullrom"
						},
						"12.4333": {
							"post": [1, 1.5, 1],
							"lerp_mode": "catmullrom"
						}
					}
				},
				"root": {
					"rotation": {
						"0.0": [0, 0, 0],
						"0.0333": [-0.13544, 0, 0.23664],
						"0.0667": [-0.48821, 0, 1.00698],
						"0.1": [-1.00268, 0, 2.51861],
						"0.1333": [-1.64265, 0, 5.03904],
						"0.1667": [-2.38253, 0, 8.66219],
						"0.2": [-3.20312, 0, 12.65367],
						"0.2333": [-4.08891, 0, 15.78834],
						"0.2667": [-5.02624, 0, 17.71943],
						"0.3": [-6.00177, 0, 18.69717],
						"0.3333": [-7, 0, 19],
						"0.3667": [-7.60989, 0, 18.76798],
						"0.4": [-7.78781, 0, 18.12823],
						"0.4333": [-7.75517, 0, 17.20716],
						"0.4667": [-7.59886, 0, 16.08477],
						"0.5": [-7.36431, 0, 14.81564],
						"0.7": [-5.4115, 0, 6.00723],
						"0.7667": [-4.80685, 0, 3.28229],
						"0.8": [-4.54818, 0, 2.11751],
						"0.8333": [-4.32899, 0, 1.17196],
						"0.8667": [-4.15773, 0, 0.55908],
						"0.9": [-4.04428, 0, 0.49387],
						"0.9333": [-4, 0, 1.5],
						"0.9667": [-3.9984, 0, 2.9227],
						"1.0": [-4.00394, 0, 3.6805],
						"1.0333": [-4.01663, 0, 4.05512],
						"1.0667": [-4.03641, 0, 4.17639],
						"1.1": [-4.06307, 0, 4.11803],
						"1.3333": [-4.36284, 0, 1.57408],
						"1.3667": [-4.38882, 0, 1.25134],
						"1.4": [-4.39, 0, 1.14],
						"1.4333": [-4.402, 0, 2.42598],
						"1.4667": [-4.48313, 0, 8.12846],
						"1.5": [-4.52672, 0, 13.69225],
						"1.5333": [-4.52055, 0, 17.41004],
						"1.5667": [-4.49061, 0, 20.15174],
						"1.6": [-4.44741, 0, 22.31356],
						"1.6333": [-4.39576, 0, 24.08575],
						"1.6667": [-4.3382, 0, 25.57638],
						"1.7": [-4.27622, 0, 26.85083],
						"1.7333": [-4.21082, 0, 27.95331],
						"1.7667": [-4.14269, 0, 28.91483],
						"1.8": [-4.07229, 0, 29.75759],
						"1.8333": [-4, 0, 30.5],
						"1.9667": [-4.24428, 0, 32.15795],
						"2.1": [-5.6716, 0, 33.63159],
						"2.2": [-7.58342, 0, 34.37249],
						"2.2333": [-8.37349, 0, 34.45672],
						"2.2667": [-9.22788, 0, 34.38509],
						"2.3": [-10.13155, 0, 34.05654],
						"2.3333": [-11.06142, 0, 33.26579],
						"2.3667": [-11.98327, 0, 31.53831],
						"2.4": [-12.84861, 0, 27.82533],
						"2.4333": [-13.59163, 0, 21.63486],
						"2.4667": [-14.12841, 0, 15.1487],
						"2.5": [-14.36016, 0, 9.4622],
						"2.5333": [-14.18208, 0, 4.47567],
						"2.5667": [-13.5, 0, 0],
						"2.6": [-12.51958, 0, -4.08292],
						"2.6333": [-11.50437, 0, -7.7433],
						"2.6667": [-10.46613, 0, -10.87696],
						"2.7": [-9.41895, 0, -13.34136],
						"2.7333": [-8.38022, 0, -14.92619],
						"2.7667": [-7.37214, 0, -15.31764],
						"2.8": [-6.42426, 0, -14.06521],
						"2.8333": [-5.57788, 0, -10.69954],
						"2.8667": [-4.89452, 0, -5.64271],
						"2.9": [-4.47399, 0, -1.41127],
						"2.9333": [-4.5, 0, 0],
						"2.9667": [-4.68788, 0, 0],
						"3.4": [-4.31712, 0, 0],
						"3.6667": [-4, 0, 0],
						"4.1": [-4.37445, 0, 0],
						"4.5333": [-4.06997, 0, 0],
						"4.5667": [-4, 0, 0],
						"5.0": [-3.70785, 0, 0],
						"5.2333": [-4, 0, 0],
						"5.6667": [-4.37445, 0, 0],
						"6.1": [-4.06997, 0, 0],
						"6.1333": [-4, 0, 0],
						"6.5667": [-3.78977, 0, 0],
						"7.0": [-4.18644, 0, 0],
						"7.4333": [-4.06719, 0, 0],
						"7.4667": [-4, 0, 0],
						"7.6333": [-3.60164, 0, 0],
						"7.6667": [-3.88745, 0, 0],
						"7.7667": [-4, 0, 0],
						"8.2": [-4.37445, 0, 0],
						"8.6333": [-4.06997, 0, 0],
						"8.6667": [-4, 0, 0],
						"9.1": [-3.8451, 0.20212, 0],
						"9.3667": [-5.14318, 0.25268, 0],
						"9.5667": [-7.40845, 0.14851, 0],
						"9.6333": [-8.5, 0, 0],
						"9.6667": [-9.03266, -0.09757, 0],
						"9.7": [-9.4376, -0.15666, 0],
						"9.7333": [-9.70878, -0.19566, 0],
						"9.7667": [-9.84325, -0.22176, 0],
						"9.8": [-9.84388, -0.23865, 0],
						"9.8333": [-9.71977, -0.2486, 0],
						"10.1333": [-6.09828, -0.1736, 0],
						"10.3667": [-4.21295, -0.02901, 0],
						"10.4333": [-4, 0, 0],
						"10.7667": [-2.14025, 0, 1.22182],
						"10.9667": [-0.45675, 0, 3.17108],
						"11.1": [0.53647, 0, 5.28115],
						"11.1667": [0.85954, 0, 6.72894],
						"11.2": [0.93751, 0, 7.5972],
						"11.2333": [0.93101, 0, 8.5949],
						"11.2667": [0.80344, 0, 9.763],
						"11.3": [0.4906, 0, 11.17211],
						"11.3333": [-0.14177, 0, 12.96034],
						"11.3667": [-1.5, 0, 15.5],
						"11.4": [-3.32789, 0, 18.1274],
						"11.4333": [-4.74888, 0, 19.8644],
						"11.4667": [-5.88566, 0, 20.99438],
						"11.5": [-6.79021, 0, 21.67943],
						"11.5333": [-7.48876, 0, 22.02134],
						"11.5667": [-7.99465, 0, 22.09086],
						"11.6": [-8.31452, 0, 21.93889],
						"11.6333": [-8.44981, 0, 21.60483],
						"11.6667": [-8.39847, 0, 21.12056],
						"11.7": [-8.15532, 0, 20.51309],
						"11.7333": [-7.71227, 0, 19.80717],
						"11.7667": [-7.0587, 0, 19.02702],
						"11.8": [-6.18058, 0, 18.19893],
						"11.8333": [-5.06036, 0, 17.35564],
						"11.8667": [-3.67613, 0, 16.54484],
						"11.9": [-2.00067, 0, 15.85282],
						"11.9333": [0, 0, 15.5],
						"11.9667": [1.95423, 0, 15.12719],
						"12.0": [3.49193, 0, 14.36791],
						"12.0333": [4.65066, 0, 13.42787],
						"12.0667": [5.46491, 0, 12.38291],
						"12.1": [5.96564, 0, 11.27193],
						"12.1333": [6.1818, 0, 10.11879],
						"12.1667": [6.14025, 0, 8.94036],
						"12.2": [5.86754, 0, 7.75],
						"12.2333": [5.39083, 0, 6.55964],
						"12.2667": [4.73854, 0, 5.38121],
						"12.3": [3.94291, 0, 4.22807],
						"12.3667": [2.08907, 0, 2.07213],
						"12.4": [1.15728, 0, 1.13209],
						"12.4333": [0.37374, 0, 0.37281],
						"12.4667": [0, 0, 0]
					},
					"position": {
						"0.0": [0, 0, 0],
						"0.1": [0.05086, 0, 0.16401],
						"0.1333": [0.04666, 0, 0.23343],
						"0.1667": [0.02782, 0, 0.31077],
						"0.2": [-0.00931, 0, 0.39574],
						"0.2333": [-0.06933, 0, 0.48728],
						"0.2667": [-0.15691, 0, 0.58323],
						"0.3": [-0.27322, 0, 0.68022],
						"0.3667": [-0.53189, 0, 0.86057],
						"0.4": [-0.62271, 0, 0.93661],
						"0.4333": [-0.67409, 0, 1.00044],
						"0.4667": [-0.69213, 0, 1.0517],
						"0.5": [-0.68454, 0, 1.09092],
						"0.5333": [-0.65758, 0, 1.11919],
						"0.5667": [-0.61583, 0, 1.13768],
						"0.6333": [-0.5, 0, 1.15],
						"0.7": [-0.37467, 0, 1.12957],
						"0.7333": [-0.31847, 0, 1.10371],
						"0.7667": [-0.2673, 0, 1.06559],
						"0.8": [-0.22178, 0, 1.01379],
						"0.8333": [-0.18269, 0, 0.94724],
						"0.8667": [-0.15099, 0, 0.86582],
						"0.9333": [-0.11458, 0, 0.67048],
						"0.9667": [-0.11287, 0, 0.57238],
						"1.0": [-0.12451, 0, 0.48921],
						"1.0333": [-0.15101, 0, 0.43005],
						"1.0667": [-0.19248, 0, 0.39854],
						"1.1": [-0.24495, 0, 0.39362],
						"1.1333": [-0.29681, 0, 0.41203],
						"1.1667": [-0.33, 0, 0.45],
						"1.2": [-0.33403, 0, 0.49232],
						"1.3667": [-0.24607, 0, 0.58764],
						"1.5": [-0.25603, 0, 0.58529],
						"1.6": [-0.3434, 0, 0.61836],
						"1.6333": [-0.38803, 0, 0.64872],
						"1.6667": [-0.44028, 0, 0.6921],
						"1.7": [-0.5, 0, 0.75],
						"1.7333": [-0.55622, 0.01221, 0.80849],
						"1.7667": [-0.59765, 0.03608, 0.85667],
						"1.8": [-0.62377, 0.06133, 0.8979],
						"1.8333": [-0.63444, 0.08326, 0.93406],
						"1.8667": [-0.63012, 0.0996, 0.96631],
						"1.9": [-0.61196, 0.10917, 0.99544],
						"2.0333": [-0.4562, 0.07316, 1.09027],
						"2.1": [-0.38477, 0.01087, 1.12884],
						"2.1333": [-0.36453, -0.03081, 1.14667],
						"2.1667": [-0.35804, -0.07922, 1.16375],
						"2.2": [-0.36669, -0.13418, 1.1803],
						"2.2333": [-0.39105, -0.19546, 1.19654],
						"2.2667": [-0.43114, -0.26286, 1.21278],
						"2.3": [-0.48648, -0.33623, 1.22949],
						"2.3333": [-0.55639, -0.41532, 1.24763],
						"2.3667": [-0.64, -0.5, 1.27],
						"2.4": [-0.73186, -0.58678, 1.37894],
						"2.4333": [-0.82728, -0.67144, 1.65596],
						"2.4667": [-0.92639, -0.75303, 1.97347],
						"2.5": [-1.02858, -0.82999, 2.17767],
						"2.5333": [-1.12971, -0.89955, 2.25705],
						"2.5667": [-1.20658, -0.95602, 2.24537],
						"2.6": [-1.16123, -0.9852, 2.16971],
						"2.6333": [-0.99164, -0.93614, 2.04763],
						"2.6667": [-0.81489, -0.6083, 1.89057],
						"2.7": [-0.65139, -0.23978, 1.70623],
						"2.7333": [-0.5, 0, 1.5],
						"2.7667": [-0.35485, 0.15912, 1.28627],
						"2.8": [-0.21408, 0.22105, 1.07791],
						"2.8333": [-0.0849, 0.17848, 0.87761],
						"2.8667": [0.0148, 0.04411, 0.68986],
						"2.9": [0.04874, -0.14758, 0.52277],
						"2.9333": [-0.00168, -0.35523, 0.3917],
						"2.9667": [-0.0935, -0.54779, 0.32455],
						"3.0": [-0.1896, -0.70912, 0.35246],
						"3.0333": [-0.27902, -0.83382, 0.45665],
						"3.0667": [-0.36012, -0.92204, 0.57445],
						"3.1": [-0.43346, -0.97634, 0.67374],
						"3.1333": [-0.5, -1, 0.75],
						"3.1667": [-0.55204, -1.00191, 0.79914],
						"3.6": [-0.73955, -0.78803, 1.01536],
						"4.0333": [-0.71828, -0.49559, 1.10022],
						"4.4667": [-0.62061, -0.18822, 1.1425],
						"4.7333": [-0.52186, -0.01237, 1.15063],
						"4.7667": [-0.5, 0, 1.15],
						"4.8": [-0.46195, 0.02544, 1.14893],
						"4.8333": [-0.45891, 0.08371, 1.1505],
						"4.8667": [-0.51187, -0.10804, 1.1629],
						"4.9": [-0.5759, -0.30561, 1.2353],
						"4.9333": [-0.64, -0.5, 1.27],
						"4.9667": [-0.68262, -0.58409, 1.25036],
						"5.0": [-0.69097, -0.66018, 1.14353],
						"5.0333": [-0.67381, -0.72631, 0.98082],
						"5.0667": [-0.63791, -0.77972, 0.80698],
						"5.1": [-0.58892, -0.81614, 0.65477],
						"5.1333": [-0.5319, -0.82836, 0.53806],
						"5.1667": [-0.47182, -0.8028, 0.45892],
						"5.2": [-0.41402, -0.7083, 0.41457],
						"5.2333": [-0.36483, -0.45361, 0.40093],
						"5.2667": [-0.33264, -0.08307, 0.41393],
						"5.3": [-0.33, 0, 0.45],
						"5.3333": [-0.33474, 0, 0.49093],
						"5.6": [-0.24222, 0, 0.58892],
						"5.8": [-0.27079, 0, 0.59043],
						"5.9333": [-0.39266, 0, 0.65605],
						"5.9667": [-0.44167, 0, 0.69488],
						"6.0": [-0.5, 0, 0.75],
						"6.0333": [-0.55855, -0.01182, 0.80807],
						"6.2": [-0.7325, -0.15235, 0.97966],
						"6.4": [-0.75629, -0.34679, 1.04376],
						"6.5333": [-0.69607, -0.46267, 0.99321],
						"6.5667": [-0.67485, -0.48532, 0.95746],
						"6.6": [-0.6534, -0.50149, 0.89992],
						"6.6333": [-0.64, -0.5, 0.77],
						"6.6667": [-0.5469, -0.4422, 0.62376],
						"6.7": [-0.39044, -0.28657, 0.65672],
						"6.7333": [-0.33696, -0.10368, 0.61469],
						"6.7667": [-0.32332, -0.01999, 0.54127],
						"6.8": [-0.33, 0, 0.45],
						"6.8333": [-0.33667, 0, 0.37673],
						"6.8667": [-0.3308, 0, 0.31878],
						"6.9": [-0.31585, 0, 0.27608],
						"6.9333": [-0.29587, 0, 0.24844],
						"6.9667": [-0.27497, 0, 0.2355],
						"7.0": [-0.25672, 0, 0.23667],
						"7.0333": [-0.2439, 0, 0.25115],
						"7.0667": [-0.23838, 0, 0.27795],
						"7.2": [-0.30315, 0, 0.4804],
						"7.3333": [-0.5, 0, 0.75],
						"7.3667": [-0.5569, 0, 0.79895],
						"7.4": [-0.60163, 0, 0.82117],
						"7.4333": [-0.63537, 0, 0.82368],
						"7.4667": [-0.65912, 0, 0.81147],
						"7.6333": [-0.65635, 0, 0.63524],
						"7.8": [-0.5117, 0, 0.43877],
						"7.8667": [-0.43373, 0, 0.39619],
						"7.9": [-0.39509, 0, 0.38901],
						"7.9333": [-0.36003, 0, 0.39387],
						"7.9667": [-0.33383, 0, 0.41325],
						"8.0": [-0.33, 0, 0.45],
						"8.0333": [-0.33464, 0.02668, 0.49119],
						"8.2": [-0.26732, 0.25303, 0.58336],
						"8.2667": [-0.2457, 0.30345, 0.58894],
						"8.3": [-0.23924, 0.31322, 0.58866],
						"8.3333": [-0.23631, 0.31049, 0.58738],
						"8.3667": [-0.2373, 0.2933, 0.58592],
						"8.4": [-0.24264, 0.25925, 0.58511],
						"8.4333": [-0.25277, 0.20535, 0.58585],
						"8.4667": [-0.2681, 0.12758, 0.58914],
						"8.5": [-0.28911, 0.02076, 0.59613],
						"8.5333": [-0.31634, -0.12288, 0.60819],
						"8.5667": [-0.35036, -0.31486, 0.62701],
						"8.6": [-0.3918, -0.57445, 0.65476],
						"8.6333": [-0.4414, -0.93868, 0.69437],
						"8.6667": [-0.5, -1.5, 0.75],
						"8.7": [-0.56249, -2.04797, 0.81486],
						"8.7333": [-0.62217, -2.21575, 0.87779],
						"8.7667": [-0.67744, -2.00183, 0.93729],
						"8.8": [-0.72499, -1.44385, 0.9902],
						"8.8333": [-0.75568, -0.65527, 1.03044],
						"8.8667": [-0.72676, 0.12693, 1.05298],
						"8.9": [-0.56024, 0.51477, 1.06599],
						"8.9333": [-0.48, 0.03, 1.08],
						"8.9667": [-0.39451, -1.10535, 1.09769],
						"9.0": [-0.20846, -1.98547, 1.11979],
						"9.0333": [-0.23318, -2.17819, 1.14696],
						"9.0667": [-0.32004, -2.02016, 1.17818],
						"9.1": [-0.42156, -1.72904, 1.21057],
						"9.1333": [-0.52919, -1.37923, 1.24152],
						"9.1667": [-0.64, -1, 1.27],
						"9.2": [-0.72327, -0.63034, 1.29275],
						"9.2333": [-0.79237, -0.30302, 1.30739],
						"9.2667": [-0.84661, -0.0243, 1.3144],
						"9.3": [-0.88541, 0.2003, 1.31382],
						"9.3333": [-0.90815, 0.36631, 1.30548],
						"9.3667": [-0.91426, 0.47079, 1.289],
						"9.4": [-0.90332, 0.51241, 1.26389],
						"9.4333": [-0.87506, 0.49172, 1.22948],
						"9.4667": [-0.82958, 0.41073, 1.18495],
						"9.5": [-0.76759, 0.27276, 1.12924],
						"9.5333": [-0.69074, 0.08195, 1.06102],
						"9.5667": [-0.60224, -0.15702, 0.9786],
						"9.6": [-0.50794, -0.43928, 0.87978],
						"9.6333": [-0.41795, -0.76018, 0.76169],
						"9.6667": [-0.34935, -1.11515, 0.62031],
						"9.7": [-0.33, -1.5, 0.45],
						"9.7333": [-0.33379, -1.9073, 0.28424],
						"9.7667": [-0.31865, -2.32925, 0.16039],
						"9.8": [-0.29582, -2.75672, 0.07625],
						"9.8333": [-0.27261, -3.16913, 0.02908],
						"9.8667": [-0.25344, -3.52784, 0.01552],
						"9.9": [-0.24085, -3.77834, 0.03179],
						"9.9333": [-0.23618, -3.87698, 0.07363],
						"9.9667": [-0.24007, -3.82091, 0.13645],
						"10.0": [-0.25268, -3.64132, 0.21535],
						"10.0333": [-0.27394, -3.37579, 0.30534],
						"10.0667": [-0.30363, -3.05353, 0.40135],
						"10.1": [-0.34143, -2.69424, 0.49844],
						"10.1333": [-0.387, -2.31054, 0.59183],
						"10.1667": [-0.43998, -1.91069, 0.67706],
						"10.2": [-0.5, -1.5, 0.75],
						"10.2333": [-0.55883, -1.0966, 0.81184],
						"10.2667": [-0.6081, -0.71791, 0.86669],
						"10.3": [-0.64714, -0.36756, 0.91511],
						"10.3333": [-0.6752, -0.04997, 0.95767],
						"10.3667": [-0.69149, 0.22929, 0.99489],
						"10.4": [-0.69513, 0.46297, 1.02735],
						"10.4333": [-0.68523, 0.64141, 1.05564],
						"10.4667": [-0.66085, 0.75191, 1.08044],
						"10.5": [-0.62131, 0.77704, 1.10254],
						"10.5333": [-0.56661, 0.69352, 1.12289],
						"10.5667": [-0.49885, 0.47381, 1.1428],
						"10.6": [-0.42706, 0.10258, 1.16416],
						"10.6333": [-0.39, -0.36, 1.19],
						"10.6667": [-0.40144, -0.66231, 1.2155],
						"10.7": [-0.40648, -0.72726, 1.2334],
						"10.7333": [-0.40913, -0.68466, 1.24471],
						"10.7667": [-0.41065, -0.62712, 1.25043],
						"10.8": [-0.41168, -0.59312, 1.25154],
						"10.8333": [-0.41268, -0.59384, 1.24906],
						"10.8667": [-0.41406, -0.63029, 1.24398],
						"10.9": [-0.41628, -0.70008, 1.23729],
						"10.9333": [-0.42, -0.8, 1.23],
						"10.9667": [-0.42078, -0.89033, 1.1768],
						"11.0": [-0.41275, -0.94105, 1.06583],
						"11.0333": [-0.39686, -0.96055, 0.92881],
						"11.0667": [-0.37542, -0.95489, 0.78309],
						"11.1": [-0.35052, -0.92847, 0.63885],
						"11.1333": [-0.32354, -0.88482, 0.50221],
						"11.1667": [-0.29531, -0.82675, 0.37703],
						"11.2": [-0.26635, -0.75666, 0.26567],
						"11.2333": [-0.23697, -0.67664, 0.16965],
						"11.2667": [-0.20735, -0.58868, 0.0898],
						"11.3": [-0.17762, -0.49475, 0.02666],
						"11.3333": [-0.14787, -0.39695, -0.0196],
						"11.3667": [-0.11814, -0.29778, -0.04892],
						"11.4": [-0.08847, -0.20056, -0.06142],
						"11.4333": [-0.05888, -0.1103, -0.05724],
						"11.4667": [-0.02939, -0.03608, -0.03667],
						"11.5": [0, 0, 0],
						"11.9333": [0.15402, 0, 0.17013],
						"12.3667": [0.03299, 0, 0.03312],
						"12.4667": [0, 0, 0]
					}
				},
				"camera": {
					"rotation": {
						"0.0": {
							"post": [0, 0, 0],
							"lerp_mode": "catmullrom"
						},
						"0.2667": {
							"post": [5.5, 11, 0],
							"lerp_mode": "catmullrom"
						},
						"0.5667": {
							"post": [7, 13, 0],
							"lerp_mode": "catmullrom"
						},
						"1.0": {
							"post": [7, 11.5, 0],
							"lerp_mode": "catmullrom"
						},
						"2.5": {
							"post": [7.5, 12.35, 0],
							"lerp_mode": "catmullrom"
						},
						"2.8": {
							"post": [0, 6.14, 0],
							"lerp_mode": "catmullrom"
						},
						"3.0667": {
							"post": [-11.5, 6.14, 0],
							"lerp_mode": "catmullrom"
						},
						"3.9": {
							"post": [-14.5, 4.84, 0],
							"lerp_mode": "catmullrom"
						},
						"4.6667": {
							"post": [-12.5, 6.14, 0],
							"lerp_mode": "catmullrom"
						},
						"4.7": [-12.0422, 6.13534, 0],
						"4.7333": [-11.02745, 6.125, 0],
						"4.7667": [-9.71688, 6.11165, 0],
						"4.8": [-8.23036, 6.09651, 0],
						"4.9667": [-0.07964, 6.01349, 0],
						"5.0": [1.40688, 5.99835, 0],
						"5.0333": [2.71745, 5.985, 0],
						"5.0667": [3.7322, 5.97466, 0],
						"5.1": [4.19, 5.97, 0],
						"5.2667": [4.46011, 5.97, 0],
						"5.3667": [4.19, 5.97, 0],
						"5.4": [3.75196, 5.97393, 0],
						"5.4333": [2.91982, 5.98176, 0],
						"5.4667": [1.84788, 5.99136, 0],
						"5.5": [0.61461, 6.00197, 0],
						"5.7667": [-11.36216, 6.09678, 0],
						"5.8333": [-14.22956, 6.11864, 0],
						"5.8667": [-15.48566, 6.12824, 0],
						"5.9": [-16.50186, 6.13607, 0],
						"5.9333": {
							"pre": [-17, 6.14, 0],
							"post": [-17, 6.14, 0],
							"lerp_mode": "catmullrom"
						},
						"6.9333": {
							"post": [-17.5, 6.14, 0],
							"lerp_mode": "catmullrom"
						},
						"7.3333": {
							"post": [4.19, 5.97, 0],
							"lerp_mode": "catmullrom"
						},
						"8.0": {
							"post": [-17.5, 6.14, 0],
							"lerp_mode": "catmullrom"
						},
						"8.8667": {
							"post": [-16.81, 5.97, 0],
							"lerp_mode": "catmullrom"
						},
						"9.5667": {
							"post": [-18, 4.84, 0],
							"lerp_mode": "catmullrom"
						},
						"10.8333": {
							"post": [2.69, 5.97, 0],
							"lerp_mode": "catmullrom"
						},
						"12.0": {
							"post": [0, 0, 0],
							"lerp_mode": "catmullrom"
						}
					}
				},
				"blunderbuss": {
					"rotation": {
						"2.6333": [0, 0, 0],
						"3.1": [-90, 0, 0],
						"3.5333": [-89.89906, 0, 0],
						"3.9667": [-89.79164, 0, 0],
						"4.4": [-89.68313, 0, 0],
						"4.8333": [-89.57411, 0, 0],
						"5.2667": [-89.4648, 0, 0],
						"5.7": [-89.35533, 0, 0],
						"6.1333": [-89.24579, 0, 0],
						"6.5667": [-89.13625, 0, 0],
						"7.0": [-89.02679, 0, 0],
						"7.4333": [-88.91749, 0, 0],
						"7.8667": [-88.8085, 0, 0],
						"8.3": [-88.70005, 0, 0],
						"8.7333": [-88.59277, 0, 0],
						"9.1333": [-88.5, 0, 0],
						"9.1667": [-88.91256, 0, 0],
						"9.2": [-89.74337, 0, 0],
						"9.3333": [-93.45962, 0, 0],
						"9.3667": [-94.20581, 0, 0],
						"9.4": [-94.83807, 0, 0],
						"9.4333": [-95.34811, 0, 0],
						"9.4667": [-95.73122, 0, 0],
						"9.5": [-95.9838, 0, 0],
						"9.5333": [-96.10389, 0, 0],
						"9.5667": [-96.09107, 0, 0],
						"9.6": [-95.94401, 0, 0],
						"9.6333": [-95.66337, 0, 0],
						"9.6667": [-95.24924, 0, 0],
						"9.7": [-94.70188, 0, 0],
						"9.7333": [-94.02271, 0, 0],
						"9.7667": [-93.21193, 0, 0],
						"9.8": [-92.27041, 0, 0],
						"9.8333": [-91.19942, 0, 0],
						"9.8667": [-90, 0, 0],
						"9.9": [-88.63884, 0, 0],
						"9.9333": [-87.06967, 0, 0],
						"9.9667": [-85.26936, 0, 0],
						"10.0": [-83.21247, 0, 0],
						"10.0333": [-80.86928, 0, 0],
						"10.0667": [-78.20505, 0, 0],
						"10.1": [-75.18288, 0, 0],
						"10.1333": [-71.76021, 0, 0],
						"10.1667": [-67.89456, 0, 0],
						"10.2": [-63.54229, 0, 0],
						"10.2333": [-58.67004, 0, 0],
						"10.2667": [-53.26368, 0, 0],
						"10.3": [-47.34454, 0, 0],
						"10.3333": [-40.9866, 0, 0],
						"10.3667": [-34.32631, 0, 0],
						"10.4333": [-20.87542, 0, 0],
						"10.4667": [-14.47969, 0, 0],
						"10.5": [-8.49754, 0, 0],
						"10.5333": [-3, 0, 0],
						"10.5667": [2.00469, 0, 0],
						"10.6": [6.50108, 0, 0],
						"10.6333": [10.45302, 0, 0],
						"10.6667": [13.83628, 0, 0],
						"10.7": [16.63963, 0, 0],
						"10.7333": [18.86326, 0, 0],
						"10.7667": [20.52093, 0, 0],
						"10.8": [21.63331, 0, 0],
						"10.8333": [22.22962, 0, 0],
						"10.8667": [22.34298, 0, 0],
						"10.9": [22.00767, 0, 0],
						"10.9333": [21.26108, 0, 0],
						"10.9667": [20.13881, 0, 0],
						"11.0": [18.67393, 0, 0],
						"11.0333": [16.89976, 0, 0],
						"11.0667": [14.84537, 0, 0],
						"11.1": [12.53836, 0, 0],
						"11.1333": [10.00327, 0, 0],
						"11.1667": [7.26284, 0, 0],
						"11.2": [4.33686, 0, 0],
						"11.2333": [1.24363, 0, 0],
						"11.2667": [-2, 0, 0],
						"11.3": [-5.01402, 0, 0],
						"11.3333": [-7.51277, 0, 0],
						"11.3667": [-9.58865, 0, 0],
						"11.4": [-11.31068, 0, 0],
						"11.4333": [-12.73103, 0, 0],
						"11.4667": [-13.89024, 0, 0],
						"11.5": [-14.81971, 0, 0],
						"11.5333": [-15.5453, 0, 0],
						"11.5667": [-16.08854, 0, 0],
						"11.6": [-16.4675, 0, 0],
						"11.6333": [-16.69748, 0, 0],
						"11.6667": [-16.79156, 0, 0],
						"11.7": [-16.75989, 0, 0],
						"11.7333": [-16.61319, 0, 0],
						"11.8667": [-15.03538, 0, 0],
						"12.0333": [-11.29056, 0, 0],
						"12.3": [-2.72087, 0, 0],
						"12.3333": [-1.60868, 0, 0],
						"12.3667": [-0.6048, 0, 0],
						"12.4": [0, 0, 0]
					},
					"position": {
						"2.6333": [0, 0, 0],
						"3.1": [0, -14.5, -9],
						"3.5333": [0, -14.5, -9],
						"3.9667": [0, -14.5, -9],
						"4.4": [0, -14.5, -9],
						"4.8333": [0, -14.5, -9],
						"5.2667": [0, -14.5, -9],
						"5.7": [0, -14.5, -9],
						"6.1333": [0, -14.5, -9],
						"6.5667": [0, -14.5, -9],
						"7.0": [0, -14.5, -9],
						"7.4333": [0, -14.5, -9],
						"7.8667": [0, -14.5, -9],
						"8.3": [0, -14.5, -9],
						"8.7333": [0, -14.5, -9],
						"9.1667": [0, -14.5, -9],
						"9.6": [0, -14.5, -9],
						"9.8667": [0, -14.5, -9],
						"9.9": [0, -14.13663, -8.77446],
						"9.9333": [0, -13.37764, -8.30336],
						"9.9667": [0, -12.42668, -7.71311],
						"10.0": [0, -11.36358, -7.05325],
						"10.0333": [0, -10.23038, -6.34989],
						"10.0667": [0, -9.05397, -5.61971],
						"10.1667": [0, -5.44603, -3.38029],
						"10.2": [0, -4.26962, -2.65011],
						"10.2333": [0, -3.13642, -1.94675],
						"10.2667": [0, -2.07332, -1.28689],
						"10.3": [0, -1.12236, -0.69664],
						"10.3333": [0, -0.36337, -0.22554],
						"10.3667": [0, 0, 0],
						"10.8": [0, 0, 0],
						"11.2333": [0, 0, 0],
						"11.6667": [0, 0, 0],
						"12.1": [0, 0, 0],
						"12.4": [0, 0, 0]
					}
				},
				"tongtiao": {
					"rotation": {
						"7.4": [0, 0, 0],
						"7.4333": [0, 0, 0],
						"7.8667": [0, 0, 0],
						"8.3667": [30.40773, 24.1782, 13.51584],
						"9.2333": [30.40773, 24.1782, 13.51584]
					},
					"position": {
						"1.1333": [-45.02611, -123.923, 228.7176],
						"7.4": [-45.03, -123.92, 228.72],
						"7.4333": [6.03606, 15.76518, 4.32438],
						"9.7": [6.03606, 15.76518, 4.32438],
						"9.7333": [-45.03, -123.92, 228.72]
					},
					"scale": {
						"7.4": [0, 0, 0],
						"7.4333": {"pre": [0, 0, 0], "post": [1, 1, 1]},
						"9.7333": {"pre": [1, 1, 1], "post": [0, 0, 0]}
					}
				},
				"bullets": {
					"rotation": {
						"0.0": [0, 0, 0],
						"5.3667": [7.46258, -4.92385, 0.87038],
						"5.7667": [7.46258, -4.92385, 0.87038]
					},
					"position": {
						"5.3333": [0, 0, 0],
						"5.3667": [55.1111, 132.76953, 30.49887],
						"5.7667": [56.00077, 132.65799, 30.59125],
						"6.8667": [56, 132.66, 30.59],
						"6.9": [196.61372, 15.54442, 32.43378]
					},
					"scale": {
						"5.3333": [0, 0, 0],
						"5.3667": {"pre": [0, 0, 0], "post": [1, 1, 1]},
						"6.9": {"pre": [1, 1, 1], "post": [0, 0, 0]}
					}
				},
				"powderbuttle": {
					"rotation": {
						"0.0": [0, 0, 0],
						"1.1333": [90, 0, 0],
						"5.0667": [90, 0, 0]
					},
					"position": {
						"1.1": [0, -101.5, 0],
						"1.1333": [4.68725, 10.96387, 31.11295],
						"5.0667": [4.68725, 10.96387, 31.11295],
						"5.1": [0, -101.5, 0]
					},
					"scale": {
						"1.1": [0, 0, 0],
						"1.1333": [1, 1, 1],
						"5.0667": {"pre": [1, 1, 1], "post": [1, 1, 1]},
						"5.1": {"pre": [1, 1, 1], "post": [0, 0, 0]}
					}
				},
				"bolt": {
					"rotation": {
						"0.0": [65, 0, 0],
						"0.2667": [65, 0, 0],
						"0.4667": [35, 0, 0],
						"11.5667": [35, 0, 0],
						"11.7": [0, 0, 0]
					}
				},
				"bone3": {
					"rotation": {
						"0.0": [150, 0, 0],
						"2.4": [150, 0, 0],
						"2.5": [0, 0, 0]
					}
				},
				"lefthand_pos": {
					"rotation": {
						"2.6333": [0, 0, 0],
						"3.1": [10.99173, -33.42774, 15.31666],
						"9.8333": [10.99173, -33.42774, 15.31666],
						"10.2": [0, 0, 0]
					},
					"position": {
						"2.6333": [0, 0, 0],
						"3.1": [-4.57912, 0.54217, 4.53214],
						"9.8333": [-4.57912, 0.54217, 4.53214],
						"10.2": [0, 0, 0],
						"10.2333": [0.04218, 0.04873, 0],
						"10.2667": [0.15954, 0.17426, 0],
						"10.3": [0.32449, 0.28054, 0],
						"10.3333": [0.50196, 0.28137, 0],
						"10.3667": [0.66475, 0.17613, 0],
						"10.4": [0.79867, -0.00692, 0],
						"10.4333": [0.89917, -0.24443, 0],
						"10.4667": [0.96677, -0.52099, 0],
						"10.5": [1.00401, -0.82659, 0],
						"10.5333": [1.01407, -1.15448, 0],
						"10.5667": [1, -1.5, 0],
						"10.6": [0.98661, -1.83543, 0],
						"10.6333": [0.99245, -2.13517, 0],
						"10.6667": [1.01223, -2.39834, 0],
						"10.7": [1.04166, -2.62383, 0],
						"10.7333": [1.07712, -2.81027, 0],
						"10.7667": [1.11532, -2.95599, 0],
						"10.8": [1.15312, -3.05874, 0],
						"10.8333": [1.1873, -3.11569, 0],
						"10.8667": [1.21438, -3.12323, 0],
						"10.9": [1.23033, -3.07651, 0],
						"10.9333": [1.23018, -2.96932, 0],
						"10.9667": [1.20742, -2.79276, 0],
						"11.0": [1.15283, -2.5344, 0],
						"11.0333": [1.05218, -2.17537, 0],
						"11.0667": [0.88063, -1.68475, 0],
						"11.1": [0.58565, -1.00488, 0],
						"11.1333": [0, 0, 0]
					}
				}
			},
			"sound_effects": {
				"0.0": {
					"effect": "p14_sh_charlie725_reload_breechopen"
				}
			}
		},
		"shoot": {
			"animation_length": 2.0667,
			"bones": {
				"camera": {
					"rotation": {
						"0.0667": {
							"pre": [0, 0, -0.33421],
							"post": [0, 0, -0.33421],
							"lerp_mode": "catmullrom"
						},
						"0.1333": {
							"post": [-11.59259, 0, 3.78523],
							"lerp_mode": "catmullrom"
						},
						"0.1667": {
							"post": [-14.5, 0, 4.71475],
							"lerp_mode": "catmullrom"
						},
						"0.2333": {
							"post": [-18, 0, -2.93255],
							"lerp_mode": "catmullrom"
						},
						"0.3": {
							"post": [-21, 0, 2.75725],
							"lerp_mode": "catmullrom"
						},
						"0.3333": {
							"post": [-22, 0, 1.71412],
							"lerp_mode": "catmullrom"
						},
						"0.3667": {
							"post": [-22.5, 0, -1.79115],
							"lerp_mode": "catmullrom"
						},
						"0.4333": {
							"post": [-22, 0, 1.025],
							"lerp_mode": "catmullrom"
						},
						"0.5": {
							"post": [-20.5, 0, -0.9375],
							"lerp_mode": "catmullrom"
						},
						"0.6": {
							"post": [-13, 0, 0.5],
							"lerp_mode": "catmullrom"
						},
						"0.7": {
							"post": [-4.38, 0, -0.27],
							"lerp_mode": "catmullrom"
						},
						"0.8": {
							"post": [0.34, 0, 0.17],
							"lerp_mode": "catmullrom"
						},
						"0.9333": {
							"post": [3, 0, -0.17827],
							"lerp_mode": "catmullrom"
						},
						"1.1667": {
							"post": [-1.74, 0, 0.1],
							"lerp_mode": "catmullrom"
						},
						"1.5": {
							"post": [1.24934, 0, -0.11924],
							"lerp_mode": "catmullrom"
						},
						"2.0333": [0, 0, 0]
					},
					"position": [0, 0, 0]
				},
				"iron_view": {
					"rotation": [0, 0, 0]
				},
				"blunderbuss": {
					"rotation": {
						"0.0": {
							"post": [0, 0, 0],
							"lerp_mode": "catmullrom"
						},
						"0.0667": {
							"post": [3.49069, 0.15232, -6.99835],
							"lerp_mode": "catmullrom"
						},
						"0.1": {
							"post": [-8.32024, 1.33042, 5.79388],
							"lerp_mode": "catmullrom"
						},
						"0.1667": {
							"post": [-19.38564, -0.61289, -1.91761],
							"lerp_mode": "catmullrom"
						},
						"0.2667": {
							"post": [-20.3263, -0.64862, -3.1926],
							"lerp_mode": "catmullrom"
						},
						"0.3667": {
							"post": [-20.66448, -0.95049, 1.89646],
							"lerp_mode": "catmullrom"
						},
						"0.6": {
							"post": [-18.42425, 0.27786, 0.43549],
							"lerp_mode": "catmullrom"
						},
						"0.8333": {
							"post": [-1.26932, -0.21405, -0.46178],
							"lerp_mode": "catmullrom"
						},
						"1.0": {
							"post": [2.65012, 0.076, 0.12379],
							"lerp_mode": "catmullrom"
						},
						"1.3": {
							"post": [-1.01, 0.07, 0.09],
							"lerp_mode": "catmullrom"
						},
						"1.6667": {
							"post": [0.04509, 0.01634, -0.04605],
							"lerp_mode": "catmullrom"
						},
						"1.7": [0.04354, 0.01578, -0.04869],
						"1.9667": [0, 0, 0]
					},
					"position": {
						"0.0": {
							"post": [0, 0, 0],
							"lerp_mode": "catmullrom"
						},
						"0.0333": {
							"post": [0, -0.75, 3.2],
							"lerp_mode": "catmullrom"
						},
						"0.1": {
							"post": [0, 0.675, 3.455],
							"lerp_mode": "catmullrom"
						},
						"0.2333": {
							"post": [-0.125, 1.18, 3.525],
							"lerp_mode": "catmullrom"
						},
						"0.4": {
							"post": [-0.075, 0.51, 3.245],
							"lerp_mode": "catmullrom"
						},
						"0.6": {
							"post": [0, -0.47, 2.015],
							"lerp_mode": "catmullrom"
						},
						"0.9": {
							"post": [0, -0.78, 0.405],
							"lerp_mode": "catmullrom"
						},
						"1.1667": {
							"post": [0, -0.415, -0.19],
							"lerp_mode": "catmullrom"
						},
						"1.4": {
							"post": [0, -0.15, 0.1],
							"lerp_mode": "catmullrom"
						},
						"1.6333": {
							"post": [0.03125, -0.17, -0.03],
							"lerp_mode": "catmullrom"
						},
						"1.6667": [0.00988, -0.16452, -0.04743],
						"1.7": [-0.08627, -0.15072, -0.11157],
						"1.7333": [-0.13878, -0.13151, -0.16843],
						"1.7667": [-0.14669, -0.10903, -0.1826],
						"1.8": [-0.13715, -0.085, -0.17304],
						"1.9333": [-0.03381, -0.00548, -0.04335],
						"1.9667": [0, 0, 0]
					}
				},
				"tongtiao": {
					"scale": 0
				},
				"bullets": {
					"scale": 0
				},
				"powderbuttle": {
					"scale": 0
				},
				"leftHand": {
					"rotation": {
						"0.0": {
							"post": [0, 0, 0],
							"lerp_mode": "catmullrom"
						},
						"0.0667": {
							"post": [3.49069, 0.15232, -6.99835],
							"lerp_mode": "catmullrom"
						},
						"0.1": {
							"post": [-8.32024, 1.33042, 5.79388],
							"lerp_mode": "catmullrom"
						},
						"0.1667": {
							"post": [-19.38564, -0.61289, -1.91761],
							"lerp_mode": "catmullrom"
						},
						"0.2667": {
							"post": [-20.3263, -0.64862, -3.1926],
							"lerp_mode": "catmullrom"
						},
						"0.3667": {
							"post": [-20.66448, -0.95049, 1.89646],
							"lerp_mode": "catmullrom"
						},
						"0.6": {
							"post": [-18.42425, 0.27786, 0.43549],
							"lerp_mode": "catmullrom"
						},
						"0.8333": {
							"post": [-1.26932, -0.21405, -0.46178],
							"lerp_mode": "catmullrom"
						},
						"1.0": {
							"post": [2.65012, 0.076, 0.12379],
							"lerp_mode": "catmullrom"
						},
						"1.3": {
							"post": [-1.01, 0.07, 0.09],
							"lerp_mode": "catmullrom"
						},
						"1.6667": {
							"post": [0.04509, 0.01634, -0.04605],
							"lerp_mode": "catmullrom"
						},
						"1.7": [0.04354, 0.01578, -0.04869],
						"1.9667": [0, 0, 0]
					},
					"position": {
						"0.0": {
							"post": [0, 0, 0],
							"lerp_mode": "catmullrom"
						},
						"0.0333": {
							"post": [0, -0.75, 3.2],
							"lerp_mode": "catmullrom"
						},
						"0.1": {
							"post": [0, 0.675, 3.455],
							"lerp_mode": "catmullrom"
						},
						"0.2333": {
							"post": [-0.125, 1.18, 3.525],
							"lerp_mode": "catmullrom"
						},
						"0.4": {
							"post": [-0.075, 0.51, 3.245],
							"lerp_mode": "catmullrom"
						},
						"0.6": {
							"post": [0, -0.47, 2.015],
							"lerp_mode": "catmullrom"
						},
						"0.9": {
							"post": [0, -0.78, 0.405],
							"lerp_mode": "catmullrom"
						},
						"1.1667": {
							"post": [0, -0.415, -0.19],
							"lerp_mode": "catmullrom"
						},
						"1.4": {
							"post": [0, -0.15, 0.1],
							"lerp_mode": "catmullrom"
						},
						"1.6333": {
							"post": [0.03125, -0.17, -0.03],
							"lerp_mode": "catmullrom"
						},
						"1.6667": [0.00988, -0.16452, -0.04743],
						"1.7": [-0.08627, -0.15072, -0.11157],
						"1.7333": [-0.13878, -0.13151, -0.16843],
						"1.7667": [-0.14669, -0.10903, -0.1826],
						"1.8": [-0.13715, -0.085, -0.17304],
						"1.9333": [-0.03381, -0.00548, -0.04335],
						"1.9667": [0, 0, 0]
					}
				}
			}
		},
		"inspect_empty": {
			"animation_length": 4.0667,
			"bones": {
				"leftHand": {
					"rotation": {
						"0.0": [107.06948, -26.54246, -157.78735],
						"1.1333": [107.07, -26.54, -157.79],
						"1.3333": [91.62898, -16.48641, -172.89502],
						"1.8667": [91.62898, -16.48641, -172.89502],
						"2.0667": [85.77776, -26.22142, -159.81654],
						"2.2": [96.97785, -38.2588, -146.18081],
						"2.3667": [49.27838, -56.6008, -87.32396],
						"3.1667": [49.27838, -56.6008, -87.32396],
						"3.3333": [107.14992, -38.3141, -152.50546],
						"3.5": [107.06948, -26.54246, -157.78735]
					},
					"position": {
						"0.0": [6.9, -13.02, -11.32],
						"1.1333": [6.9, -13.02, -11.32],
						"1.3333": [7.825, -11.845, -11.195],
						"1.8667": [7.825, -11.845, -11.195],
						"2.0667": [7.825, -11.845, -11.195],
						"2.2": [7.63, -12.12, -11.7],
						"2.3667": [6.87, -13.2, -13.7],
						"3.1667": [6.87, -13.2, -13.7],
						"3.3333": [8.42919, -13.21888, -11.86545],
						"3.5": [6.9, -13.02, -11.32]
					},
					"scale": [1, 1.5, 1]
				},
				"rightHand": {
					"rotation": {
						"0.0": [89.32102, 14.82897, -180.27891],
						"2.2": [89.32102, 14.82897, -180.27891],
						"2.5": [28.1937, -15.11724, -51.07244],
						"3.2": [28.1937, -15.11724, -51.07244],
						"3.7": [89.32102, 14.82897, -180.27891]
					},
					"position": {
						"0.0": [-6.725, -13.3, -0.775],
						"2.2": [-6.725, -13.3, -0.775],
						"2.5": [-5.52, -11.775, 0.83],
						"3.2": [-5.52, -11.775, 0.83],
						"3.7": [-6.725, -13.3, -0.775]
					},
					"scale": {
						"0.0": [1, 1.5, 1],
						"3.7": [1, 1.5, 1]
					}
				},
				"root": {
					"rotation": {
						"0.0": [0, 0, 0],
						"0.0333": [-0.33, -0.53, 0.73],
						"0.0667": [-0.4, -1.26, 1.78],
						"0.1": [-1.05, -2.13, 2.97],
						"0.1333": [-3.12, -3.07, 4.11],
						"0.1667": [-7.48, -4, 5],
						"0.2": [-12.01, -4.63, 5.41],
						"0.2333": [-18.05, -5.35, 5.77],
						"0.2667": [-25.09, -6.11, 6.08],
						"0.3": [-32.63, -6.88, 6.34],
						"0.3333": [-40.18, -7.6, 6.57],
						"0.3667": [-47.22, -8.24, 6.77],
						"0.4": [-53.26, -8.74, 6.93],
						"0.4333": [-57.79, -9.07, 7.08],
						"0.4667": [-62.85, -9.08, 7.25],
						"0.5": [-64.68, -8.52, 7.27],
						"0.5333": [-64.95, -7.87, 7.23],
						"0.5667": [-65.33, -7.61, 7.2],
						"0.6": [-65.77, -7.76, 7.2],
						"0.6333": [-65.99, -8.07, 7.19],
						"0.6667": [-66.05, -8.47, 7.18],
						"0.7": [-66, -8.9, 7.17],
						"0.7333": [-65.89, -9.31, 7.15],
						"0.7667": [-65.78, -9.65, 7.14],
						"0.8": [-65.72, -9.84, 7.13],
						"0.8333": [-65.69, -9.88, 7.12],
						"0.8667": [-65.63, -9.83, 7.11],
						"0.9": [-65.54, -9.74, 7.09],
						"0.9333": [-65.45, -9.6, 7.07],
						"0.9667": [-65.35, -9.45, 7.06],
						"1.0": [-65.25, -9.3, 7.05],
						"1.0333": [-65.16, -9.18, 7.05],
						"1.0667": [-65.1, -9.09, 7.06],
						"1.1": [-65.06, -9.07, 7.08],
						"1.1333": [-65.06, -9.13, 7.14],
						"1.1667": [-65.09, -9.24, 7.23],
						"1.2": [-65.15, -9.4, 7.34],
						"1.2333": [-65.22, -9.58, 7.45],
						"1.2667": [-65.29, -9.77, 7.55],
						"1.3": [-65.34, -9.95, 7.63],
						"1.3333": [-65.37, -10.1, 7.67],
						"1.3667": [-65.37, -10.26, 7.65],
						"1.4": [-65.36, -10.42, 7.58],
						"1.4333": [-65.33, -10.57, 7.48],
						"1.4667": [-65.3, -10.71, 7.37],
						"1.5": [-65.26, -10.84, 7.3],
						"1.5333": [-65.23, -10.94, 7.27],
						"1.5667": [-65.21, -11, 7.29],
						"1.6": [-65.21, -11.03, 7.33],
						"1.6333": [-65.21, -11.06, 7.39],
						"1.6667": [-65.2, -11.08, 7.46],
						"1.7": [-65.18, -11.09, 7.54],
						"1.7333": [-65.15, -11.11, 7.62],
						"1.7667": [-65.09, -11.14, 7.69],
						"1.8": [-64.99, -11.19, 7.75],
						"1.8333": [-64.84, -11.14, 7.87],
						"1.8667": [-64.68, -10.99, 7.98],
						"1.9": [-64.29, -11.11, 8.09],
						"1.9333": [-63.45, -11.83, 8.16],
						"1.9667": [-62.15, -13.31, 8.31],
						"2.0": [-60.49, -15.34, 8.52],
						"2.0333": [-58.42, -17.73, 8.54],
						"2.0667": [-55.89, -20.28, 8.16],
						"2.1": [-53.39, -22.54, 7.47],
						"2.1333": [-50.78, -24.73, 6.56],
						"2.1667": [-47.06, -27.74, 5.11],
						"2.2": [-41.25, -32.43, 2.81],
						"2.2333": [-36.99, -35.86, 1.12],
						"2.2667": [-31.66, -40.13, -1.03],
						"2.3": [-25.63, -44.94, -3.46],
						"2.3333": [-19.29, -50, -6.03],
						"2.3667": [-13.01, -55.02, -8.57],
						"2.4": [-7.17, -59.7, -10.92],
						"2.4333": [-2.15, -63.75, -12.91],
						"2.4667": [1.68, -66.86, -14.39],
						"2.5": [6.08, -70.58, -15.92],
						"2.5333": [7.78, -72.19, -16.24],
						"2.5667": [8.1, -72.75, -16.01],
						"2.6": [8.38, -73.31, -15.89],
						"2.6333": [8.52, -74.08, -15.91],
						"2.6667": [7.79, -74.22, -15.72],
						"2.7": [7.29, -74.14, -15.55],
						"2.7333": [7.31, -74.04, -15.47],
						"2.7667": [7.4, -73.83, -15.35],
						"2.8": [7.54, -73.57, -15.23],
						"2.8333": [7.73, -73.3, -15.15],
						"2.8667": [7.95, -73.1, -15.16],
						"2.9": [8.19, -73, -15.3],
						"2.9333": [8.2, -72.99, -15.34],
						"2.9667": [8.1, -72.97, -15.32],
						"3.0": [7.91, -72.94, -15.25],
						"3.0333": [7.65, -72.91, -15.16],
						"3.0667": [7.36, -72.88, -15.05],
						"3.1": [7.06, -72.86, -14.95],
						"3.1333": [6.78, -72.85, -14.87],
						"3.1667": [6.56, -72.85, -14.83],
						"3.3333": [0.9, -9.14, 2.28],
						"3.3667": [0.6, -8.27, 3.18],
						"3.4": [0.23, -7.15, 2.35],
						"3.4333": [-0.29, -5.72, 0.79],
						"3.4667": [-0.75, -4.31, -0.88],
						"3.5": [-0.93, -3.22, -2.01],
						"3.5333": [-0.48, -2.49, -2.45],
						"3.5667": [0.34, -2.15, -2.32],
						"3.6": [0.84, -1.75, -2.07],
						"3.6333": [0.4, -0.66, -1.71],
						"3.6667": [-0.25, 0.25, -1.06],
						"3.7": [-0.3, 0.39, 0.16],
						"3.7333": [-0.19, 0.25, 1.12],
						"3.7667": [-0.09, 0.13, 0.69],
						"3.8": [0, 0, 0],
						"3.8333": [0.01, -0.02, -0.07],
						"3.8667": [0.01, -0.02, -0.08],
						"3.9": [0.01, -0.01, -0.05],
						"3.9333": [0, 0, -0.02],
						"3.9667": [0, 0, 0]
					},
					"position": {
						"0.0": [0, 0, 0],
						"0.0333": [-0.07, -0.37, -0.21],
						"0.0667": [-0.17, -0.9, -0.52],
						"0.1": [-0.25, -1.49, -0.83],
						"0.1333": [-0.28, -2.03, -1.04],
						"0.1667": [-0.22, -2.38, -1.1],
						"0.2": [-0.13, -2.7, -1.1],
						"0.2333": [-0.01, -3.02, -1.07],
						"0.2667": [0.11, -3.39, -1.02],
						"0.3": [0.22, -3.86, -0.99],
						"0.3333": [0.34, -4.69, -0.96],
						"0.3667": [0.45, -5.7, -0.92],
						"0.4": [0.55, -6.67, -0.88],
						"0.4333": [0.62, -7.39, -0.85],
						"0.4667": [0.66, -7.83, -0.84],
						"0.5": [0.66, -7.95, -0.84],
						"0.5333": [0.65, -7.98, -0.84],
						"0.5667": [0.65, -7.99, -0.84],
						"0.6": [0.64, -7.95, -0.84],
						"0.6333": [0.63, -7.88, -0.85],
						"0.6667": [0.63, -7.82, -0.85],
						"0.7": [0.62, -7.78, -0.85],
						"0.7333": [0.62, -7.77, -0.85],
						"0.7667": [0.62, -7.77, -0.85],
						"0.8": [0.62, -7.78, -0.85],
						"0.8333": [0.62, -7.79, -0.85],
						"0.8667": [0.62, -7.8, -0.85],
						"0.9": [0.62, -7.8, -0.85],
						"0.9333": [0.62, -7.8, -0.85],
						"0.9667": [0.62, -7.79, -0.85],
						"1.0": [0.62, -7.77, -0.85],
						"1.0333": [0.62, -7.77, -0.85],
						"1.0667": [0.62, -7.77, -0.85],
						"1.1": [0.62, -7.79, -0.85],
						"1.1333": [0.63, -7.87, -0.86],
						"1.1667": [0.63, -8.01, -0.87],
						"1.2": [0.64, -8.12, -0.88],
						"1.2333": [0.65, -8.15, -0.9],
						"1.2667": [0.66, -8.04, -0.92],
						"1.3": [0.67, -7.84, -0.94],
						"1.3333": [0.68, -7.63, -0.96],
						"1.3667": [0.69, -7.5, -0.98],
						"1.4": [0.7, -7.47, -0.99],
						"1.4333": [0.7, -7.48, -1.01],
						"1.4667": [0.71, -7.51, -1.02],
						"1.5": [0.72, -7.55, -1.03],
						"1.5333": [0.72, -7.58, -1.04],
						"1.5667": [0.72, -7.59, -1.04],
						"1.6": [0.72, -7.6, -1.04],
						"1.6333": [0.72, -7.6, -1.04],
						"1.6667": [0.72, -7.61, -1.04],
						"1.7": [0.72, -7.61, -1.04],
						"1.7333": [0.71, -7.62, -1.04],
						"1.7667": [0.71, -7.61, -1.03],
						"1.8": [0.71, -7.6, -1.03],
						"1.8333": [0.7, -7.59, -1.02],
						"1.8667": [0.7, -7.58, -1.02],
						"1.9": [0.69, -7.58, -1.02],
						"1.9333": [0.69, -7.61, -1.03],
						"1.9667": [0.68, -7.66, -1.06],
						"2.0": [0.68, -7.77, -1.11],
						"2.0333": [0.71, -8.07, -1.24],
						"2.0667": [0.8, -8.79, -1.49],
						"2.1": [0.92, -9.71, -1.82],
						"2.1333": [1.01, -10.21, -2.11],
						"2.1667": [1.12, -10.01, -2.42],
						"2.2": [1.1, -8.66, -2.64],
						"2.2333": [1.03, -7.9, -2.68],
						"2.2667": [0.93, -6.9, -2.71],
						"2.3": [0.8, -5.76, -2.74],
						"2.3333": [0.67, -4.57, -2.76],
						"2.3667": [0.54, -3.42, -2.77],
						"2.4": [0.44, -2.42, -2.78],
						"2.4333": [0.37, -1.66, -2.79],
						"2.4667": [0.33, -0.85, -2.8],
						"2.5": [0.37, -0.44, -2.81],
						"2.5333": [0.42, -0.24, -2.8],
						"2.5667": [0.43, -0.05, -2.8],
						"2.6": [0.39, 0.1, -2.8],
						"2.6333": [0.33, 0.19, -2.79],
						"2.6667": [0.26, 0.23, -2.79],
						"2.7": [0.2, 0.27, -2.79],
						"2.7333": [0.17, 0.32, -2.78],
						"2.7667": [0.18, 0.36, -2.78],
						"2.8": [0.19, 0.4, -2.77],
						"2.8333": [0.22, 0.44, -2.77],
						"2.8667": [0.25, 0.48, -2.76],
						"2.9": [0.28, 0.52, -2.76],
						"2.9333": [0.31, 0.56, -2.75],
						"2.9667": [0.34, 0.58, -2.75],
						"3.0": [0.36, 0.61, -2.75],
						"3.0333": [0.37, 0.62, -2.75],
						"3.0667": [0.38, 0.63, -2.74],
						"3.1": [0.39, 0.63, -2.74],
						"3.1333": [0.39, 0.63, -2.73],
						"3.1667": [0.39, 0.63, -2.73],
						"3.3333": [1.36, -2.44, -1.93],
						"3.3667": [1.14, -2.03, -1.65],
						"3.4": [0.9, -1.71, -1.56],
						"3.4333": [0.64, -1.63, -2.06],
						"3.4667": [0.37, -1.65, -2.75],
						"3.5": [0.16, -1.55, -2.84],
						"3.5333": [0.07, -1.29, -2.06],
						"3.5667": [0.03, -0.92, -0.76],
						"3.6": [0.01, -0.55, 0.53],
						"3.6333": [0, -0.28, 1.28],
						"3.6667": [-0.02, -0.1, 0.68],
						"3.7": [-0.01, -0.08, -0.4],
						"3.7333": [-0.01, -0.06, -0.45],
						"3.7667": [-0.01, -0.04, -0.33],
						"3.8": [0, -0.04, -0.16],
						"3.8333": [0, -0.03, -0.04],
						"3.8667": [0, -0.02, -0.01],
						"3.9": [0, -0.02, 0],
						"3.9333": [0, -0.01, 0],
						"3.9667": [0, 0, 0],
						"4.0": [0, 0, 0]
					}
				},
				"camera": {
					"rotation": {
						"0.0": [0, 0, 0],
						"0.0333": [0.06, -0.01, 0],
						"0.0667": [0.19, -0.02, -0.01],
						"0.1": [0.32, -0.03, -0.01],
						"0.1333": [0.39, -0.05, -0.01],
						"0.1667": [0.36, -0.1, -0.01],
						"0.2": [0.16, -0.17, 0],
						"0.2333": [-0.22, -0.28, 0.02],
						"0.2667": [-0.77, -0.42, 0.04],
						"0.3": [-1.42, -0.58, 0.07],
						"0.3333": [-2.11, -0.75, 0.09],
						"0.3667": [-2.76, -0.91, 0.13],
						"0.4": [-3.3, -1.05, 0.15],
						"0.4333": [-3.66, -1.16, 0.18],
						"0.4667": [-3.84, -1.25, 0.23],
						"0.5": [-3.66, -1.28, 0.28],
						"0.5333": [-3.39, -1.28, 0.32],
						"0.5667": [-3.26, -1.29, 0.35],
						"0.6": [-3.31, -1.31, 0.36],
						"0.6333": [-3.42, -1.33, 0.36],
						"0.6667": [-3.55, -1.34, 0.36],
						"0.7": [-3.69, -1.35, 0.36],
						"0.7333": [-3.8, -1.35, 0.35],
						"0.7667": [-3.85, -1.33, 0.35],
						"0.8": [-3.87, -1.31, 0.35],
						"0.8333": [-3.9, -1.3, 0.35],
						"0.8667": [-3.92, -1.27, 0.35],
						"0.9": [-3.94, -1.25, 0.35],
						"0.9333": [-3.94, -1.22, 0.35],
						"0.9667": [-3.92, -1.19, 0.35],
						"1.0": [-3.88, -1.14, 0.35],
						"1.0333": [-3.8, -1.1, 0.35],
						"1.0667": [-3.68, -1.04, 0.35],
						"1.1": [-3.51, -0.98, 0.35],
						"1.1333": [-3.3, -0.91, 0.35],
						"1.1667": [-3.02, -0.83, 0.35],
						"1.2": [-2.7, -0.73, 0.35],
						"1.2333": [-2.34, -0.63, 0.35],
						"1.2667": [-1.96, -0.53, 0.35],
						"1.3": [-1.57, -0.42, 0.35],
						"1.3333": [-1.19, -0.32, 0.35],
						"1.3667": [-0.82, -0.22, 0.35],
						"1.4": [-0.49, -0.13, 0.35],
						"1.4333": [-0.2, -0.06, 0.35],
						"1.4667": [0.04, 0, 0.35],
						"1.5": [0.19, 0.03, 0.35],
						"1.5333": [0.31, 0.06, 0.35],
						"1.5667": [0.42, 0.08, 0.35],
						"1.6": [0.51, 0.1, 0.35],
						"1.6333": [0.58, 0.1, 0.35],
						"1.6667": [0.65, 0.11, 0.35],
						"1.7": [0.7, 0.11, 0.35],
						"1.7333": [0.74, 0.11, 0.35],
						"1.7667": [0.78, 0.11, 0.35],
						"1.8": [0.81, 0.1, 0.35],
						"1.8333": [0.84, 0.1, 0.35],
						"1.8667": [0.87, 0.09, 0.35],
						"1.9": [0.9, 0.09, 0.35],
						"1.9333": [0.94, 0.09, 0.35],
						"1.9667": [1.14, 0, 0.35],
						"2.0": [1.32, -0.1, 0.35],
						"2.0333": [1.56, -0.22, 0.34],
						"2.0667": [1.85, -0.35, 0.33],
						"2.1": [2.17, -0.5, 0.32],
						"2.1333": [2.49, -0.67, 0.32],
						"2.1667": [2.81, -0.86, 0.31],
						"2.2": [3.1, -1.09, 0.32],
						"2.2333": [3.35, -1.34, 0.33],
						"2.2667": [3.54, -1.63, 0.36],
						"2.3": [3.72, -2.18, 0.41],
						"2.3333": [3.8, -2.88, 0.49],
						"2.3667": [3.83, -3.63, 0.58],
						"2.4": [3.84, -4.37, 0.69],
						"2.4333": [3.86, -5.03, 0.79],
						"2.4667": [3.93, -5.52, 0.9],
						"2.5": [4.09, -5.93, 1.03],
						"2.5333": [4.3, -6.22, 1.16],
						"2.5667": [4.52, -6.38, 1.3],
						"2.6": [4.7, -6.41, 1.45],
						"2.6333": [4.81, -6.29, 1.62],
						"2.6667": [4.81, -6.17, 1.71],
						"2.7": [4.8, -6.01, 1.81],
						"2.7333": [4.76, -5.8, 1.93],
						"2.7667": [4.72, -5.56, 2.05],
						"2.8": [4.66, -5.3, 2.17],
						"2.8333": [4.6, -5.01, 2.29],
						"2.8667": [4.54, -4.72, 2.41],
						"2.9": [4.49, -4.42, 2.51],
						"2.9333": [4.46, -4.12, 2.59],
						"2.9667": [4.44, -3.84, 2.66],
						"3.0": [4.45, -3.58, 2.69],
						"3.0333": [4.48, -3.4, 2.71],
						"3.0667": [4.52, -3.22, 2.71],
						"3.1": [4.59, -3.04, 2.7],
						"3.1333": [4.66, -2.85, 2.68],
						"3.1667": [4.75, -2.67, 2.65],
						"3.3333": [2.32, 1.11, -2.26],
						"3.3667": [2.34, 0.98, -2.21],
						"3.4": [2.33, 0.83, -2.06],
						"3.4333": [2.13, 0.68, -1.79],
						"3.4667": [1.72, 0.54, -1.42],
						"3.5": [1.14, 0.38, -0.89],
						"3.5333": [0.52, 0.23, -0.34],
						"3.5667": [-0.02, 0.09, 0.13],
						"3.6": [-0.36, 0, 0.41],
						"3.6333": [-0.35, -0.05, 0.31],
						"3.6667": [-0.01, -0.03, -0.12],
						"3.7": [0.24, 0, -0.41],
						"3.7333": [0.24, 0, -0.35],
						"3.7667": [0.16, 0, -0.18],
						"3.8": [0.06, 0, 0.02],
						"3.8333": [0, 0, 0.14],
						"3.8667": [-0.02, 0, 0.15],
						"3.9": [-0.02, 0, 0.12],
						"3.9333": [-0.01, 0, 0.08],
						"3.9667": [0, 0, 0.03],
						"4.0": [0, 0, 0]
					}
				},
				"tongtiao": {
					"position": [0, -246.5, 0],
					"scale": 0
				},
				"powderbuttle": {
					"position": [0, -1222, 0],
					"scale": 0
				},
				"bullets": {
					"scale": 0
				}
			},
			"sound_effects": {
				"0.0": {
					"effect": "p14_sh_charlie725_inspect_raise"
				},
				"1.1667": {
					"effect": "p14_sh_charlie725_inspect_rattle"
				},
				"1.9": {
					"effect": "p14_sh_charlie725_inspect_grab"
				},
				"3.4": {
					"effect": "p14_sh_charlie725_inspect_end"
				}
			}
		}
	}
}