{
	"format_version": "1.8.0",
	"animations": {
		"static_idle": {
			"animation_length": 0.1,
			"bones": {
				"lefthand": {
					"rotation": [122.68242, -381.16012, -185.01647],
					"position": [8.5125, -12, -8.5],
					"scale": [1, 1.5, 1]
				},
				"righthand": {
					"rotation": [100.96653, 24.10393, -175.47527],
					"position": [-6.6, -11.9875, 5.6],
					"scale": [1, 1.5, 1]
				},
				"constraint": {
					"rotation": [0.05, 0.2, 0.1],
					"position": [0.15, 0.2, 0.35]
				}
			}
		},
		"static_bolt_caught": {
			"animation_length": 0.1,
			"bones": {
				"lefthand": {
					"rotation": [122.68242, -381.16012, -185.01647],
					"position": [8.5125, -12, -8.5],
					"scale": [1, 1.5, 1]
				},
				"righthand": {
					"rotation": [100.96653, 24.10393, -175.47527],
					"position": [-6.6, -11.9875, 5.6],
					"scale": [1, 1.5, 1]
				},
				"bolt": {
					"position": [0, 0, -3]
				},
				"constraint": {
					"rotation": [0.05, 0.2, 0.1],
					"position": [0.15, 0.2, 0.35]
				}
			}
		},
		"draw": {
			"animation_length": 1.7333,
			"bones": {
				"root": {
					"rotation": {
						"0.0": [0.81, -0.64, 0.45],
						"0.1333": [0.27, -0.36, 0.4],
						"0.2667": [-0.53, -0.36, 0.23],
						"0.4": [-1.65, -0.06, 0.1],
						"0.4667": [-1.47, -0.19, -0.43],
						"0.5333": [-0.93, -0.04, 0.24],
						"0.6": [-0.31, 0.14, 0.52],
						"0.6667": [0.1, 0.08, 0.38],
						"0.7333": [0.23, 0.25, 0.05],
						"0.7667": [0.22, 0.18, 0.67],
						"0.8": [0.16, 0.13, 0.67],
						"0.8333": [0, 0.25, 0],
						"1.0333": [-5.5, 0, 0],
						"1.2667": [0, 0, 0],
						"1.3667": [0.11, -0.62, -0.98],
						"1.4": [0.05, -0.14, -0.96],
						"1.4333": [-0.01, 0.27, 0.27],
						"1.5333": [-0.01, 0.19, 0.21],
						"1.6": [0, 0.07, 0.08],
						"1.7333": [0, 0, 0]
					},
					"position": {
						"0.0": [-3.18, -10.13, 21.85],
						"0.0667": [-2.73, -4.99, 18.05],
						"0.1333": [-2.08, -4.13, 12.3],
						"0.2333": [-1.41, -3.22, 7.44],
						"0.3333": [-0.9, -2.45, 2.65],
						"0.4667": [-0.45, -1.32, 0.67],
						"0.5333": [-0.25, -0.53, 0.54],
						"0.6": [-0.14, -0.24, -0.06],
						"0.6667": [-0.07, -0.1, -0.38],
						"0.7333": [-0.03, -0.04, -0.5],
						"0.7667": [-0.01, -0.05, -0.36],
						"0.8": [-0.02, -0.14, -0.04],
						"0.8333": [0, 0, 0],
						"0.8667": [-0.03251, 0.00542, 0.0065],
						"0.9": [-0.15274, 0.02546, 0.03055],
						"0.9667": [-0.59726, 0.09954, 0.11945],
						"1.0": [-0.71749, 0.11958, 0.1435],
						"1.0333": [-0.75, 0.125, 0.15],
						"1.0667": [-0.72022, 0.12004, 0.14404],
						"1.1": [-0.62487, 0.10415, 0.12497],
						"1.1333": [-0.46748, 0.07791, 0.0935],
						"1.1667": [-0.28256, 0.04709, 0.05651],
						"1.2": [-0.12515, 0.02086, 0.02503],
						"1.2333": [-0.02979, 0.00496, 0.00596],
						"1.2667": [0, 0, 0],
						"1.3667": [-0.03, -0.19, 0.17],
						"1.4": [-0.02, -0.13, 0.02],
						"1.4333": [-0.01, -0.05, -0.18],
						"1.4667": [-0.01, -0.02, -0.16],
						"1.6": {
							"pre": [0, 0.175, 0.175],
							"post": [0, 0.175, 0.175],
							"lerp_mode": "catmullrom"
						},
						"1.7333": [0, 0, 0]
					}
				},
				"lefthand": {
					"rotation": {
						"0.0": [91.47237, -398.26212, -126.75784],
						"0.7333": [122.68242, -381.16012, -185.01647]
					},
					"position": {
						"0.0": [7.75, -13, -3.5],
						"0.7333": [8.5125, -12, -8.5]
					},
					"scale": [1, 1.5, 1]
				},
				"righthand": {
					"rotation": {
						"0.3667": [72.72, 11.82, -177.89],
						"0.4667": [96.29, 11.82, -177.89],
						"0.8333": [102.72, 11.82, -177.89],
						"1.0333": {
							"pre": [102.72, 11.82, -177.89],
							"post": [102.72, 11.82, -177.89],
							"lerp_mode": "catmullrom"
						},
						"1.2333": {
							"post": [100.96653, 24.10393, -175.47527],
							"lerp_mode": "catmullrom"
						}
					},
					"position": {
						"0.3667": [-19.71126, -30.40001, 10.20768],
						"0.4": [-19.38831, -29.79712, 9.70893],
						"0.4333": [-17.46222, -26.20073, 6.79429],
						"0.4667": [-10.86, -13.86, -2.03],
						"0.5": [-9.90938, -12.07908, -2.96035],
						"0.5333": [-9.53878, -11.38536, -3.2688],
						"0.5667": [-9.33441, -11.00318, -3.39349],
						"0.6": [-9.21824, -10.78629, -3.43118],
						"0.6333": [-9.1579, -10.67402, -3.42289],
						"0.6667": [-9.13579, -10.63336, -3.39093],
						"0.7": [-9.14057, -10.64305, -3.34929],
						"0.7333": [-9.16362, -10.68692, -3.30769],
						"0.7667": [-9.19706, -10.75016, -3.27348],
						"0.8": [-9.23142, -10.81498, -3.25257],
						"0.8333": [-9.25, -10.85, -3.25],
						"0.8667": [-9.25, -10.85, -3.18597],
						"0.9": [-9.25, -10.85, -2.91554],
						"0.9333": [-9.25, -10.85, -2.22564],
						"0.9667": [-9.25, -10.85, -0.2584],
						"1.0": [-9.25, -10.85, 0.79885],
						"1.0333": [-9.25, -10.85, 0.4625],
						"1.0667": [-9.12956, -10.9017, 0.18482],
						"1.1": [-8.64564, -11.10942, 0.74056],
						"1.1333": [-7.74315, -11.49681, 2.62479],
						"1.1667": [-7.0159, -11.80898, 4.50715],
						"1.2": [-6.68497, -11.95103, 5.3786],
						"1.2333": [-6.6, -11.9875, 5.6]
					},
					"scale": {
						"0.0": {
							"post": [1, 1.5, 1],
							"lerp_mode": "catmullrom"
						}
					}
				},
				"camera": {
					"rotation": {
						"0.0": [0, 0, 0],
						"0.2": [0.03, 0.03, 0.06],
						"0.5333": [0.26, 0.23, 0.37],
						"0.6": [0.26, 0.22, 0.3],
						"0.8": [0.32, 0.19, 0.35],
						"0.9": [0.48, 0, -0.17],
						"0.9333": [0.31, -0.02, -0.02],
						"0.9667": [0, 0, 0],
						"1.3667": [0.17, -0.01, 0.19],
						"1.4": [-0.17, -0.01, 0.09],
						"1.4667": [0, 0, -0.05],
						"1.6": [0.01, 0, -0.02]
					}
				},
				"bolt": {
					"position": {
						"0.8333": [0.01, 0, -3.6],
						"0.8667": [0.01029, -0.00049, -3.59999],
						"0.9": [0.00984, -0.00047, -3.54638],
						"0.9333": [0.00819, -0.00039, -3.27238],
						"0.9667": [0.00514, -0.00025, -2.09607],
						"1.0": [0.00209, -0.0001, -0.40221],
						"1.0333": [0.00045, -0.00002, -0.06351],
						"1.0667": [0, 0, 0]
					}
				}
			},
			"sound_effects": {
				"0.0": {
					"effect": "wfoly_plr_sm_uzulu_raise_up"
				}
			}
		},
		"put_away": {
			"animation_length": 2,
			"bones": {
				"root": {
					"rotation": {
						"0.0": [0, 0, 0],
						"0.0417": [-0.58012, 0.15687, 0.59528],
						"0.0833": [-3.88476, 1.18382, 4.82684],
						"0.125": [-9.89628, 2.21089, 10.29153],
						"0.1667": [-12.25971, 2.36779, 12.27428],
						"0.2083": [-13.25665, 2.36855, 13.37096],
						"0.25": [-13.6244, 2.37056, 14.06075],
						"0.2917": [-13.54899, 2.37316, 14.36296],
						"0.3333": [-13.21677, 2.37539, 14.35774],
						"0.4167": [-12.44305, 2.37492, 13.96178],
						"0.4583": [-12.26, 2.37, 13.82],
						"0.5": [-12.61708, 2.83875, 13.5069],
						"0.5417": [-14.961, 7.01696, 11.60728],
						"0.5833": [-17.31092, 7.8801, 9.61618],
						"0.625": [-17.67519, 8.05986, 9.19978],
						"0.6667": [-17.26509, 7.80525, 9.95723],
						"0.7083": [-12.98448, 3.28138, 15.75825],
						"0.75": [-12.26, 2.36, 12.95],
						"0.7917": [-11.61861, 2.37541, 9.9855],
						"0.8333": [-9.3162, 2.38372, 8.8266],
						"0.875": [-5.43468, 2.38186, 10.34603],
						"0.9167": [-2.04847, 2.37496, 11.36887],
						"0.9583": [-0.47626, 2.37066, 12.00821],
						"1.0": [-0.26, 2.37, 12.27],
						"1.0417": [1.9865, 2.37, 12.60192],
						"1.0833": [7.13733, 2.37, 12.84545],
						"1.125": [13.88178, 2.37, 12.99846],
						"1.1667": [21.52423, 2.37, 13.06104],
						"1.25": [37.75508, 2.37, 12.9352],
						"1.2917": [45.62056, 2.37, 12.77344],
						"1.3333": [52.78987, 2.37, 12.58012],
						"1.375": [58.6874, 2.37, 12.39753],
						"1.4167": [62.74, 2.37, 12.27]
					},
					"position": {
						"0.0": [0, 0, 0],
						"0.0417": [-0.09772, -0.09772, -0.06459],
						"0.125": [-1.37726, -1.37726, -0.91039],
						"0.1667": [-1.475, -1.475, -0.975],
						"0.4167": [-1.45885, -1.45885, -0.95885],
						"0.4583": [-1.47, -1.47, -0.97],
						"0.5": [-1.48112, -1.48112, -0.96042],
						"0.5833": [-1.47567, -1.47567, -0.68386],
						"0.625": [-1.48, -1.48, -0.6675],
						"0.6667": [-1.48482, -1.48482, -0.69635],
						"0.7083": [-1.47479, -1.47479, -0.93326],
						"0.75": [-1.48, -1.48, -0.98],
						"0.7917": [-1.48469, -1.52439, -0.96088],
						"0.8333": [-1.486, -1.63131, -0.89881],
						"0.875": [-1.48472, -1.78043, -0.8073],
						"0.9583": [-1.47787, -2.11967, -0.59278],
						"1.0": [-1.47405, -2.26625, -0.49873],
						"1.0417": [-1.47115, -2.36896, -0.43246],
						"1.0833": [-1.47, -2.4075, -0.4075],
						"1.125": [-1.47, -3.02406, 0.92353],
						"1.1667": [-1.47, -4.66464, 4.46522],
						"1.2083": [-1.47, -7.00085, 9.50861],
						"1.2917": [-1.47, -12.37686, 21.11433],
						"1.3333": [-1.47, -14.71302, 26.15763],
						"1.375": [-1.47, -16.35353, 29.69917],
						"1.4167": [-1.47, -16.97, 31.03]
					}
				},
				"righthand": {
					"rotation": {
						"0.0": {
							"post": [100.96653, 24.10393, -175.47527],
							"lerp_mode": "catmullrom"
						},
						"0.25": {
							"post": [100.22215, 11.81125, -177.89162],
							"lerp_mode": "catmullrom"
						},
						"0.4583": {
							"post": [100.22215, 11.81125, -177.89162],
							"lerp_mode": "catmullrom"
						},
						"0.75": {
							"post": [100.96653, 24.10393, -175.47527],
							"lerp_mode": "catmullrom"
						}
					},
					"position": {
						"0.0": {
							"post": [-6.6, -11.9875, 5.6],
							"lerp_mode": "catmullrom"
						},
						"0.25": {
							"post": [-9.39558, -10.35832, 0.96629],
							"lerp_mode": "catmullrom"
						},
						"0.4583": {
							"post": [-9.39558, -10.35832, 0.96629],
							"lerp_mode": "catmullrom"
						},
						"0.5833": {
							"post": [-9.46765, -10.01258, 2.56879],
							"lerp_mode": "catmullrom"
						},
						"0.75": {
							"post": [-6.6, -11.9875, 5.6],
							"lerp_mode": "catmullrom"
						}
					},
					"scale": {
						"0.0": {
							"post": [1, 1.5, 1],
							"lerp_mode": "catmullrom"
						}
					}
				},
				"bolt": {
					"position": {
						"0.4583": [0, 0, 0],
						"0.5417": [0, 0, 0.525],
						"0.5833": [0, 0, -0.24],
						"0.6667": [0, 0, -3]
					}
				},
				"lefthand": {
					"rotation": {
						"0.0": [122.68242, -381.16012, -185.01647],
						"0.6667": {
							"pre": [122.68, -381.16, -185.02],
							"post": [122.68, -381.16, -185.02],
							"lerp_mode": "catmullrom"
						},
						"0.9583": {
							"post": [131.60055, -341.26997, -241.28079],
							"lerp_mode": "catmullrom"
						}
					},
					"position": {
						"0.0": [8.5125, -12, -8.5],
						"0.6667": {
							"pre": [8.51, -12, -8.5],
							"post": [8.51, -12, -8.5],
							"lerp_mode": "catmullrom"
						},
						"0.8333": {
							"post": [10.01, -8.61, -8.5],
							"lerp_mode": "catmullrom"
						},
						"0.9583": {
							"post": [7.76, -7.975, -9.9375],
							"lerp_mode": "catmullrom"
						}
					},
					"scale": [1, 1.5, 1]
				},
				"camera": {
					"rotation": {
						"0.0": [0, 0, 0.05],
						"0.4167": [0.18, 0, -0.02],
						"0.625": [0.18, 0, -0.05],
						"0.7917": [0.07, 0, -0.09],
						"0.9167": [-0.35, 0, -0.2],
						"1.25": [-0.32, 0, -0.16],
						"1.5417": [-0.08, 0, 0],
						"1.7917": [0, 0, 0.05]
					}
				}
			},
			"sound_effects": {
				"0.0": {
					"effect": "wfoly_plr_sm_uzulu_drop_quick_down"
				}
			}
		},
		"reload_tactical": {
			"animation_length": 5.2667,
			"bones": {
				"mag_and_lefthand": {
					"rotation": {
						"0.5667": [0, 0, 0],
						"0.7333": [58.81061, 15.09492, -8.95891],
						"0.7667": [58.0242, 15.10928, -8.95171],
						"0.8": [56.74618, 15.13261, -8.94001],
						"1.2333": [35.07492, 15.52829, -8.74163],
						"1.6333": [14.2291, 15.9089, -8.5508],
						"1.7667": [7.8166, 16.02598, -8.4921],
						"1.8": [6.3747, 16.0523, -8.4789],
						"1.8333": [5.09664, 16.07564, -8.4672],
						"1.8667": [4.31, 16.09, -8.46],
						"1.9": [4.28321, 15.22499, -8.06514],
						"1.9333": [4.1841, 12.02544, -6.58375],
						"2.0": [3.81768, 0.19653, -1.13119],
						"2.0333": [3.71857, -3.00302, 0.30958],
						"2.0667": [3.69178, -3.86803, 0.73304],
						"2.3": [3.6908, -4.41907, 1.01526],
						"2.4": [3.6903, -4.70292, 0.61413],
						"2.4333": [3.69016, -4.7816, 0.28028],
						"2.4667": [3.69005, -4.84252, -0.299],
						"2.5": [3.69, -4.87, -2.27],
						"2.5333": [3.69, -4.87, -7.09723],
						"2.5667": [3.69, -4.87, -10.38579],
						"2.6": [3.69, -4.87, -13.36054],
						"2.6333": [3.69, -4.87, -16.14139],
						"2.6667": [3.69, -4.87, -18.76128],
						"2.7": [3.69, -4.87, -21.21216],
						"2.7333": [3.69, -4.87, -23.4256],
						"2.7667": [3.69, -4.87, -24.92],
						"2.8": [3.69, -4.87, -22.68823],
						"2.8333": [3.69, -4.87, -19.63081],
						"2.8667": [3.69, -4.87, -16.69636],
						"2.9": [3.69, -4.87, -14.13674],
						"2.9333": [3.69, -4.87, -12.11024],
						"2.9667": [3.69, -4.87, -10.76435],
						"3.0": [3.69, -4.87, -10.27],
						"3.0333": [3.61415, -4.76988, -10.03682],
						"3.0667": [3.3336, -4.39956, -9.17433],
						"3.1333": [2.2964, -3.03044, -5.98567],
						"3.1667": [2.01585, -2.66012, -5.12318],
						"3.2": [1.94, -2.56, -4.89],
						"3.3": [1.23, -1.62, -5.9],
						"3.4": [1.09, -1.43, -3.92],
						"3.4667": [0, 0, 0],
						"3.5333": [-0.575, 0, 0],
						"3.6333": [0.425, 0, 0],
						"3.7667": [-0.075, 0, 0]
					},
					"position": {
						"0.3667": [0, 0, 0],
						"0.5667": [0, -11.025, 0],
						"0.7333": [0, -11.02, 0],
						"0.7667": [0.33445, -11.22125, 0],
						"0.8": [0.91764, -11.57167, 0],
						"0.8333": [1.59359, -11.97725, 0],
						"0.8667": [2.32162, -12.41348, 0],
						"0.9": [3.08372, -12.86949, 0],
						"0.9333": [3.86997, -13.3393, 0],
						"0.9667": [4.67413, -13.81911, 0],
						"1.0": [5.4921, -14.30641, 0],
						"1.3": [13.11801, -18.80187, 0],
						"1.4": [15.65101, -20.26299, 0],
						"1.4333": [16.47872, -20.73339, 0],
						"1.4667": [17.29183, -21.19013, 0],
						"1.5": [18.08339, -21.62727, 0],
						"1.5333": [18.84082, -22.03401, 0],
						"1.5667": [19.53586, -22.38602, 0],
						"1.6": [20.06, -22.59, 0],
						"1.6333": [19.74745, -21.9152, 0],
						"1.6667": [17.4135, -15.15314, 0],
						"1.7": [12.06319, -12.51519, 0],
						"1.7333": [8.40349, -11.72725, 0],
						"1.7667": [7.5, -11.52, 0],
						"1.8": [7.58149, -11.32645, 0],
						"1.8333": [7.98934, -10.71202, 0],
						"1.8667": [8.64788, -9.47247, 0],
						"1.9": [9.38074, -7.21638, 0],
						"1.9333": [9.99448, -3.32836, 0],
						"1.9667": [10.37604, 0.73882, 0],
						"2.0": [10.5, 1.78, 0],
						"2.0333": [10.5, 1.43524, 0],
						"2.0667": [10.5, 0.21853, 0],
						"2.1": [10.5, -0.31573, 0],
						"2.1333": [10.5, -0.41, 0],
						"2.1667": [10.5, -0.38325, 0],
						"2.2": [10.5, -0.3229, 0],
						"2.3333": [10.5, 0.02459, 0],
						"2.3667": [10.5, 0.10772, 0],
						"2.4": [10.5, 0.17446, 0],
						"2.4333": [10.5, 0.2039, 0],
						"2.4667": [10.5, 0.08, 0],
						"2.5": [10.52862, -1.83613, 0.00107],
						"2.5333": [10.68169, -4.60672, 0.00676],
						"2.5667": [10.51376, -7.30027, 0.00034],
						"2.6": [10.24, -8.9, -0.01],
						"2.6333": [9.91176, -8.60139, -0.02208],
						"2.6667": [9.32182, -8.26861, -0.04659],
						"2.7": [7.97285, -8.0794, -0.12426],
						"2.7333": [6.49771, -8.02531, -0.22684],
						"2.7667": [5.25, -8.08, -0.32],
						"2.8": [4.05822, -7.88973, -0.41108],
						"2.8333": [2.85008, -6.90789, -0.50412],
						"2.8667": [1.8131, -4.98899, -0.58496],
						"2.9": [1.23849, -3.02991, -0.63057],
						"2.9333": [1.0395, -1.96039, -0.64672],
						"2.9667": [1, -1.67, -0.65],
						"3.1333": [0, -1.59, -0.12],
						"3.2": [0.5, -1.02, -0.1],
						"3.2667": [0.5, -1.1, -0.09],
						"3.4": [0, -1.65, -0.12],
						"3.8": [0, -1.55, -0.34],
						"3.8667": [0, 0, 0]
					}
				},
				"lefthand": {
					"rotation": {
						"0.0": {
							"post": [122.68242, -381.16012, -185.01647],
							"lerp_mode": "catmullrom"
						},
						"0.2": {
							"post": [116.42785, -381.16012, -185.01647],
							"lerp_mode": "catmullrom"
						},
						"0.9333": [116.43, -381.16, -185.02],
						"1.9333": [116.43, -381.16, -185.02],
						"2.0667": [114.52773, -360.79738, -175.2118],
						"2.5": [114.5282, -360.79792, -175.21143],
						"2.9333": [114.52872, -360.79852, -175.21101],
						"3.3667": [114.52925, -360.79913, -175.2106],
						"3.8": [114.52976, -360.79973, -175.21019],
						"4.0333": [114.53, -360.8, -175.21],
						"4.0667": [114.5442, -361.13026, -175.3625],
						"4.1": [114.58527, -362.08594, -175.80381],
						"4.1333": [114.64803, -363.54609, -176.47806],
						"4.2": [114.79819, -367.03935, -178.09114],
						"4.2333": [114.86095, -368.49954, -178.76542],
						"4.2667": [114.90203, -369.45528, -179.20675],
						"4.3": [114.91623, -369.78561, -179.35928],
						"4.7333": [114.92, -369.79, -179.36],
						"4.7667": [115.14378, -370.11779, -179.52307],
						"4.8": [115.65802, -370.87103, -179.8978],
						"4.8333": [116.33557, -371.86348, -180.39153],
						"5.0": [120.49151, -377.95095, -183.41995],
						"5.0333": [121.26685, -379.08664, -183.98495],
						"5.0667": [121.9444, -380.07909, -184.47868],
						"5.1": [122.45864, -380.83233, -184.8534],
						"5.1333": [122.68242, -381.16012, -185.01647]
					},
					"position": {
						"0.0": [8.5125, -12, -8.5],
						"0.0333": [8.47468, -12.09529, -8.45912],
						"0.0667": [8.35358, -12.40043, -8.0373],
						"0.1": [8.15367, -12.90414, -6.64912],
						"0.1333": [7.91881, -13.49592, -6.22628],
						"0.1667": [7.7189, -13.99961, -6.042],
						"0.2": [7.59781, -14.30473, -5.95569],
						"0.2333": [7.56, -14.4, -5.925],
						"0.2667": [7.56, -14.4, -5.95177],
						"0.3": [7.56, -14.4, -6.11175],
						"0.3333": [7.56, -14.4, -6.69786],
						"0.3667": [7.56, -14.4, -8.26092],
						"0.4": [7.56, -14.4, -8.42],
						"0.4333": [7.55804, -14.451, -8.42458],
						"0.8667": [7.50786, -15.75559, -8.54166],
						"1.3": [7.45389, -17.15877, -8.66758],
						"1.5667": [7.42214, -17.98442, -8.74168],
						"1.6667": [7.41196, -18.249, -8.76542],
						"1.7": [7.41, -18.3, -8.77],
						"2.1333": [7.41, -18.3, -8.77],
						"2.5667": [7.41, -18.3, -8.77],
						"3.0": [7.41, -18.3, -8.77],
						"3.4333": [7.41, -18.3, -8.77],
						"3.8667": [7.41, -18.3, -8.77],
						"4.0333": [7.41, -18.3, -8.77],
						"4.0667": [7.41, -18.14747, -8.53993],
						"4.1": [7.41, -17.70609, -7.5675],
						"4.1333": [7.41, -17.03172, -6.10507],
						"4.1667": [7.41, -16.22504, -5.10898],
						"4.2": [7.41, -15.41836, -4.53867],
						"4.2333": [7.41, -14.74397, -4.22128],
						"4.2667": [7.41, -14.30256, -4.06496],
						"4.3": [7.41, -14.15, -4.02],
						"4.3333": [7.41, -14.163, -4.01091],
						"4.3667": [7.41, -14.2111, -3.97638],
						"4.4": [7.41, -14.3, -3.89317],
						"4.4333": [7.41, -14.3889, -3.65825],
						"4.4667": [7.41, -14.437, -3.22227],
						"4.5": [7.41, -14.45, -3.17],
						"4.5333": [7.41, -14.43809, -3.06796],
						"4.5667": [7.41, -14.39995, -2.75262],
						"4.6": [7.41, -14.33698, -2.36751],
						"4.6333": [7.41, -14.26301, -2.27539],
						"4.6667": [7.41, -14.20005, -2.5992],
						"4.7": [7.41, -14.16191, -3.21811],
						"4.7333": [7.41, -14.15, -4.02],
						"4.7667": [7.51377, -14.16999, -4.85138],
						"4.8": [7.88123, -14.21866, -5.56134],
						"4.8333": [8.54941, -14.26093, -5.99122],
						"4.8667": [9.28618, -14.21865, -5.99261],
						"4.9": [9.73979, -13.94548, -6.0777],
						"4.9333": [9.87, -13.25, -6.39],
						"4.9667": [9.77481, -12.31048, -6.86722],
						"5.0": [9.06026, -11.99341, -7.85681],
						"5.0333": [8.58333, -11.99251, -8.4468],
						"5.0667": [8.5125, -12, -8.5]
					},
					"scale": [1, 1.5, 1]
				},
				"mag_and_bullet": {
					"scale": {
						"0.0": [0, 0, 0],
						"1.6333": {"pre": [0, 0, 0], "post": [1, 1, 1]}
					}
				},
				"bullet": {
					"scale": {
						"0.0": [0, 0, 0],
						"1.6333": {"pre": [0, 0, 0], "post": [1, 1, 1]}
					}
				},
				"righthand": {
					"rotation": {
						"0.0": [100.96653, 24.10393, -175.47527],
						"0.2333": [76.49742, 24.10041, -175.47951],
						"4.5333": [76.5, 24.1, -175.48],
						"4.9333": [100.96653, 24.10393, -175.47527]
					},
					"position": [-6.6, -11.9875, 5.6],
					"scale": [1, 1.5, 1]
				},
				"constraint": {
					"rotation": {
						"1.7": [0.05, 0.05, 0.08],
						"1.8667": [0.05, 0.2, 0.1]
					},
					"position": {
						"1.7": [0.06, 0.06, 0.06],
						"1.8667": [0.15, 0.2, 0.35]
					}
				},
				"additional_magazine": {
					"rotation": {
						"0.5667": [0, 0, 0],
						"0.7333": [56.11611, 24.51019, 3.28992]
					},
					"position": {
						"0.3667": [0, 0, 0],
						"0.5667": [0, -9, 0],
						"0.7333": [1.8125, -12.15, -6.8125]
					},
					"scale": {
						"0.0": [1, 1, 1],
						"0.7667": {"pre": [1, 1, 1], "post": [0, 0, 0]}
					}
				},
				"camera": {
					"rotation": {
						"0.0": {
							"post": [0, 0, 0],
							"lerp_mode": "catmullrom"
						},
						"0.1667": {
							"post": [-0.01, 0.01, -0.06],
							"lerp_mode": "catmullrom"
						},
						"0.2667": {
							"post": [0.19, 0.04, -0.2],
							"lerp_mode": "catmullrom"
						},
						"0.3333": {
							"post": [0.58, 0.07, -0.43],
							"lerp_mode": "catmullrom"
						},
						"0.4": {
							"post": [1.13, 0.12, -0.75],
							"lerp_mode": "catmullrom"
						},
						"0.6667": {
							"post": [2.31, 0.23, -1.35],
							"lerp_mode": "catmullrom"
						},
						"0.9": {
							"post": [2.46, 0.25, -1.28],
							"lerp_mode": "catmullrom"
						},
						"1.1": {
							"post": [2.3, 0.21, -1.24],
							"lerp_mode": "catmullrom"
						},
						"1.4": {
							"post": [1.84, 0.12, -1.17],
							"lerp_mode": "catmullrom"
						},
						"1.5": {
							"post": [1.83, 0.1, -1.2],
							"lerp_mode": "catmullrom"
						},
						"1.6": {
							"post": [2.31, 0.08, -1.6],
							"lerp_mode": "catmullrom"
						},
						"1.7": {
							"post": [2.8, -0.92, -1.91],
							"lerp_mode": "catmullrom"
						},
						"1.8333": {
							"post": [2.73, -4.45, -1.71],
							"lerp_mode": "catmullrom"
						},
						"2.0": {
							"post": [2.4, -6.51, -1.6],
							"lerp_mode": "catmullrom"
						},
						"2.3667": {
							"post": [1.86, -6.1, -1.44],
							"lerp_mode": "catmullrom"
						},
						"2.6": {
							"post": [1.4, -0.18, -1.3],
							"lerp_mode": "catmullrom"
						},
						"3.0": {
							"post": [3.23, 3.5, -1.8],
							"lerp_mode": "catmullrom"
						},
						"3.1667": {
							"post": [3.15, 4.51, -1.76],
							"lerp_mode": "catmullrom"
						},
						"3.3333": {
							"post": [3.15, 5.52, -1.25],
							"lerp_mode": "catmullrom"
						},
						"3.5": {
							"post": [3.5, 5.53, -1.21],
							"lerp_mode": "catmullrom"
						},
						"3.7": {
							"post": [3.79, 5.55, -1.23],
							"lerp_mode": "catmullrom"
						},
						"3.8333": {
							"post": [3.53, 5.55, -0.7],
							"lerp_mode": "catmullrom"
						},
						"3.9667": {
							"post": [4.46, 6.03, -1.49],
							"lerp_mode": "catmullrom"
						},
						"4.2": {
							"post": [4.51, 5.51, 0.68],
							"lerp_mode": "catmullrom"
						},
						"4.4333": {
							"post": [4.52, 5.53, 0.11],
							"lerp_mode": "catmullrom"
						},
						"4.8667": {
							"post": [-0.06, 0.5, -0.3],
							"lerp_mode": "catmullrom"
						},
						"5.2667": {
							"post": [0.03, -0.01, 0.02],
							"lerp_mode": "catmullrom"
						},
						"5.3333": {
							"post": [0, 0, 0],
							"lerp_mode": "catmullrom"
						}
					}
				},
				"root": {
					"rotation": {
						"0.0": [0, 0, 0],
						"0.0333": [-0.67235, 0, 0],
						"0.0667": [-2.79389, 0, 0],
						"0.1333": [-9.37987, 0, 0],
						"0.1667": [-11.78499, 0, 0],
						"0.2": [-12.99896, 0, 0],
						"0.2333": [-13.16514, 0, 0],
						"0.2667": [-12.5, 0, 0],
						"0.3": [-11.53677, 0.10474, 0],
						"0.4333": [-8.6185, 1.28075, 0],
						"0.5": [-7.71417, 2.00004, 0],
						"0.5333": [-7.42079, 2.3627, 0],
						"0.5667": [-7.25006, 2.71932, 0],
						"0.6": [-7.22156, 3.06301, 0],
						"0.6333": [-7.36329, 3.38463, 0],
						"0.6667": [-7.71773, 3.67039, 0],
						"0.7": [-8.35291, 3.89529, 0],
						"0.7333": [-9.39, 4, 0],
						"0.7667": [-10.30277, 4.01371, 0],
						"0.8": [-10.65856, 4.04411, 0],
						"0.8333": [-10.66632, 4.08338, 0],
						"0.8667": [-10.44712, 4.12791, 0],
						"1.0": [-8.6804, 4.32438, 0],
						"1.0333": [-8.28069, 4.37208, 0],
						"1.0667": [-8.01189, 4.41662, 0],
						"1.1": [-7.95906, 4.45588, 0],
						"1.1333": [-8.25411, 4.48628, 0],
						"1.1667": [-9.14, 4.5, 0],
						"1.2": [-9.87616, 4.44004, 0],
						"1.2333": [-10.23113, 4.3451, 0],
						"1.6667": [-10.78906, 2.76358, 0],
						"2.1": [-10.50403, 1.10149, 0],
						"2.3": [-10.9328, 0.37337, 0],
						"2.3667": [-11.39074, 0.15488, 0],
						"2.4": [-11.78843, 0.05995, 0],
						"2.4333": [-12.5, 0, 0],
						"2.4667": [-13.42581, -0.58946, -1.36257],
						"2.5": [-14.03537, -2.03539, -5.24657],
						"2.5333": [-14.30865, -3.99375, -10.84483],
						"2.5667": [-14.23737, -6.22241, -16.94202],
						"2.6": [-13.8342, -8.52512, -22.48394],
						"2.6333": [-13.14289, -10.71978, -26.88768],
						"2.6667": [-12.24602, -12.61245, -29.96916],
						"2.7": [-11.26145, -13.96747, -31.75916],
						"2.7333": [-10.32575, -14.45698, -32.37363],
						"2.7667": [-9.568, -13.55348, -31.94798],
						"2.8": [-9.19118, -11.90435, -31.06145],
						"2.8333": [-9.27093, -10.77688, -30.22016],
						"2.8667": [-9.73761, -10.22835, -29.46825],
						"2.9": [-10.52876, -10.15325, -28.93286],
						"2.9333": [-11.5769, -10.2992, -28.91113],
						"2.9667": [-12.77499, -10.42991, -29.11259],
						"3.0": [-13.72, -10.42, -29.1],
						"3.0333": [-13.44393, -10.33903, -29.01198],
						"3.2333": [-10.77506, -10.19805, -28.84372],
						"3.3": [-10.13245, -10.17561, -28.81172],
						"3.3333": [-9.97, -10.15, -28.78],
						"3.7": [-9.57687, -9.81919, -28.35997],
						"3.7667": [-9.74, -9.79, -28.28],
						"3.8": [-10.43274, -9.78067, -28.23437],
						"3.8333": [-11.63669, -9.76018, -28.21307],
						"3.8667": [-12.22, -9.78, -28.22],
						"3.9": [-10.53889, -9.73837, -28.14272],
						"3.9333": [-9.67, -9.62, -27.99],
						"4.2667": [-9.6296, -9.56741, -27.80619],
						"4.4333": [-9.59916, -10.29097, -28.41909],
						"4.5333": [-9.58192, -11.29477, -29.35458],
						"4.5667": [-9.5768, -11.81934, -29.87536],
						"4.6": [-9.57243, -12.51989, -30.62054],
						"4.6333": [-9.57, -13.55, -31.95],
						"4.6667": [-9.29411, -14.29383, -32.16234],
						"4.7": [-8.66012, -14.02493, -30.26076],
						"4.7333": [-7.82479, -12.93672, -27.32515],
						"4.7667": [-6.8689, -11.22905, -23.80795],
						"4.8": [-5.8431, -9.10623, -19.96539],
						"4.8667": [-3.7269, -4.44377, -11.98461],
						"4.9": [-2.7011, -2.32095, -8.14205],
						"4.9333": [-1.74521, -0.61328, -4.62485],
						"4.9667": [-0.90988, 0.47493, -1.68924],
						"5.0": [-0.27589, 0.74383, 0.21234],
						"5.0333": [0, 0, 0]
					},
					"position": {
						"0.0": [0, 0, 0],
						"0.0333": [0, -0.1395, -0.03675],
						"0.0667": [0, -0.59194, -0.14311],
						"0.1": [0, -1.3073, -0.30561],
						"0.1333": [0, -2.05845, -0.49999],
						"0.1667": [0, -2.63492, -0.69437],
						"0.2": [0, -2.98503, -0.85687],
						"0.2333": [0, -3.13864, -0.96324],
						"0.2667": [0, -3.1375, -1],
						"0.3": [0, -3.05953, -1],
						"0.3333": [0, -2.94999, -1],
						"0.3667": [0, -2.78361, -1],
						"0.4": [0, -2.49024, -1],
						"0.4333": [0, -2.28, -1],
						"0.4667": [0, -2.78254, -1],
						"0.5": [0, -3.56726, -1],
						"0.5333": [0, -4.11614, -1],
						"0.5667": [0, -4.47864, -1],
						"0.6": [0, -4.71454, -1],
						"0.6333": [0, -4.85986, -1],
						"0.6667": [0, -4.93681, -1],
						"0.7": [0, -4.96, -1],
						"0.7333": [0, -4.96109, -0.99404],
						"0.7667": [0, -4.96526, -0.97497],
						"0.8333": [0, -4.99313, -0.90651],
						"0.8667": [0, -5.03771, -0.87502],
						"0.9": [0, -5.08266, -0.85595],
						"0.9333": {
							"pre": [0, -5.09, -0.85],
							"post": [0, -5.09, -0.85],
							"lerp_mode": "catmullrom"
						},
						"1.2333": {
							"post": [0, -4.52, -0.9],
							"lerp_mode": "catmullrom"
						},
						"1.6": {
							"post": [0, -4.6, -0.8],
							"lerp_mode": "catmullrom"
						},
						"1.8333": {
							"post": [0, -4.41, -0.91],
							"lerp_mode": "catmullrom"
						},
						"2.2": {
							"post": [0, -4.41, -0.81],
							"lerp_mode": "catmullrom"
						},
						"2.4333": {
							"post": [0, -3.8875, -1],
							"lerp_mode": "catmullrom"
						},
						"2.6667": {
							"post": [0, -2.77, -0.88],
							"lerp_mode": "catmullrom"
						},
						"2.7": [0, -2.75015, -0.88],
						"2.7333": [0, -2.68658, -0.88],
						"2.7667": [0, -2.58164, -0.88],
						"2.8": [0, -2.45835, -0.88],
						"2.8333": [0, -2.35341, -0.88],
						"2.8667": [0, -2.28985, -0.88],
						"2.9": [0, -2.27, -0.88],
						"2.9333": [-0.00981, -2.25082, -0.87946],
						"2.9667": [-0.0487, -2.18037, -0.875],
						"3.0": [-0.14472, -2.02532, -0.87054],
						"3.0333": [-0.25, -1.84, -0.87],
						"3.0667": [-0.1666, -1.77761, -0.87217],
						"3.1": [-0.05836, -1.72249, -0.89],
						"3.1333": [-0.01196, -1.74318, -0.90783],
						"3.1667": [0, -1.87, -0.91],
						"3.2": [0.00404, -2.03279, -0.91226],
						"3.2333": [0.02364, -2.07633, -0.92836],
						"3.2667": [0.01, -2.01, -0.92],
						"3.3": [-0.00871, -2.03055, -0.91254],
						"3.5": [0.04189, -2.34639, -0.91137],
						"3.5333": [0.04666, -2.39347, -0.91627],
						"3.5667": [0.04377, -2.43009, -0.92245],
						"3.6": [0.01, -2.42, -0.93],
						"3.6333": [-0.07005, -2.38407, -0.93944],
						"3.6667": [-0.06074, -2.4558, -0.95367],
						"3.7": [-0.03147, -2.51923, -0.95383],
						"3.7333": [0, -2.57, -0.95],
						"3.7667": [0.0098, -2.57858, -0.94643],
						"3.8": [-0.04787, -2.48544, -0.94504],
						"3.8333": [-0.25235, -2.20669, -0.94362],
						"3.8667": [-0.49, -1.69, -0.94],
						"3.9": [-0.5354, -1.69478, -0.93649],
						"3.9333": [-0.52864, -1.80406, -0.93478],
						"3.9667": [-0.51359, -1.89119, -0.93727],
						"4.0": [-0.50337, -1.94318, -0.93946],
						"4.0333": {
							"pre": [-0.5, -1.96, -0.94],
							"post": [-0.5, -1.96, -0.94],
							"lerp_mode": "catmullrom"
						},
						"4.3": [0.02, -3.11, -0.48],
						"4.4333": {
							"pre": [0.04, -3.11, 0.54],
							"post": [0.04, -3.11, 0.54],
							"lerp_mode": "catmullrom"
						},
						"4.6333": [0, -2.77, -0.88],
						"5.0333": [0, 0, 0]
					}
				}
			},
			"sound_effects": {
				"0.0333": {
					"effect": "wfoly_plr_sm_uzulu_raise_quick_up"
				},
				"0.2333": {
					"effect": "wfoly_plr_sm_uzulu_reload_empty_fast_tilt"
				},
				"0.5": {
					"effect": "wfoly_plr_sm_uzulu_reload_magout_01"
				},
				"0.9333": {
					"effect": "wfoly_plr_sm_uzulu_reload_magin_01"
				},
				"1.3333": {
					"effect": "wfoly_plr_sm_uzulu_reload_end"
				}
			}
		},
		"reload_empty": {
			"animation_length": 6.4667,
			"bones": {
				"mag_and_lefthand": {
					"rotation": {
						"0.5667": [0, 0, 0],
						"0.7333": [58.81061, 15.09492, -8.95891],
						"0.7667": [58.0242, 15.10928, -8.95171],
						"0.8": [56.74618, 15.13261, -8.94001],
						"1.2333": [35.07492, 15.52829, -8.74163],
						"1.6333": [14.2291, 15.9089, -8.5508],
						"1.7667": [7.8166, 16.02598, -8.4921],
						"1.8": [6.3747, 16.0523, -8.4789],
						"1.8333": [5.09664, 16.07564, -8.4672],
						"1.8667": [4.31, 16.09, -8.46],
						"1.9": [4.28321, 15.22499, -8.06514],
						"1.9333": [4.1841, 12.02544, -6.58375],
						"2.0": [3.81768, 0.19653, -1.13119],
						"2.0333": [3.71857, -3.00302, 0.30958],
						"2.0667": [3.69178, -3.86803, 0.73304],
						"2.3": [3.6908, -4.41907, 1.01526],
						"2.4": [3.6903, -4.70292, 0.61413],
						"2.4333": [3.69016, -4.7816, 0.28028],
						"2.4667": [3.69005, -4.84252, -0.299],
						"2.5": [3.69, -4.87, -2.27],
						"2.5333": [3.69, -4.87, -7.09723],
						"2.5667": [3.69, -4.87, -10.38579],
						"2.6": [3.69, -4.87, -13.36054],
						"2.6333": [3.69, -4.87, -16.14139],
						"2.6667": [3.69, -4.87, -18.76128],
						"2.7": [3.69, -4.87, -21.21216],
						"2.7333": [3.69, -4.87, -23.4256],
						"2.7667": [3.69, -4.87, -24.92],
						"2.8": [3.69, -4.87, -22.68823],
						"2.8333": [3.69, -4.87, -19.63081],
						"2.8667": [3.69, -4.87, -16.69636],
						"2.9": [3.69, -4.87, -14.13674],
						"2.9333": [3.69, -4.87, -12.11024],
						"2.9667": [3.69, -4.87, -10.76435],
						"3.0": [3.69, -4.87, -10.27],
						"3.0333": [3.61415, -4.76988, -10.03682],
						"3.0667": [3.3336, -4.39956, -9.17433],
						"3.1333": [2.2964, -3.03044, -5.98567],
						"3.1667": [2.01585, -2.66012, -5.12318],
						"3.2": [1.94, -2.56, -4.89],
						"3.3": [1.23, -1.62, -5.9],
						"3.4": [1.09, -1.43, -3.92],
						"3.4667": [0, 0, 0],
						"3.5333": [-0.575, 0, 0],
						"3.6333": [0.425, 0, 0],
						"3.7667": [-0.075, 0, 0]
					},
					"position": {
						"0.3667": [0, 0, 0],
						"0.5667": [0, -11.025, 0],
						"0.7333": [0, -11.02, 0],
						"0.7667": [0.33445, -11.22125, 0],
						"0.8": [0.91764, -11.57167, 0],
						"0.8333": [1.59359, -11.97725, 0],
						"0.8667": [2.32162, -12.41348, 0],
						"0.9": [3.08372, -12.86949, 0],
						"0.9333": [3.86997, -13.3393, 0],
						"0.9667": [4.67413, -13.81911, 0],
						"1.0": [5.4921, -14.30641, 0],
						"1.3": [13.11801, -18.80187, 0],
						"1.4": [15.65101, -20.26299, 0],
						"1.4333": [16.47872, -20.73339, 0],
						"1.4667": [17.29183, -21.19013, 0],
						"1.5": [18.08339, -21.62727, 0],
						"1.5333": [18.84082, -22.03401, 0],
						"1.5667": [19.53586, -22.38602, 0],
						"1.6": [20.06, -22.59, 0],
						"1.6333": [19.74745, -21.9152, 0],
						"1.6667": [17.4135, -15.15314, 0],
						"1.7": [12.06319, -12.51519, 0],
						"1.7333": [8.40349, -11.72725, 0],
						"1.7667": [7.5, -11.52, 0],
						"1.8": [7.58149, -11.32645, 0],
						"1.8333": [7.98934, -10.71202, 0],
						"1.8667": [8.64788, -9.47247, 0],
						"1.9": [9.38074, -7.21638, 0],
						"1.9333": [9.99448, -3.32836, 0],
						"1.9667": [10.37604, 0.73882, 0],
						"2.0": [10.5, 1.78, 0],
						"2.0333": [10.5, 1.43524, 0],
						"2.0667": [10.5, 0.21853, 0],
						"2.1": [10.5, -0.31573, 0],
						"2.1333": [10.5, -0.41, 0],
						"2.1667": [10.5, -0.38325, 0],
						"2.2": [10.5, -0.3229, 0],
						"2.3333": [10.5, 0.02459, 0],
						"2.3667": [10.5, 0.10772, 0],
						"2.4": [10.5, 0.17446, 0],
						"2.4333": [10.5, 0.2039, 0],
						"2.4667": [10.5, 0.08, 0],
						"2.5": [10.52862, -1.83613, 0.00107],
						"2.5333": [10.68169, -4.60672, 0.00676],
						"2.5667": [10.51376, -7.30027, 0.00034],
						"2.6": [10.24, -8.9, -0.01],
						"2.6333": [9.91176, -8.60139, -0.02208],
						"2.6667": [9.32182, -8.26861, -0.04659],
						"2.7": [7.97285, -8.0794, -0.12426],
						"2.7333": [6.49771, -8.02531, -0.22684],
						"2.7667": [5.25, -8.08, -0.32],
						"2.8": [4.05822, -7.88973, -0.41108],
						"2.8333": [2.85008, -6.90789, -0.50412],
						"2.8667": [1.8131, -4.98899, -0.58496],
						"2.9": [1.23849, -3.02991, -0.63057],
						"2.9333": [1.0395, -1.96039, -0.64672],
						"2.9667": [1, -1.67, -0.65],
						"3.1333": [0, -1.59, -0.12],
						"3.2": [0.5, -1.02, -0.1],
						"3.2667": [0.5, -1.1, -0.09],
						"3.4": [0, -1.65, -0.12],
						"3.8": [0, -1.55, -0.34],
						"3.8667": [0, 0, 0]
					}
				},
				"lefthand": {
					"rotation": {
						"0.0": {
							"post": [122.68242, -381.16012, -185.01647],
							"lerp_mode": "catmullrom"
						},
						"0.2": {
							"post": [116.42785, -381.16012, -185.01647],
							"lerp_mode": "catmullrom"
						},
						"0.9333": [116.43, -381.16, -185.02],
						"1.9333": [116.43, -381.16, -185.02],
						"2.0667": [114.52773, -360.79738, -175.2118],
						"2.5": [114.5282, -360.79792, -175.21143],
						"2.9333": [114.52872, -360.79852, -175.21101],
						"3.3667": [114.52925, -360.79913, -175.2106],
						"3.8": [114.52976, -360.79973, -175.21019],
						"4.0333": [114.53, -360.8, -175.21],
						"4.0667": [114.5442, -361.13026, -175.3625],
						"4.1": [114.58527, -362.08594, -175.80381],
						"4.1333": [114.64803, -363.54609, -176.47806],
						"4.2": [114.79819, -367.03935, -178.09114],
						"4.2333": [114.86095, -368.49954, -178.76542],
						"4.2667": [114.90203, -369.45528, -179.20675],
						"4.3": [114.91623, -369.78561, -179.35928],
						"4.7333": [114.92, -369.79, -179.36],
						"4.7667": [115.14378, -370.11779, -179.52307],
						"4.8": [115.65802, -370.87103, -179.8978],
						"4.8333": [116.33557, -371.86348, -180.39153],
						"5.0": [120.49151, -377.95095, -183.41995],
						"5.0333": [121.26685, -379.08664, -183.98495],
						"5.0667": [121.9444, -380.07909, -184.47868],
						"5.1": [122.45864, -380.83233, -184.8534],
						"5.1333": [122.68242, -381.16012, -185.01647]
					},
					"position": {
						"0.0": [8.5125, -12, -8.5],
						"0.0333": [8.47468, -12.09529, -8.45912],
						"0.0667": [8.35358, -12.40043, -8.0373],
						"0.1": [8.15367, -12.90414, -6.64912],
						"0.1333": [7.91881, -13.49592, -6.22628],
						"0.1667": [7.7189, -13.99961, -6.042],
						"0.2": [7.59781, -14.30473, -5.95569],
						"0.2333": [7.56, -14.4, -5.925],
						"0.2667": [7.56, -14.4, -5.95177],
						"0.3": [7.56, -14.4, -6.11175],
						"0.3333": [7.56, -14.4, -6.69786],
						"0.3667": [7.56, -14.4, -8.26092],
						"0.4": [7.56, -14.4, -8.42],
						"0.4333": [7.55804, -14.451, -8.42458],
						"0.8667": [7.50786, -15.75559, -8.54166],
						"1.3": [7.45389, -17.15877, -8.66758],
						"1.5667": [7.42214, -17.98442, -8.74168],
						"1.6667": [7.41196, -18.249, -8.76542],
						"1.7": [7.41, -18.3, -8.77],
						"2.1333": [7.41, -18.3, -8.77],
						"2.5667": [7.41, -18.3, -8.77],
						"3.0": [7.41, -18.3, -8.77],
						"3.4333": [7.41, -18.3, -8.77],
						"3.8667": [7.41, -18.3, -8.77],
						"4.0333": [7.41, -18.3, -8.77],
						"4.0667": [7.41, -18.14747, -8.53993],
						"4.1": [7.41, -17.70609, -7.5675],
						"4.1333": [7.41, -17.03172, -6.10507],
						"4.1667": [7.41, -16.22504, -5.10898],
						"4.2": [7.41, -15.41836, -4.53867],
						"4.2333": [7.41, -14.74397, -4.22128],
						"4.2667": [7.41, -14.30256, -4.06496],
						"4.3": [7.41, -14.15, -4.02],
						"4.3333": [7.41, -14.163, -4.01091],
						"4.3667": [7.41, -14.2111, -3.97638],
						"4.4": [7.41, -14.3, -3.89317],
						"4.4333": [7.41, -14.3889, -3.65825],
						"4.4667": [7.41, -14.437, -3.22227],
						"4.5": [7.41, -14.45, -3.17],
						"4.5333": [7.41, -14.43809, -3.06796],
						"4.5667": [7.41, -14.39995, -2.75262],
						"4.6": [7.41, -14.33698, -2.36751],
						"4.6333": [7.41, -14.26301, -2.27539],
						"4.6667": [7.41, -14.20005, -2.5992],
						"4.7": [7.41, -14.16191, -3.21811],
						"4.7333": [7.41, -14.15, -4.02],
						"4.7667": [7.51377, -14.16999, -4.85138],
						"4.8": [7.88123, -14.21866, -5.56134],
						"4.8333": [8.54941, -14.26093, -5.99122],
						"4.8667": [9.28618, -14.21865, -5.99261],
						"4.9": [9.73979, -13.94548, -6.0777],
						"4.9333": [9.87, -13.25, -6.39],
						"4.9667": [9.77481, -12.31048, -6.86722],
						"5.0": [9.06026, -11.99341, -7.85681],
						"5.0333": [8.58333, -11.99251, -8.4468],
						"5.0667": [8.5125, -12, -8.5]
					},
					"scale": [1, 1.5, 1]
				},
				"mag_and_bullet": {
					"scale": {
						"0.0": [0, 0, 0],
						"1.6333": {"pre": [0, 0, 0], "post": [1, 1, 1]}
					}
				},
				"bullet": {
					"scale": {
						"0.0": [0, 0, 0],
						"1.6333": {"pre": [0, 0, 0], "post": [1, 1, 1]}
					}
				},
				"righthand": {
					"rotation": {
						"0.0": [100.96653, 24.10393, -175.47527],
						"0.2333": [76.49742, 24.10041, -175.47951],
						"4.5333": {
							"pre": [76.5, 24.1, -175.48],
							"post": [76.5, 24.1, -175.48],
							"lerp_mode": "catmullrom"
						},
						"4.9333": {
							"post": [100.96653, 24.10393, -175.47527],
							"lerp_mode": "catmullrom"
						},
						"5.3667": {
							"post": [100.07698, 6.88939, -178.7843],
							"lerp_mode": "catmullrom"
						},
						"5.5667": {
							"post": [100.22522, 11.81181, -177.88705],
							"lerp_mode": "catmullrom"
						},
						"5.6667": {
							"post": [100.23, 11.81, -177.89],
							"lerp_mode": "catmullrom"
						},
						"5.8333": {
							"post": [100.96653, 24.10393, -175.47527],
							"lerp_mode": "catmullrom"
						}
					},
					"position": {
						"4.6667": [-6.6, -11.9875, 5.6],
						"4.7": [-6.65513, -11.98759, 5.60951],
						"4.7333": [-6.81468, -11.98786, 5.63303],
						"4.7667": [-7.05844, -11.98826, 5.66396],
						"4.8333": [-7.64162, -11.98924, 5.72159],
						"4.8667": [-7.88537, -11.98964, 5.73076],
						"4.9": [-8.04489, -11.98991, 5.70531],
						"4.9333": [-8.1, -11.99, 5.6],
						"4.9667": [-8.13355, -11.98326, 5.02499],
						"5.0": [-8.3104, -11.94046, 3.68753],
						"5.0333": [-8.78546, -11.78649, 2.25392],
						"5.0667": [-9.19979, -11.60784, 1.072],
						"5.1": [-9.48, -11.46, 0.12],
						"5.1333": [-9.65962, -11.31361, -0.6872],
						"5.1667": [-9.7223, -11.15146, -1.37919],
						"5.2": [-9.67948, -10.98301, -1.938],
						"5.2333": [-9.55833, -10.82151, -2.35498],
						"5.2667": [-9.39936, -10.68164, -2.63595],
						"5.3": [-9.24713, -10.57578, -2.80131],
						"5.3333": [-9.13918, -10.51124, -2.87964],
						"5.3667": [-9.1, -10.49, -2.9],
						"5.5667": [-9.1, -10.49, -0.55],
						"5.6": [-9.07274, -10.49, -0.49971],
						"5.6333": [-8.7336, -10.49, 0.22175],
						"5.6667": [-8.6, -10.49, 1.1],
						"5.7": [-8.74564, -10.4915, 1.65673],
						"5.7333": [-9.20918, -10.51949, 2.46319],
						"5.7667": [-9.68778, -10.70248, 3.41892],
						"5.8": [-9.92536, -10.98461, 4.39944],
						"5.8333": [-9.97, -11.25, 5.19],
						"5.8667": [-9.73355, -11.5226, 5.7471],
						"5.9": [-8.05089, -11.84632, 6.10797],
						"5.9333": [-6.77483, -12.03017, 6.07681],
						"5.9667": [-6.6, -11.99, 5.6]
					},
					"scale": [1, 1.5, 1]
				},
				"constraint": {
					"rotation": {
						"1.7": [0.05, 0.05, 0.08],
						"1.8667": [0.05, 0.2, 0.1]
					},
					"position": {
						"1.7": [0.06, 0.06, 0.06],
						"1.8667": [0.15, 0.2, 0.35]
					}
				},
				"additional_magazine": {
					"rotation": {
						"0.5667": [0, 0, 0],
						"0.7333": [56.11611, 24.51019, 3.28992]
					},
					"position": {
						"0.3667": [0, 0, 0],
						"0.5667": [0, -9, 0],
						"0.7333": [1.8125, -12.15, -6.8125]
					},
					"scale": {
						"0.0": [1, 1, 1],
						"0.7667": {"pre": [1, 1, 1], "post": [0, 0, 0]}
					}
				},
				"root": {
					"rotation": {
						"0.0": [0, 0, 0],
						"0.0333": [-0.67235, 0, 0],
						"0.0667": [-2.79389, 0, 0],
						"0.1333": [-9.37987, 0, 0],
						"0.1667": [-11.78499, 0, 0],
						"0.2": [-12.99896, 0, 0],
						"0.2333": [-13.16514, 0, 0],
						"0.2667": [-12.5, 0, 0],
						"0.3": [-11.53677, 0.10474, 0],
						"0.4333": [-8.6185, 1.28075, 0],
						"0.5": [-7.71417, 2.00004, 0],
						"0.5333": [-7.42079, 2.3627, 0],
						"0.5667": [-7.25006, 2.71932, 0],
						"0.6": [-7.22156, 3.06301, 0],
						"0.6333": [-7.36329, 3.38463, 0],
						"0.6667": [-7.71773, 3.67039, 0],
						"0.7": [-8.35291, 3.89529, 0],
						"0.7333": [-9.39, 4, 0],
						"0.7667": [-10.30277, 4.01371, 0],
						"0.8": [-10.65856, 4.04411, 0],
						"0.8333": [-10.66632, 4.08338, 0],
						"0.8667": [-10.44712, 4.12791, 0],
						"1.0": [-8.6804, 4.32438, 0],
						"1.0333": [-8.28069, 4.37208, 0],
						"1.0667": [-8.01189, 4.41662, 0],
						"1.1": [-7.95906, 4.45588, 0],
						"1.1333": [-8.25411, 4.48628, 0],
						"1.1667": [-9.14, 4.5, 0],
						"1.2": [-9.87616, 4.44004, 0],
						"1.2333": [-10.23113, 4.3451, 0],
						"1.6667": [-10.78906, 2.76358, 0],
						"2.1": [-10.50403, 1.10149, 0],
						"2.3": [-10.9328, 0.37337, 0],
						"2.3667": [-11.39074, 0.15488, 0],
						"2.4": [-11.78843, 0.05995, 0],
						"2.4333": [-12.5, 0, 0],
						"2.4667": [-13.42581, -0.58946, -1.36257],
						"2.5": [-14.03537, -2.03539, -5.24657],
						"2.5333": [-14.30865, -3.99375, -10.84483],
						"2.5667": [-14.23737, -6.22241, -16.94202],
						"2.6": [-13.8342, -8.52512, -22.48394],
						"2.6333": [-13.14289, -10.71978, -26.88768],
						"2.6667": [-12.24602, -12.61245, -29.96916],
						"2.7": [-11.26145, -13.96747, -31.75916],
						"2.7333": [-10.32575, -14.45698, -32.37363],
						"2.7667": [-9.568, -13.55348, -31.94798],
						"2.8": [-9.19118, -11.90435, -31.06145],
						"2.8333": [-9.27093, -10.77688, -30.22016],
						"2.8667": [-9.73761, -10.22835, -29.46825],
						"2.9": [-10.52876, -10.15325, -28.93286],
						"2.9333": [-11.5769, -10.2992, -28.91113],
						"2.9667": [-12.77499, -10.42991, -29.11259],
						"3.0": [-13.72, -10.42, -29.1],
						"3.0333": [-13.44393, -10.33903, -29.01198],
						"3.2333": [-10.77506, -10.19805, -28.84372],
						"3.3": [-10.13245, -10.17561, -28.81172],
						"3.3333": [-9.97, -10.15, -28.78],
						"3.7": [-9.57687, -9.81919, -28.35997],
						"3.7667": [-9.74, -9.79, -28.28],
						"3.8": [-10.43274, -9.78067, -28.23437],
						"3.8333": [-11.63669, -9.76018, -28.21307],
						"3.8667": [-12.22, -9.78, -28.22],
						"3.9": [-10.53889, -9.73837, -28.14272],
						"3.9333": [-9.67, -9.62, -27.99],
						"4.2667": [-9.6296, -9.56741, -27.80619],
						"4.4333": [-9.59916, -10.29097, -28.41909],
						"4.5333": [-9.58192, -11.29477, -29.35458],
						"4.5667": [-9.5768, -11.81934, -29.87536],
						"4.6": [-9.57243, -12.51989, -30.62054],
						"4.6333": [-9.57, -13.55, -31.95],
						"4.6667": [-9.54198, -14.37188, -32.37808],
						"4.7": [-9.48182, -14.44773, -31.10306],
						"4.7333": [-9.40538, -14.0085, -29.04113],
						"4.7667": [-9.31934, -13.19557, -26.52472],
						"4.8": [-9.22741, -12.10413, -23.72327],
						"4.8333": [-9.13201, -10.80496, -20.74256],
						"4.8667": [-9.035, -9.35459, -17.6585],
						"4.9667": [-8.75067, -4.58453, -8.40774],
						"5.0": [-8.66463, -3.03249, -5.55593],
						"5.0333": [-8.58819, -1.62635, -2.99856],
						"5.0667": [-8.52802, -0.51192, -0.96291],
						"5.1": {
							"pre": [-8.5, 0, 0],
							"post": [-8.5, 0, 0],
							"lerp_mode": "catmullrom"
						},
						"5.4667": {
							"post": [-7.46, 0.67, 7.18],
							"lerp_mode": "catmullrom"
						},
						"5.6": {
							"post": [-11.11, 1.63, 5.02],
							"lerp_mode": "catmullrom"
						},
						"5.7333": {
							"post": [-8.08, 0.22, 5.81],
							"lerp_mode": "catmullrom"
						},
						"5.7667": [-8.05233, 0.21935, 5.81211],
						"5.9": [-7.75984, 0.16622, 5.80955],
						"5.9667": [-8.05, 0.1, 5.67],
						"6.0": [-7.95205, 0.06731, 4.89642],
						"6.0333": [-7.24969, 0.04172, 3.90271],
						"6.0667": [-6.07389, 0.02325, 2.92383],
						"6.1333": [-3.14578, 0.00432, 1.2031],
						"6.1667": [-1.83036, 0.00105, 0.51682],
						"6.2": [-0.82488, -0.00004, -0.01846],
						"6.2333": [-0.20625, -0.00011, -0.37097],
						"6.2667": [0, 0, -0.5],
						"6.3": [0, 0, -0.46833],
						"6.3333": [0, 0, -0.03167],
						"6.3667": [0, 0, 0]
					},
					"position": {
						"0.0": [0, 0, 0],
						"0.0333": [0, -0.1395, -0.03675],
						"0.0667": [0, -0.59194, -0.14311],
						"0.1": [0, -1.3073, -0.30561],
						"0.1333": [0, -2.05845, -0.49999],
						"0.1667": [0, -2.63492, -0.69437],
						"0.2": [0, -2.98503, -0.85687],
						"0.2333": [0, -3.13864, -0.96324],
						"0.2667": [0, -3.1375, -1],
						"0.3": [0, -3.05953, -1],
						"0.3333": [0, -2.94999, -1],
						"0.3667": [0, -2.78361, -1],
						"0.4": [0, -2.49024, -1],
						"0.4333": [0, -2.28, -1],
						"0.4667": [0, -2.78254, -1],
						"0.5": [0, -3.56726, -1],
						"0.5333": [0, -4.11614, -1],
						"0.5667": [0, -4.47864, -1],
						"0.6": [0, -4.71454, -1],
						"0.6333": [0, -4.85986, -1],
						"0.6667": [0, -4.93681, -1],
						"0.7": [0, -4.96, -1],
						"0.7333": [0, -4.96109, -0.99404],
						"0.7667": [0, -4.96526, -0.97497],
						"0.8333": [0, -4.99313, -0.90651],
						"0.8667": [0, -5.03771, -0.87502],
						"0.9": [0, -5.08266, -0.85595],
						"0.9333": {
							"pre": [0, -5.09, -0.85],
							"post": [0, -5.09, -0.85],
							"lerp_mode": "catmullrom"
						},
						"1.2333": {
							"post": [0, -4.52, -0.9],
							"lerp_mode": "catmullrom"
						},
						"1.6": {
							"post": [0, -4.6, -0.8],
							"lerp_mode": "catmullrom"
						},
						"1.8333": {
							"post": [0, -4.41, -0.91],
							"lerp_mode": "catmullrom"
						},
						"2.2": {
							"post": [0, -4.41, -0.81],
							"lerp_mode": "catmullrom"
						},
						"2.4333": {
							"post": [0, -3.8875, -1],
							"lerp_mode": "catmullrom"
						},
						"2.6667": {
							"post": [0, -2.77, -0.88],
							"lerp_mode": "catmullrom"
						},
						"2.7": [0, -2.75015, -0.88],
						"2.7333": [0, -2.68658, -0.88],
						"2.7667": [0, -2.58164, -0.88],
						"2.8": [0, -2.45835, -0.88],
						"2.8333": [0, -2.35341, -0.88],
						"2.8667": [0, -2.28985, -0.88],
						"2.9": [0, -2.27, -0.88],
						"2.9333": [-0.00981, -2.25082, -0.87946],
						"2.9667": [-0.0487, -2.18037, -0.875],
						"3.0": [-0.14472, -2.02532, -0.87054],
						"3.0333": [-0.25, -1.84, -0.87],
						"3.0667": [-0.1666, -1.77761, -0.87217],
						"3.1": [-0.05836, -1.72249, -0.89],
						"3.1333": [-0.01196, -1.74318, -0.90783],
						"3.1667": [0, -1.87, -0.91],
						"3.2": [0.00404, -2.03279, -0.91226],
						"3.2333": [0.02364, -2.07633, -0.92836],
						"3.2667": [0.01, -2.01, -0.92],
						"3.3": [-0.00871, -2.03055, -0.91254],
						"3.5": [0.04189, -2.34639, -0.91137],
						"3.5333": [0.04666, -2.39347, -0.91627],
						"3.5667": [0.04377, -2.43009, -0.92245],
						"3.6": [0.01, -2.42, -0.93],
						"3.6333": [-0.07005, -2.38407, -0.93944],
						"3.6667": [-0.06074, -2.4558, -0.95367],
						"3.7": [-0.03147, -2.51923, -0.95383],
						"3.7333": [0, -2.57, -0.95],
						"3.7667": [0.0098, -2.57858, -0.94643],
						"3.8": [-0.04787, -2.48544, -0.94504],
						"3.8333": [-0.25235, -2.20669, -0.94362],
						"3.8667": [-0.49, -1.69, -0.94],
						"3.9": [-0.5354, -1.69478, -0.93649],
						"3.9333": [-0.52864, -1.80406, -0.93478],
						"3.9667": [-0.51359, -1.89119, -0.93727],
						"4.0": [-0.50337, -1.94318, -0.93946],
						"4.0333": {
							"pre": [-0.5, -1.96, -0.94],
							"post": [-0.5, -1.96, -0.94],
							"lerp_mode": "catmullrom"
						},
						"4.3": [0.02, -3.11, -0.48],
						"4.4333": {
							"pre": [0.04, -3.11, 0.54],
							"post": [0.04, -3.11, 0.54],
							"lerp_mode": "catmullrom"
						},
						"4.6333": [0, -2.77, -0.88],
						"4.6667": [0.09522, -2.72969, -0.82033],
						"4.7": [0.33098, -2.62988, -0.67259],
						"4.7333": [0.65344, -2.49338, -0.47051],
						"4.7667": [1.02526, -2.33598, -0.23751],
						"4.8333": [1.80844, -2.00443, 0.25329],
						"4.8667": [2.17557, -1.84901, 0.48335],
						"4.9": [2.49952, -1.71187, 0.68637],
						"4.9333": [2.76005, -1.60158, 0.84963],
						"4.9667": [2.93521, -1.52743, 0.9594],
						"5.0": [3, -1.5, 1],
						"5.0333": [3, -1.48712, 1],
						"5.0667": [3, -1.4432, 1],
						"5.1": [3, -1.36193, 1],
						"5.1667": [3, -1.13808, 1],
						"5.2": [3, -1.05681, 1],
						"5.2333": [3, -1.01289, 1],
						"5.2667": [3, -1, 1],
						"5.3": [2.9569, -0.98563, 0.98563],
						"5.3333": [2.87152, -0.95717, 0.95717],
						"5.3667": [2.76691, -0.9223, 0.9223],
						"5.8": [1.00811, -0.33604, 0.33604],
						"5.9667": [0.34906, -0.11635, 0.11635],
						"6.0": [0.23308, -0.07769, 0.07769],
						"6.0333": [0.12847, -0.04282, 0.04282],
						"6.0667": [0.0431, -0.01437, 0.01437],
						"6.1": [0, 0, 0]
					}
				},
				"bolt": {
					"position": {
						"5.3667": [0, 0, -3],
						"5.5667": [0, 0, 0]
					}
				},
				"bullet_in_mag": {
					"scale": {
						"0.0": [0, 0, 0],
						"1.6333": {"pre": [0, 0, 0], "post": [1, 1, 1]}
					}
				},
				"camera": {
					"rotation": {
						"0.0": {
							"post": [0, 0, 0],
							"lerp_mode": "catmullrom"
						},
						"0.1667": {
							"post": [-0.01, 0.01, -0.06],
							"lerp_mode": "catmullrom"
						},
						"0.2667": {
							"post": [0.19, 0.04, -0.2],
							"lerp_mode": "catmullrom"
						},
						"0.3333": {
							"post": [0.58, 0.07, -0.43],
							"lerp_mode": "catmullrom"
						},
						"0.4": {
							"post": [1.13, 0.12, -0.75],
							"lerp_mode": "catmullrom"
						},
						"0.6667": {
							"post": [2.31, 0.23, -1.35],
							"lerp_mode": "catmullrom"
						},
						"0.9": {
							"post": [2.46, 0.25, -1.28],
							"lerp_mode": "catmullrom"
						},
						"1.1": {
							"post": [2.3, 0.21, -1.24],
							"lerp_mode": "catmullrom"
						},
						"1.4": {
							"post": [1.84, 0.12, -1.17],
							"lerp_mode": "catmullrom"
						},
						"1.5": {
							"post": [1.83, 0.1, -1.2],
							"lerp_mode": "catmullrom"
						},
						"1.6": {
							"post": [2.31, 0.08, -1.6],
							"lerp_mode": "catmullrom"
						},
						"1.7": {
							"post": [2.8, -0.92, -1.91],
							"lerp_mode": "catmullrom"
						},
						"1.8333": {
							"post": [2.73, -4.45, -1.71],
							"lerp_mode": "catmullrom"
						},
						"2.0": {
							"post": [2.4, -6.51, -1.6],
							"lerp_mode": "catmullrom"
						},
						"2.3667": {
							"post": [1.86, -6.1, -1.44],
							"lerp_mode": "catmullrom"
						},
						"2.6": {
							"post": [1.4, -0.18, -1.3],
							"lerp_mode": "catmullrom"
						},
						"3.0": {
							"post": [3.23, 3.5, -1.8],
							"lerp_mode": "catmullrom"
						},
						"3.1667": {
							"post": [3.15, 4.51, -1.76],
							"lerp_mode": "catmullrom"
						},
						"3.3333": {
							"post": [3.15, 5.52, -1.25],
							"lerp_mode": "catmullrom"
						},
						"3.5": {
							"post": [3.5, 5.53, -1.21],
							"lerp_mode": "catmullrom"
						},
						"3.7": {
							"post": [3.79, 5.55, -1.23],
							"lerp_mode": "catmullrom"
						},
						"3.8333": {
							"post": [3.53, 5.55, -0.7],
							"lerp_mode": "catmullrom"
						},
						"3.9667": {
							"post": [4.46, 6.03, -1.49],
							"lerp_mode": "catmullrom"
						},
						"4.2": {
							"post": [4.51, 5.51, 0.68],
							"lerp_mode": "catmullrom"
						},
						"4.4333": {
							"post": [4.52, 5.53, 0.11],
							"lerp_mode": "catmullrom"
						},
						"4.8667": {
							"post": [-0.06, 0.5, -0.3],
							"lerp_mode": "catmullrom"
						},
						"5.2667": {
							"post": [0.03, -0.01, 0.02],
							"lerp_mode": "catmullrom"
						},
						"5.3333": {
							"post": [0, 0, 0],
							"lerp_mode": "catmullrom"
						}
					}
				}
			},
			"sound_effects": {
				"0.0333": {
					"effect": "wfoly_plr_sm_uzulu_raise_quick_up"
				},
				"0.2333": {
					"effect": "wfoly_plr_sm_uzulu_reload_empty_fast_tilt"
				},
				"0.5": {
					"effect": "wfoly_plr_sm_uzulu_reload_magout_01"
				},
				"0.9333": {
					"effect": "wfoly_plr_sm_uzulu_reload_magin_01"
				},
				"1.3333": {
					"effect": "wfoly_plr_sm_uzulu_reload_end"
				}
			}
		},
		"inspect": {
			"animation_length": 6.5333,
			"bones": {
				"root": {
					"rotation": {
						"0.0": {
							"post": [0, 0, 0],
							"lerp_mode": "catmullrom"
						},
						"0.2667": {
							"post": [-11.4, -39.17, -45.465],
							"lerp_mode": "catmullrom"
						},
						"0.4": {
							"post": [-12.09, -47.67, -53.42],
							"lerp_mode": "catmullrom"
						},
						"0.6": {
							"post": [-10.94, -48.79, -55.465],
							"lerp_mode": "catmullrom"
						},
						"0.8333": {
							"post": [-8.36907, -49.45083, -58.20011],
							"lerp_mode": "catmullrom"
						},
						"1.0667": {
							"post": [-8.975, -48.64, -58.35],
							"lerp_mode": "catmullrom"
						},
						"1.2333": {
							"post": [-16.26359, -34.63452, -39.31901],
							"lerp_mode": "catmullrom"
						},
						"1.4333": {
							"post": [-15.32021, -10.31204, -36.61094],
							"lerp_mode": "catmullrom"
						},
						"2.2333": {
							"post": [-15.32021, -10.31204, -36.61094],
							"lerp_mode": "catmullrom"
						},
						"2.3333": {
							"post": [-7.38322, -12.02676, -31.60918],
							"lerp_mode": "catmullrom"
						},
						"2.4333": {
							"post": [-13.38, -12.11, -31.71],
							"lerp_mode": "catmullrom"
						},
						"4.1333": {
							"post": [-14.66959, -13.28761, -38.49377],
							"lerp_mode": "catmullrom"
						},
						"4.3667": {
							"post": [-13.61949, -11.00059, -35.08987],
							"lerp_mode": "catmullrom"
						},
						"4.6333": {
							"post": [-14.06914, -12.93791, -37.68337],
							"lerp_mode": "catmullrom"
						},
						"4.9": {
							"post": [-18.25, -33.61, -42.14],
							"lerp_mode": "catmullrom"
						},
						"5.0333": {
							"post": [-19.81498, -37.24029, -41.82042],
							"lerp_mode": "catmullrom"
						},
						"5.1333": {
							"post": [-23.76, -37.08, -45.52],
							"lerp_mode": "catmullrom"
						},
						"5.2": {
							"post": [-33.66338, -33.51494, -36.367],
							"lerp_mode": "catmullrom"
						},
						"5.3333": {
							"post": [-26.3516, -34.24712, -46.35448],
							"lerp_mode": "catmullrom"
						},
						"5.4667": {
							"post": [-19.19, -30.92, -37.02],
							"lerp_mode": "catmullrom"
						},
						"5.6": {
							"post": [-18.27603, -30.1356, -34.42539],
							"lerp_mode": "catmullrom"
						},
						"5.8": {
							"post": [0.25183, -0.82226, -1.85471],
							"lerp_mode": "catmullrom"
						},
						"5.8667": {
							"post": [-0.00274, -0.34214, 0.80421],
							"lerp_mode": "catmullrom"
						},
						"6.0": {
							"post": [0, 0.08125, -0.775],
							"lerp_mode": "catmullrom"
						},
						"6.1667": {
							"post": [0, 0, 0.25],
							"lerp_mode": "catmullrom"
						},
						"6.3333": {
							"post": [0, 0, 0],
							"lerp_mode": "catmullrom"
						}
					},
					"position": {
						"0.0": {
							"post": [0, 0, 0],
							"lerp_mode": "catmullrom"
						},
						"0.1333": {
							"post": [0.345, -0.28, -2.62],
							"lerp_mode": "catmullrom"
						},
						"0.3": {
							"post": [1.6, 3.75, -1.9],
							"lerp_mode": "catmullrom"
						},
						"0.4333": {
							"post": [2.325, 4.25, -1.32],
							"lerp_mode": "catmullrom"
						},
						"0.6": {
							"post": [2.545, 3.825, -0.97],
							"lerp_mode": "catmullrom"
						},
						"0.9": {
							"post": [2.54, 3.695, -0.82],
							"lerp_mode": "catmullrom"
						},
						"1.0333": {
							"post": [2.52, 3.925, -0.76],
							"lerp_mode": "catmullrom"
						},
						"1.1333": {
							"post": [2.395, 3.6, -0.82],
							"lerp_mode": "catmullrom"
						},
						"1.2667": {
							"post": [1.435, 1.145, -1.545],
							"lerp_mode": "catmullrom"
						},
						"1.4333": {
							"post": [-0.03, 0.85, -1.27],
							"lerp_mode": "catmullrom"
						},
						"1.5333": {
							"post": [-0.27, 0.98, -1.395],
							"lerp_mode": "catmullrom"
						},
						"2.2333": {
							"post": [-0.345, 0.48, -1.39],
							"lerp_mode": "catmullrom"
						},
						"2.3333": {
							"post": [-0.41623, 0.39349, -1.29752],
							"lerp_mode": "catmullrom"
						},
						"2.4667": {
							"post": [-0.345, 0.48, -1.39],
							"lerp_mode": "catmullrom"
						},
						"3.9667": {
							"post": [-1.795, 1.76, -1.06],
							"lerp_mode": "catmullrom"
						},
						"4.0667": {
							"post": [-1.62, 1.4, -1.06],
							"lerp_mode": "catmullrom"
						},
						"4.2333": {
							"post": [-1.795, 1.76, -1.06],
							"lerp_mode": "catmullrom"
						},
						"4.3": {
							"post": [-1.62, 1.4, -1.06],
							"lerp_mode": "catmullrom"
						},
						"4.4333": {
							"post": [-1.47, 0.405, -1.06],
							"lerp_mode": "catmullrom"
						},
						"4.6333": {
							"post": [-1.475, 0.55, -1.06],
							"lerp_mode": "catmullrom"
						},
						"4.7667": {
							"post": [-1.295, 1.075, -1.615],
							"lerp_mode": "catmullrom"
						},
						"4.9333": {
							"post": [-0.42, 2.775, -1.36],
							"lerp_mode": "catmullrom"
						},
						"5.1": {
							"post": [0.105, 3.03, -1.185],
							"lerp_mode": "catmullrom"
						},
						"5.1667": {
							"post": [1.105, 1.355, -1.18],
							"lerp_mode": "catmullrom"
						},
						"5.3333": {
							"post": [0.805, 2.355, -1.18],
							"lerp_mode": "catmullrom"
						},
						"5.5": {
							"post": [0.135, 2.055, -1.505],
							"lerp_mode": "catmullrom"
						},
						"5.6667": {
							"post": [0.14, 0.36, 0.075],
							"lerp_mode": "catmullrom"
						},
						"5.7667": {
							"post": [0, -0.05, 0.1],
							"lerp_mode": "catmullrom"
						},
						"5.8667": {
							"post": [0, -0.125, -0.15],
							"lerp_mode": "catmullrom"
						},
						"6.0333": {
							"post": [0, 0, 0.15],
							"lerp_mode": "catmullrom"
						},
						"6.2": {
							"post": [0, 0, 0],
							"lerp_mode": "catmullrom"
						}
					}
				},
				"mag_and_lefthand": {
					"rotation": {
						"2.2": [0, 0, 0],
						"2.2667": {
							"pre": [0.31838, -3.05966, -13.14528],
							"post": [0.31838, -3.05966, -13.14528],
							"lerp_mode": "catmullrom"
						},
						"2.4667": {
							"post": [1.14555, -0.03375, 10.4878],
							"lerp_mode": "catmullrom"
						},
						"2.8667": {
							"post": [7.95, 7.06, 10.1],
							"lerp_mode": "catmullrom"
						},
						"3.1": {
							"post": [-9.3658, 18.43854, 53.29817],
							"lerp_mode": "catmullrom"
						},
						"3.6": {
							"post": [-3.8658, -0.06146, 53.79817],
							"lerp_mode": "catmullrom"
						},
						"3.8667": [13.24917, 4.19454, 34.23573],
						"3.9": [13.24917, 4.19454, 34.43692],
						"3.9333": [13.24917, 4.19454, 34.23573],
						"3.9667": [12.52084, 3.97566, 25.95812],
						"4.0": [6.53307, 2.17627, 12.0277],
						"4.0333": [0.54298, 0.37617, -1.72174],
						"4.0667": [-0.18572, 0.15719, -8.83815],
						"4.1": [0.54264, 0.37607, -0.0083],
						"4.1333": [6.5324, 2.17606, 13.61566],
						"4.1667": [12.52099, 3.97571, 23.67782],
						"4.2": [13.24917, 4.19454, 27.23573],
						"4.2333": [12.39825, 3.93883, 22.69537],
						"4.2667": [0.6652, 0.4129, 5.97839],
						"4.3": [-0.18572, 0.15719, -9.33815],
						"4.3333": [0.54264, 0.37607, -0.38126],
						"4.3667": [6.5324, 2.17606, 13.44002],
						"4.4": [12.52099, 3.97571, 26.62979],
						"4.4333": [13.24917, 4.19454, 34.23573],
						"4.4667": [11.81275, 3.66971, 31.25852],
						"4.5": [7.213, 1.98911, 26.38363],
						"4.5333": [-0.37975, -0.78504, 21.50733],
						"4.5667": [-9.30007, -4.04424, 17.18743],
						"4.6": [-16.89333, -6.81857, 13.75062],
						"4.6333": [-21.49372, -8.49941, 11.47248],
						"4.6667": [-22.93073, -9.02445, 10.64036],
						"4.7667": [-7.36449, -8.13627, -2.98672],
						"4.9": [0, 0, 0]
					},
					"position": {
						"2.1333": {
							"pre": [0, 0, 0],
							"post": [0, 0, 0],
							"lerp_mode": "catmullrom"
						},
						"2.3": {
							"post": [0, -2.4, 0],
							"lerp_mode": "catmullrom"
						},
						"2.4667": {
							"post": [1.86, -12.34, -0.07],
							"lerp_mode": "catmullrom"
						},
						"2.6667": {
							"post": [7.18721, -2.5971, 5.6362],
							"lerp_mode": "catmullrom"
						},
						"2.9333": {
							"post": [7.21, -3.33, 4.89],
							"lerp_mode": "catmullrom"
						},
						"3.1333": {
							"post": [7, -3.36, 4.35],
							"lerp_mode": "catmullrom"
						},
						"3.6": {
							"post": [7, -3.36, 4.35],
							"lerp_mode": "catmullrom"
						},
						"3.7333": {
							"post": [1.4, -3.15, 3.95],
							"lerp_mode": "catmullrom"
						},
						"3.8667": {
							"post": [2.36241, 1.58371, 3.20348],
							"lerp_mode": "catmullrom"
						},
						"3.9333": {
							"post": [2.36241, 1.58371, 3.20348],
							"lerp_mode": "catmullrom"
						},
						"4.0667": {
							"post": [2.74, 0.6, 2.25],
							"lerp_mode": "catmullrom"
						},
						"4.2": {
							"post": [2.36241, 1.58371, 3.20348],
							"lerp_mode": "catmullrom"
						},
						"4.3": {
							"post": [2.74, 0.6, 2.25],
							"lerp_mode": "catmullrom"
						},
						"4.4333": {
							"post": [2.36241, 1.58371, 3.20348],
							"lerp_mode": "catmullrom"
						},
						"4.6333": {
							"post": [5.575, -2.775, -0.225],
							"lerp_mode": "catmullrom"
						},
						"4.7667": {
							"post": [3.42, -5.57, -0.14],
							"lerp_mode": "catmullrom"
						},
						"4.9": [0, -5.9, 0],
						"4.9333": [0, -5.88938, 0],
						"4.9667": [0, -5.826, 0],
						"5.0": [0, -5.9, 0],
						"5.0333": [0, -5.61916, 0],
						"5.0667": [0, -4.57883, 0],
						"5.1333": [0, -1.32117, 0],
						"5.1667": [0, -0.28084, 0],
						"5.2": [0, 0, 0]
					}
				},
				"lefthand": {
					"rotation": {
						"0.0": [122.68242, -381.16012, -185.01647],
						"0.3": [135.4661, -414.89607, -145.74556],
						"1.2333": [91.47237, -398.26212, -126.75784],
						"1.3667": [67.94594, -402.21263, -86.55696],
						"1.5333": [100.88876, -412.25625, -127.33969],
						"1.8": [100.88876, -412.25625, -127.33969],
						"1.9333": [135.50615, -375.07486, -189.21745],
						"3.9333": [135.50615, -375.07486, -189.21745],
						"4.0667": [115.99702, -358.67209, -184.88243],
						"4.2": [135.50615, -375.07486, -189.21745],
						"4.3": [115.99702, -358.67209, -184.88243],
						"5.4": [115.99702, -358.67209, -184.88243],
						"5.7": [122.68242, -381.16012, -185.01647]
					},
					"position": {
						"0.0": [8.5125, -12, -8.5],
						"0.1333": [8.95872, -16.59584, 0.06092],
						"0.2": [7.77341, -22.66102, 3.20472],
						"0.3": [0.51156, -27.46069, 10.36215],
						"1.2333": {
							"pre": [1.20272, -29.15603, 9.84726],
							"post": [1.20272, -29.15603, 9.84726],
							"lerp_mode": "catmullrom"
						},
						"1.2667": [3.41715, -28.70973, 10.29032],
						"1.3": [6.22787, -24.10779, 3.45804],
						"1.3333": [6.2754, -21.69416, -0.91546],
						"1.3667": [6.42761, -19.60638, -2.90504],
						"1.4": [6.67886, -17.8118, -4.06666],
						"1.4333": [6.97404, -16.32416, -4.75408],
						"1.4667": [7.22528, -15.17734, -5.11607],
						"1.5": [7.37748, -14.42534, -5.22856],
						"1.5333": [7.425, -14.15, -5.15],
						"1.5667": [7.425, -14.15, -5.48495],
						"1.6": [7.425, -14.15, -5.93895],
						"1.6333": [7.425, -14.15, -6.4125],
						"1.6667": [7.425, -14.15, -5.93461],
						"1.7": [7.425, -14.15, -5.58254],
						"1.7333": [7.425, -14.15, -5.33976],
						"1.7667": [7.425, -14.15, -5.19706],
						"1.8": [7.425, -14.15, -5.15],
						"1.9333": [7.43, -15.67, -8.85],
						"2.1": [7.425, -18.7, -8.85],
						"3.9333": [7.43, -18.7, -8.85],
						"4.0667": [8.13335, -18.24675, -8.64177],
						"4.2": [7.43, -18.7, -8.85],
						"4.3": [8.13335, -18.24675, -8.64177],
						"5.4": [8.13335, -18.24675, -8.64177],
						"5.7": [8.5125, -12, -8.5]
					},
					"scale": [1, 1.5, 1]
				},
				"mag_and_bullet": {
					"rotation": {
						"1.5333": [0, 0, 0],
						"1.6333": [-3.5, 0, 0],
						"4.2": [-3.5, 0, 0],
						"4.3667": [0, 0, 0]
					},
					"position": {
						"1.5333": [0, 0, 0],
						"1.6333": [0, -0.59153, 0.60583],
						"4.2": [0, -0.59153, 0.60583],
						"4.3667": [0, 0, 0]
					},
					"scale": 1
				},
				"gun_and_righthand": {
					"rotation": {
						"2.2": {
							"pre": [0, 0, 0],
							"post": [0, 0, 0],
							"lerp_mode": "catmullrom"
						},
						"2.2667": [1.02678, 0.00359, -3.14566],
						"4.0333": [1.02678, 0.00359, -3.14566],
						"4.2667": {
							"pre": [1.19454, 0.09593, -4.58574],
							"post": [1.19454, 0.09593, -4.58574],
							"lerp_mode": "catmullrom"
						},
						"4.6": {
							"post": [1.19454, 0.09593, -4.58574],
							"lerp_mode": "catmullrom"
						},
						"4.9": [0, 0, 0]
					}
				},
				"righthand": {
					"rotation": [100.96653, 24.10393, -175.47527],
					"position": [-6.6, -11.9875, 5.6],
					"scale": [1, 1.5, 1]
				},
				"constraint": {
					"rotation": [0.05, 0.2, 0.1],
					"position": [0.15, 0.2, 0.35]
				},
				"additional_magazine": {
					"scale": {
						"0.0": [0, 0, 0],
						"5.3": {"pre": [0, 0, 0], "post": [1, 1, 1]}
					}
				},
				"camera": {
					"relative_to": {
						"rotation": "entity"
					},
					"rotation": {
						"0.0": {
							"post": [0, 0, 0],
							"lerp_mode": "catmullrom"
						},
						"0.4333": {
							"post": [3.275, 0.65, -0.225],
							"lerp_mode": "catmullrom"
						},
						"1.0667": {
							"post": [3.745, 0.65, -0.3],
							"lerp_mode": "catmullrom"
						},
						"1.3667": {
							"post": [1.415, 0.85, -0.8],
							"lerp_mode": "catmullrom"
						},
						"1.6333": {
							"post": [1.58, 0.82, -0.15],
							"lerp_mode": "catmullrom"
						},
						"1.7333": {
							"post": [2.86, 0.5, 0.525],
							"lerp_mode": "catmullrom"
						},
						"4.0667": {
							"post": [2.24, -0.76, -0.895],
							"lerp_mode": "catmullrom"
						},
						"4.2333": {
							"post": [3.215, -2.375, -0.425],
							"lerp_mode": "catmullrom"
						},
						"4.4333": {
							"post": [3.695, -2.62, -1.12],
							"lerp_mode": "catmullrom"
						},
						"4.6667": {
							"post": [3.465, -2.375, -0.925],
							"lerp_mode": "catmullrom"
						},
						"5.0667": {
							"post": [0.985, 0, -0.575],
							"lerp_mode": "catmullrom"
						},
						"5.1667": {
							"post": [1.78, 0.17, 0.54],
							"lerp_mode": "catmullrom"
						},
						"5.3333": {
							"post": [0.13, 0.13, -1.215],
							"lerp_mode": "catmullrom"
						},
						"5.6": {
							"post": [0.605, 0, 0.175],
							"lerp_mode": "catmullrom"
						},
						"5.8333": {
							"post": [-0.3, 0, -0.275],
							"lerp_mode": "catmullrom"
						},
						"6.0": {
							"post": [0.25, 0, 0.05],
							"lerp_mode": "catmullrom"
						},
						"6.2333": {
							"post": [0, 0, 0],
							"lerp_mode": "catmullrom"
						}
					}
				}
			},
			"sound_effects": {
				"0.0": {
					"effect": "wfoly_plr_sm_uzulu_raise_first_start"
				},
				"1.0": {
					"effect": "wfoly_plr_sm_uzulu_reload_shake"
				},
				"1.3333": {
					"effect": "wfoly_plr_sm_uzulu_reload_fast_magout_01"
				},
				"4.6667": {
					"effect": "wfoly_plr_sm_uzulu_reload_fast_magin_01"
				},
				"5.4": {
					"effect": "wfoly_plr_sm_uzulu_reload_rattle"
				},
				"6.3": {
					"effect": "wfoly_plr_sm_uzulu_reload_end"
				}
			}
		},
		"inspect_empty": {
			"animation_length": 6.4667,
			"bones": {
				"root": {
					"rotation": {
						"0.0": {
							"post": [0, 0, 0],
							"lerp_mode": "catmullrom"
						},
						"0.2667": {
							"post": [-11.4, -39.17, -45.465],
							"lerp_mode": "catmullrom"
						},
						"0.4": {
							"post": [-12.09, -47.67, -53.42],
							"lerp_mode": "catmullrom"
						},
						"0.6": {
							"post": [-10.94, -48.79, -55.465],
							"lerp_mode": "catmullrom"
						},
						"0.8333": {
							"post": [-8.36907, -49.45083, -58.20011],
							"lerp_mode": "catmullrom"
						},
						"1.0667": {
							"post": [-8.975, -48.64, -58.35],
							"lerp_mode": "catmullrom"
						},
						"1.2333": {
							"post": [-16.26359, -34.63452, -39.31901],
							"lerp_mode": "catmullrom"
						},
						"1.4333": {
							"post": [-15.32021, -10.31204, -36.61094],
							"lerp_mode": "catmullrom"
						},
						"1.6667": {
							"post": [-15.32021, -10.31204, -36.61094],
							"lerp_mode": "catmullrom"
						},
						"1.7667": {
							"post": [-13.38322, -12.02676, -31.60918],
							"lerp_mode": "catmullrom"
						},
						"1.9667": {
							"post": [-14.66959, -13.28761, -38.49377],
							"lerp_mode": "catmullrom"
						},
						"2.2": {
							"post": [-13.61949, -11.00059, -35.08987],
							"lerp_mode": "catmullrom"
						},
						"3.0": {
							"post": [-19.02566, -13.12871, -34.34283],
							"lerp_mode": "catmullrom"
						},
						"3.2333": {
							"post": [-18.88924, -28.19537, -29.13162],
							"lerp_mode": "catmullrom"
						},
						"3.4667": {
							"post": [-21.18, -29.07, -30.26],
							"lerp_mode": "catmullrom"
						},
						"3.6333": {
							"post": [-40.30096, 1.43112, -3.17731],
							"lerp_mode": "catmullrom"
						},
						"3.9333": {
							"post": [-41.1255, 13.01667, 4.40205],
							"lerp_mode": "catmullrom"
						},
						"4.0333": {
							"post": [-46.12, 16.23, 1.19],
							"lerp_mode": "catmullrom"
						},
						"4.5667": {
							"post": [-45.32, 14.19, 1.69],
							"lerp_mode": "catmullrom"
						},
						"4.6333": {
							"post": [-35.52054, 4.80088, 2.20698],
							"lerp_mode": "catmullrom"
						},
						"4.7": {
							"post": [-33.0612, 12.49872, 12.47347],
							"lerp_mode": "catmullrom"
						},
						"4.7667": {
							"post": [-37.57533, 9.89392, 8.23901],
							"lerp_mode": "catmullrom"
						},
						"4.9": {
							"post": [-41.73181, 6.186, 1.12786],
							"lerp_mode": "catmullrom"
						},
						"5.0667": {
							"post": [-21.17344, 8.75809, -12.38665],
							"lerp_mode": "catmullrom"
						},
						"5.2": {
							"post": [-14.06914, -12.93791, -37.68337],
							"lerp_mode": "catmullrom"
						},
						"5.3": {
							"post": [-14.31012, -25.1787, -46.89249],
							"lerp_mode": "catmullrom"
						},
						"5.4": {
							"post": [-16.96827, -34.21514, -44.43707],
							"lerp_mode": "catmullrom"
						},
						"5.5": {
							"post": [-17.85707, -37.87786, -44.21183],
							"lerp_mode": "catmullrom"
						},
						"5.7667": {
							"post": [-15.96367, -35.9252, -50.67691],
							"lerp_mode": "catmullrom"
						},
						"5.9333": {
							"post": [-11.78779, -12.72135, -12.4649],
							"lerp_mode": "catmullrom"
						},
						"6.0667": {
							"post": [2.51996, -7.02572, -0.01833],
							"lerp_mode": "catmullrom"
						},
						"6.1667": {
							"post": [0.25183, -0.82226, -1.85471],
							"lerp_mode": "catmullrom"
						},
						"6.2333": {
							"post": [-0.00274, -0.34214, 0.80421],
							"lerp_mode": "catmullrom"
						},
						"6.3333": {
							"post": [0, 0.08125, -0.775],
							"lerp_mode": "catmullrom"
						},
						"6.4667": {
							"post": [0, 0, 0.25],
							"lerp_mode": "catmullrom"
						},
						"6.6": {
							"post": [0, 0, 0],
							"lerp_mode": "catmullrom"
						}
					},
					"position": {
						"0.0": {
							"post": [0, 0, 0],
							"lerp_mode": "catmullrom"
						},
						"0.1667": {
							"post": [1.6, 3.75, -4.4],
							"lerp_mode": "catmullrom"
						},
						"0.3": {
							"post": [2.325, 4.25, -9.32],
							"lerp_mode": "catmullrom"
						},
						"0.4667": {
							"post": [2.545, 3.825, -8.97],
							"lerp_mode": "catmullrom"
						},
						"0.7667": {
							"post": [2.54, 3.695, -8.82],
							"lerp_mode": "catmullrom"
						},
						"0.8667": {
							"post": [2.53, 3.905, -8.77],
							"lerp_mode": "catmullrom"
						},
						"1.0": {
							"post": [2.395, 3.6, -8.82],
							"lerp_mode": "catmullrom"
						},
						"1.1333": {
							"post": [1.435, 1.145, -9.545],
							"lerp_mode": "catmullrom"
						},
						"1.3": {
							"post": [-0.03, 0.85, -9.27],
							"lerp_mode": "catmullrom"
						},
						"1.4": {
							"post": [-0.27, 0.98, -9.395],
							"lerp_mode": "catmullrom"
						},
						"1.5333": {
							"post": [-0.345, 0.48, -9.39],
							"lerp_mode": "catmullrom"
						},
						"1.6333": {
							"post": [-1.42, 1.93, -9.065],
							"lerp_mode": "catmullrom"
						},
						"1.7333": {
							"post": [-1.795, 1.76, -9.06],
							"lerp_mode": "catmullrom"
						},
						"1.8667": {
							"post": [-1.62, 0.9, -9.06],
							"lerp_mode": "catmullrom"
						},
						"2.1333": {
							"post": [-1.47, 0.405, -9.06],
							"lerp_mode": "catmullrom"
						},
						"2.5333": {
							"post": [-1.465, 0.16875, -9.04],
							"lerp_mode": "catmullrom"
						},
						"2.9333": {
							"post": [-1.395, 0.555, -9.06],
							"lerp_mode": "catmullrom"
						},
						"3.2667": {
							"post": [-0.685, -0.065, -10.925],
							"lerp_mode": "catmullrom"
						},
						"3.4": {
							"post": [0.415, -0.565, -11.005],
							"lerp_mode": "catmullrom"
						},
						"3.5": {
							"post": [0.49, -0.19, -9.67],
							"lerp_mode": "catmullrom"
						},
						"3.6": {
							"post": [0.565, 1.085, -8.805],
							"lerp_mode": "catmullrom"
						},
						"3.7": {
							"post": [0.55, 1.83, -8.595],
							"lerp_mode": "catmullrom"
						},
						"3.8": {
							"post": [0.52, 1.75, -8.8],
							"lerp_mode": "catmullrom"
						},
						"3.9": {
							"post": [0.52, 1.04, -8.615],
							"lerp_mode": "catmullrom"
						},
						"4.0333": {
							"post": [0.52, 1.32, -8.34],
							"lerp_mode": "catmullrom"
						},
						"4.2667": {
							"post": [0.54, 1.47, -8.495],
							"lerp_mode": "catmullrom"
						},
						"4.4667": {
							"post": [0.55, 1.33, -8.74],
							"lerp_mode": "catmullrom"
						},
						"4.5333": {
							"post": [0.55, 2.135, -9.13],
							"lerp_mode": "catmullrom"
						},
						"4.6333": {
							"post": [0.55, 2.055, -9.42],
							"lerp_mode": "catmullrom"
						},
						"4.8": {
							"post": [0.47, 1.18, -10.4],
							"lerp_mode": "catmullrom"
						},
						"4.9333": {
							"post": [0.155, 0.18, -9.9],
							"lerp_mode": "catmullrom"
						},
						"5.0667": {
							"post": [-0.4, 0.55, -9.06],
							"lerp_mode": "catmullrom"
						},
						"5.1667": {
							"post": [-0.545, 1.75, -9.615],
							"lerp_mode": "catmullrom"
						},
						"5.3": {
							"post": [-0.245, 2.45, -9.36],
							"lerp_mode": "catmullrom"
						},
						"6.0667": {
							"post": [0.51, -2.965, -8.84],
							"lerp_mode": "catmullrom"
						},
						"6.2667": {
							"post": [0, -0.125, -0.65],
							"lerp_mode": "catmullrom"
						},
						"6.3": {
							"post": [0, 0, 1.15],
							"lerp_mode": "catmullrom"
						},
						"6.3667": {
							"post": [0, 0, 0],
							"lerp_mode": "catmullrom"
						}
					}
				},
				"mag_and_lefthand": {
					"rotation": {
						"1.7333": [0, 0, 0],
						"1.8": [0.31838, -3.05966, -13.14528],
						"1.9333": [-22.93073, -9.02445, 14.64036],
						"2.3667": {
							"pre": [-22.93, -9.02, 14.64],
							"post": [-22.93, -9.02, 14.64],
							"lerp_mode": "catmullrom"
						},
						"2.5": {
							"post": [24.00125, 13.01889, 65.38409],
							"lerp_mode": "catmullrom"
						},
						"2.7333": {
							"post": [17.11163, 13.23259, 55.62339],
							"lerp_mode": "catmullrom"
						},
						"3.0333": [16.41306, 14.098, 52.66719],
						"3.2": [-13.51108, 17.04604, -10.24615],
						"3.4667": [0, 0, 0],
						"4.6": [0, 0, 0],
						"5.0667": [4.38338, -16.66847, -73.78579],
						"5.2667": [-22.93073, -9.02445, 14.64036],
						"5.3333": [-21.36627, -4.32852, -29.00362],
						"5.4333": [-10.66045, -1.38032, -5.61365],
						"5.5333": [-1.75, 0, 0],
						"5.6333": [0, 0, 0]
					},
					"position": {
						"1.6667": [0, 0, 0],
						"1.7333": {
							"pre": [0, -5.9, 0],
							"post": [0, -5.9, 0],
							"lerp_mode": "catmullrom"
						},
						"1.8": {
							"post": [1.86, -7.34, -0.07],
							"lerp_mode": "catmullrom"
						},
						"1.9333": {
							"post": [5.325, -3.575, -0.225],
							"lerp_mode": "catmullrom"
						},
						"2.0667": {
							"post": [6.45, -2.345, -0.24],
							"lerp_mode": "catmullrom"
						},
						"2.3333": {
							"post": [6.5, -2.28, -0.24],
							"lerp_mode": "catmullrom"
						},
						"2.5333": {
							"post": [6.00649, -1.96095, -0.06063],
							"lerp_mode": "catmullrom"
						},
						"2.7333": {
							"post": [6.696, -2.01753, -0.36326],
							"lerp_mode": "catmullrom"
						},
						"3.0": {
							"post": [5.9862, -2.64152, 0.14752],
							"lerp_mode": "catmullrom"
						},
						"3.2667": {
							"post": [0.66769, -8.94792, 6.14443],
							"lerp_mode": "catmullrom"
						},
						"3.4667": [0.18137, -9.65475, 6.78589],
						"3.6667": [1.8, -7.02, 4.8],
						"4.6": [1.8, -7.02, 4.8],
						"5.0667": {
							"pre": [18.34787, -10.13475, 16.4477],
							"post": [18.34787, -10.13475, 16.4477],
							"lerp_mode": "catmullrom"
						},
						"5.1667": {
							"post": [-1.92155, -18.75609, 9.49435],
							"lerp_mode": "catmullrom"
						},
						"5.2667": {
							"post": [-2.39748, -8.71562, 5.21463],
							"lerp_mode": "catmullrom"
						},
						"5.4333": [0.25, -7.025, 0.275],
						"5.6333": [0, -5.9, 0],
						"5.7": [0, 0, 0]
					}
				},
				"lefthand": {
					"rotation": {
						"0.0": [122.68242, -381.16012, -185.01647],
						"0.3": [135.4661, -414.89607, -145.74556],
						"1.2": [91.47237, -398.26212, -126.75784],
						"1.3": [67.94594, -402.21263, -86.55696],
						"1.4667": [111.8985, -374.17765, -185.78479],
						"3.3667": [111.8985, -374.17765, -185.78479],
						"3.5": {
							"pre": [102.01512, -419.10604, -129.90951],
							"post": [102.01512, -419.10604, -129.90951],
							"lerp_mode": "catmullrom"
						},
						"3.7333": {
							"post": [101.7321, -399.55235, -185.93504],
							"lerp_mode": "catmullrom"
						},
						"3.8333": {
							"post": [109.95093, -403.33467, -201.22264],
							"lerp_mode": "catmullrom"
						},
						"3.9333": {
							"post": [86.04797, -378.25502, -215.5293],
							"lerp_mode": "catmullrom"
						},
						"4.0": {
							"post": [63.54797, -378.25502, -215.5293],
							"lerp_mode": "catmullrom"
						},
						"4.6": {
							"post": [63.54797, -378.25502, -215.5293],
							"lerp_mode": "catmullrom"
						},
						"4.7": {
							"post": [108.37996, -412.69629, -242.39095],
							"lerp_mode": "catmullrom"
						},
						"4.8333": {
							"post": [115.6938, -423.84788, -250.94488],
							"lerp_mode": "catmullrom"
						},
						"5.1333": [111.8985, -374.17765, -185.78479],
						"5.6667": [111.8985, -374.17765, -185.78479],
						"5.8": [116.59, -377.22, -185.45],
						"5.9": [119.97, -379.4, -185.21],
						"6.0": [122.68242, -381.16012, -185.01647]
					},
					"position": {
						"0.0": [8.5125, -12, -8.5],
						"0.1333": [8.95872, -16.59584, 0.06092],
						"0.2": [7.77341, -22.66102, 3.20472],
						"0.3": [0.51156, -27.46069, 10.36215],
						"1.2": [1.20272, -29.15603, 9.84726],
						"1.3": [6.22787, -24.10779, 4.45804],
						"1.4667": [7.95353, -14.42735, -6.90324],
						"1.6": [7.69168, -14.73182, -8.05594],
						"3.3667": [7.69168, -14.73182, -8.05594],
						"3.4667": {
							"pre": [7.43877, -18.62905, 1.37239],
							"post": [7.43877, -18.62905, 1.37239],
							"lerp_mode": "catmullrom"
						},
						"3.5667": {
							"post": [9.25441, -14.47807, -0.74487],
							"lerp_mode": "catmullrom"
						},
						"3.7667": {
							"post": [7.39833, 0.16513, -3.99074],
							"lerp_mode": "catmullrom"
						},
						"3.9333": {
							"post": [4.07246, 0.72755, -6.17885],
							"lerp_mode": "catmullrom"
						},
						"4.0": {
							"post": [2.73065, -0.84824, -3.17506],
							"lerp_mode": "catmullrom"
						},
						"4.6": {
							"post": [2.73065, -0.84824, -3.17506],
							"lerp_mode": "catmullrom"
						},
						"4.7333": {
							"post": [3.56867, 0.97782, 0.02773],
							"lerp_mode": "catmullrom"
						},
						"4.8": {
							"post": [9.69364, -5.34211, 1.60611],
							"lerp_mode": "catmullrom"
						},
						"5.0": {
							"post": [8.84984, -2.76615, 0.56588],
							"lerp_mode": "catmullrom"
						},
						"5.1333": {
							"post": [7.70012, -17.71527, -9.21307],
							"lerp_mode": "catmullrom"
						},
						"6.0": {
							"post": [8.5125, -12, -8.5],
							"lerp_mode": "catmullrom"
						}
					},
					"scale": [1, 1.5, 1]
				},
				"mag_and_bullet": {
					"scale": {
						"0.0": [1, 1, 1],
						"3.2667": {"pre": [1, 1, 1], "post": [0, 0, 0]},
						"5.2333": {"pre": [0, 0, 0], "post": [1, 1, 1]}
					}
				},
				"gun_and_righthand": {
					"rotation": {
						"1.7": {
							"pre": [0, 0, 0],
							"post": [0, 0, 0],
							"lerp_mode": "catmullrom"
						},
						"1.7667": {
							"post": [1.02678, 0.00359, -3.14566],
							"lerp_mode": "catmullrom"
						},
						"1.8667": {
							"post": [2.27514, 0.29255, -8.26714],
							"lerp_mode": "catmullrom"
						},
						"2.1": {
							"post": [1.19454, 0.09593, -4.58574],
							"lerp_mode": "catmullrom"
						},
						"2.4333": {
							"post": [1.19454, 0.09593, -4.58574],
							"lerp_mode": "catmullrom"
						},
						"2.6667": {
							"post": [0, 0, 0],
							"lerp_mode": "catmullrom"
						}
					}
				},
				"righthand": {
					"rotation": [100.96653, 24.10393, -175.47527],
					"position": [-6.6, -11.9875, 5.6],
					"scale": [1, 1.5, 1]
				},
				"constraint": {
					"rotation": [0.05, 0.2, 0.1],
					"position": [0.15, 0.2, 0.35]
				},
				"bolt": {
					"position": {
						"3.9333": [0, 0, -3],
						"4.0": [0, 0, 0],
						"4.6": [0, 0, 0],
						"4.6333": [0, 0, -3]
					}
				},
				"additional_magazine": {
					"scale": {
						"0.0": [0, 0, 0],
						"6.3": {"pre": [0, 0, 0], "post": [1, 1, 1]}
					}
				},
				"camera": {
					"rotation": {
						"0.0": {
							"post": [0, 0, 0],
							"lerp_mode": "catmullrom"
						},
						"0.2": {
							"post": [0.65, 0.14, -0.18],
							"lerp_mode": "catmullrom"
						},
						"0.4333": {
							"post": [3.275, 0.65, -0.775],
							"lerp_mode": "catmullrom"
						},
						"1.0333": {
							"post": [3.745, 0.65, -1.1],
							"lerp_mode": "catmullrom"
						},
						"1.3667": {
							"post": [1.075, 0.65, -0.3],
							"lerp_mode": "catmullrom"
						},
						"1.7": {
							"post": [1.22, 0.075, -0.575],
							"lerp_mode": "catmullrom"
						},
						"1.8333": {
							"post": [3.29, -1.37, -0.25],
							"lerp_mode": "catmullrom"
						},
						"1.9333": {
							"post": [4.17, -2.45, -1.75],
							"lerp_mode": "catmullrom"
						},
						"2.1333": {
							"post": [4.03, -2.97, -0.75],
							"lerp_mode": "catmullrom"
						},
						"2.3333": {
							"post": [4.32, -3.425, -1.425],
							"lerp_mode": "catmullrom"
						},
						"2.5667": {
							"post": [3.59, -3.7, -0.94],
							"lerp_mode": "catmullrom"
						},
						"2.8333": {
							"post": [2.645, -3.975, -0.9],
							"lerp_mode": "catmullrom"
						},
						"3.0667": {
							"post": [2.25, -4.1, -0.725],
							"lerp_mode": "catmullrom"
						},
						"3.2667": {
							"post": [1.34, -4.09, -0.46],
							"lerp_mode": "catmullrom"
						},
						"3.4": {
							"post": [1.215, -3.625, 0.45],
							"lerp_mode": "catmullrom"
						},
						"3.5333": {
							"post": [2.04, -2, 0.3],
							"lerp_mode": "catmullrom"
						},
						"3.7333": {
							"post": [3.495, 0.65, 0.3],
							"lerp_mode": "catmullrom"
						},
						"3.9667": {
							"post": [4, 0.99, 0.475],
							"lerp_mode": "catmullrom"
						},
						"4.0667": {
							"post": [4.545, 0.99, 1.075],
							"lerp_mode": "catmullrom"
						},
						"4.2333": {
							"post": [3.6, 0.93, -0.075],
							"lerp_mode": "catmullrom"
						},
						"4.4667": {
							"post": [4.18, 0.88, 0.475],
							"lerp_mode": "catmullrom"
						},
						"4.5667": {
							"post": [4.23, 0.86, 0.475],
							"lerp_mode": "catmullrom"
						},
						"4.6667": {
							"post": [5.05, 0.75, 1.35],
							"lerp_mode": "catmullrom"
						},
						"4.8": {
							"post": [3.235, 0.47, -0.225],
							"lerp_mode": "catmullrom"
						},
						"4.9667": {
							"post": [3.415, 0.06, 0.4],
							"lerp_mode": "catmullrom"
						},
						"5.1667": {
							"post": [2.12, -0.1, 0.015],
							"lerp_mode": "catmullrom"
						},
						"5.3": {
							"post": [1.72, -0.14, 0.175],
							"lerp_mode": "catmullrom"
						},
						"5.4333": {
							"post": [1.625, -0.16, -0.035],
							"lerp_mode": "catmullrom"
						},
						"5.6333": {
							"post": [2.75, -0.175, -0.3],
							"lerp_mode": "catmullrom"
						},
						"5.7333": {
							"post": [3.46, -0.14, 0.835],
							"lerp_mode": "catmullrom"
						},
						"5.8667": {
							"post": [1.815, -0.08, -0.83],
							"lerp_mode": "catmullrom"
						},
						"6.0333": {
							"post": [0.95, 0, 0.325],
							"lerp_mode": "catmullrom"
						},
						"6.1667": {
							"post": [-0.325, 0, -0.225],
							"lerp_mode": "catmullrom"
						},
						"6.3": {
							"post": [0.175, 0, 0.45],
							"lerp_mode": "catmullrom"
						},
						"6.4333": {
							"post": [-0.125, 0, -0.125],
							"lerp_mode": "catmullrom"
						},
						"6.6": {
							"post": [0, 0, 0],
							"lerp_mode": "catmullrom"
						}
					}
				}
			},
			"sound_effects": {
				"0.0": {
					"effect": "wfoly_plr_sm_uzulu_raise_first_start"
				},
				"1.1667": {
					"effect": "wfoly_plr_sm_uzulu_reload_shake"
				},
				"1.5667": {
					"effect": "wfoly_plr_sm_uzulu_reload_fast_magout_01"
				},
				"2.3333": {
					"effect": "wfoly_plr_sm_uzulu_reload_empty_arm"
				},
				"3.1333": {
					"effect": "weap_sm_uzulu_ads_down"
				},
				"3.8667": {
					"effect": "wfoly_plr_sm_uzulu_reload_empty_fast_charge_01"
				},
				"4.6": {
					"effect": "wfoly_plr_sm_uzulu_reload_empty_fast_charge_01"
				},
				"5.0333": {
					"effect": "wfoly_plr_sm_uzulu_reload_rattle"
				},
				"5.4667": {
					"effect": "wfoly_plr_sm_uzulu_reload_fast_magin_01"
				},
				"5.7": {
					"effect": "wfoly_plr_sm_uzulu_reload_end"
				}
			}
		},
		"shoot": {
			"animation_length": 0.3667,
			"bones": {
				"bolt": {
					"position": {
						"0.0": [0, 0, 0],
						"0.0333": [0, 0, -3],
						"0.0667": [0, 0, 0]
					}
				},
				"camera": {
					"rotation": {
						"0.0": [0, 0, 0],
						"0.0333": [0, 0, 0.725],
						"0.0667": [0, 0, -0.47],
						"0.1": [0, 0, 0.5],
						"0.1333": [0, 0, -0.27],
						"0.1667": [0, 0, 0.235],
						"0.2": [0, 0, 0]
					},
					"scale": 1
				},
				"gun_and_righthand": {
					"rotation": {
						"0.0": [0, 0, 0],
						"0.0333": [-1.185, -0.44, 0.905],
						"0.0667": [-1.98, 0.14, -0.22],
						"0.1": [-1.04, 0.11, -0.4],
						"0.1333": [-0.17, -0.01, -0.55],
						"0.1667": [0.225, -0.02, -0.67],
						"0.2": [-0.125, 0, -0.65],
						"0.2333": [-0.01, 0, -0.52],
						"0.3": [0, 0, 0]
					},
					"position": {
						"0.0": [0, 0, 0],
						"0.0333": [0, -1.12, 0.505],
						"0.0667": [0, -1.625, 0.275],
						"0.1": [0, -0.885, -0.04],
						"0.1333": [0, -0.165, -0.79],
						"0.1667": [0, 0.025, -1.12],
						"0.2": [0, 0.15, -1.145],
						"0.2333": [0, -0.08, -0.705],
						"0.2667": [0, -0.185, 0.175],
						"0.3": [0, -0.04, 0.07],
						"0.3667": [0, 0, 0]
					}
				},
				"mag_and_lefthand": {
					"rotation": {
						"0.0": [0, 0, 0],
						"0.0333": [-1.185, -0.44, 0.905],
						"0.0667": [-1.98, 0.14, -0.22],
						"0.1": [-1.04, 0.11, -0.4],
						"0.1333": [-0.17, -0.01, -0.55],
						"0.1667": [0.225, -0.02, -0.67],
						"0.2": [-0.125, 0, -0.65],
						"0.2333": [-0.01, 0, -0.52],
						"0.3": [0, 0, 0]
					},
					"position": {
						"0.0": [0, 0, 0],
						"0.0333": [0, -1.12, 0.505],
						"0.0667": [0, -1.625, 0.275],
						"0.1": [0, -0.885, -0.04],
						"0.1333": [0, -0.165, -0.79],
						"0.1667": [0, 0.025, -1.12],
						"0.2": [0, 0.15, -1.145],
						"0.2333": [0, -0.08, -0.705],
						"0.2667": [0, -0.185, 0.175],
						"0.3": [0, -0.04, 0.07],
						"0.3667": [0, 0, 0]
					}
				}
			}
		}
	}
}