{
	"format_version": "1.8.0",
	"animations": {
		"static_idle": {
			"loop": "hold_on_last_frame",
			"animation_length": 0.0667,
			"bones": {
				"root": {
					"rotation": {
						"0.0": {
							"post": [0, 0, 0],
							"lerp_mode": "catmullrom"
						}
					},
					"position": {
						"0.0": {
							"post": [-0.2, 0, 0],
							"lerp_mode": "catmullrom"
						}
					}
				},
				"lefthand": {
					"rotation": [-77.29, -168.44, -0.67],
					"position": [7.66, -17.5, 0.58],
					"scale": [1, 1.5, 1]
				},
				"righthand": {
					"rotation": [-83.42, 173.71, 3.34],
					"position": [-6.74, -16.58, 1.1],
					"scale": [1, 1.5, 1]
				},
				"camera": {
					"rotation": [0, 0, 0]
				},
				"lefthand_pos": {
					"rotation": [0, 0, -70],
					"position": [-25, 0, 16]
				},
				"righthand_pos": {
					"rotation": [-22.5, 20, 0],
					"position": [3.73745, 5.79164, 0.30045]
				},
				"tube": {
					"rotation": [-70, -87.5, -180],
					"position": [-2.05, 0, -7.45]
				}
			}
		},
		"draw": {
			"animation_length": 0.6667,
			"bones": {
				"root": {
					"rotation": {
						"0.0": {
							"post": [55, 56.5, 0],
							"lerp_mode": "catmullrom"
						},
						"0.1667": {
							"post": [-24.24109, -13.96522, -9.99239],
							"lerp_mode": "catmullrom"
						},
						"0.25": {
							"post": [-2, 0, 0],
							"lerp_mode": "catmullrom"
						},
						"0.2917": {
							"post": [2.5, 0, 0],
							"lerp_mode": "catmullrom"
						},
						"0.3333": {
							"post": [0, 0, 0],
							"lerp_mode": "catmullrom"
						}
					},
					"position": {
						"0.0": {
							"post": [-4.5, -26.46439, 22.97577],
							"lerp_mode": "catmullrom"
						},
						"0.2083": {
							"post": [-3.91, 2.45, -4.33],
							"lerp_mode": "catmullrom"
						},
						"0.3333": {
							"post": [-0.04, -3, -0.12],
							"lerp_mode": "catmullrom"
						},
						"0.4583": {
							"post": [-0.2, 1.5, 0],
							"lerp_mode": "catmullrom"
						},
						"0.5417": {
							"post": [-0.21, -1.41, -0.24],
							"lerp_mode": "catmullrom"
						},
						"0.625": {
							"post": [-0.2, 0, 0],
							"lerp_mode": "catmullrom"
						}
					}
				},
				"lefthand": {
					"rotation": [-77.29, -168.44, -0.67],
					"position": [7.66, -17.5, 0.58],
					"scale": [1, 1.5, 1]
				},
				"lefthand_pos": {
					"rotation": [0, 0, -70],
					"position": [-25, 0, 16]
				},
				"righthand": {
					"rotation": [-83.42, 173.71, 3.34],
					"position": [-6.74, -16.58, 1.1],
					"scale": [1, 1.5, 1]
				},
				"righthand_pos": {
					"rotation": [-22.5, 20, 0],
					"position": [3.73745, 5.79164, 0.30045]
				},
				"tube": {
					"rotation": [-70, -87.5, -180],
					"position": [-2.05, 0, -7.45]
				},
				"camera": {
					"rotation": [0, 0, 0]
				}
			}
		},
		"put_away": {
			"loop": "hold_on_last_frame",
			"animation_length": 0.5417,
			"bones": {
				"root": {
					"rotation": {
						"0.0": {
							"post": [0, 0, 0],
							"lerp_mode": "catmullrom"
						},
						"0.2083": {
							"post": [8.5, 6.5, 0],
							"lerp_mode": "catmullrom"
						},
						"0.3333": {
							"post": [-3.21088, -8.16553, -5.85463],
							"lerp_mode": "catmullrom"
						},
						"0.4167": {
							"post": [61.78912, 13.83447, -5.85463],
							"lerp_mode": "catmullrom"
						}
					},
					"position": {
						"0.0": {
							"post": [-0.2, 0, 0],
							"lerp_mode": "catmullrom"
						},
						"0.1667": {
							"post": [-0.2, 6, 0],
							"lerp_mode": "catmullrom"
						},
						"0.375": {
							"post": [-0.33921, -9.0507, 1.56753],
							"lerp_mode": "catmullrom"
						},
						"0.4583": {
							"post": [-4.7546, -40.38999, 8.39395],
							"lerp_mode": "catmullrom"
						}
					}
				},
				"lefthand": {
					"rotation": [-77.29, -168.44, -0.67],
					"position": [7.66, -17.5, 0.58],
					"scale": [1, 1.5, 1]
				},
				"lefthand_pos": {
					"rotation": [0, 0, -70],
					"position": [-25, 0, 16]
				},
				"righthand": {
					"rotation": [-83.42, 173.71, 3.34],
					"position": [-6.74, -16.58, 1.1],
					"scale": [1, 1.5, 1]
				},
				"righthand_pos": {
					"rotation": [-22.5, 20, 0],
					"position": [3.73745, 5.79164, 0.30045]
				},
				"tube": {
					"rotation": [-70, -87.5, -180],
					"position": [-2.05, 0, -7.45]
				},
				"camera": {
					"rotation": [0, 0, 0]
				}
			}
		},
		"reload_empty": {
			"animation_length": 1.4583,
			"bones": {
				"righthand": {
					"rotation": [-83.42, 173.71, 3.34],
					"position": [-6.74, -16.58, 1.1],
					"scale": [1, 1.5, 1]
				},
				"lefthand": {
					"rotation": [90, -38.87345, -180],
					"position": [30.5, -2824.5, -78.5]
				},
				"camera": {
					"rotation": [0, 0, 0]
				},
				"root": {
					"rotation": {
						"0.0": {
							"post": [0, 0, 0],
							"lerp_mode": "catmullrom"
						}
					},
					"position": {
						"0.0": {
							"post": [-0.2, 0, 0],
							"lerp_mode": "catmullrom"
						}
					}
				},
				"lefthand_pos": {
					"rotation": {
						"0.0": [-32.72519, -29.80082, -41.85677],
						"0.0417": [-35.59152, -24.3257, -42.94159],
						"0.0833": [-48.31248, -8.00638, -46.17504],
						"0.125": [-52.53212, 15.90212, -50.91219],
						"0.1667": [-53.83976, 39.81062, -55.64934],
						"0.2083": [-53.95464, 56.12993, -58.88279],
						"0.25": [-53.39431, 61.60505, -59.96761],
						"0.2917": [-51.99416, 60.85256, -59.96556],
						"0.3333": [-50.07744, 58.4842, -59.9577],
						"0.375": [-47.14387, 54.32206, -59.95923],
						"0.4167": [-41.1, 49.09, -59.97],
						"0.4583": [-43.07919, 60.58761, -59.98577],
						"0.5": [-43.57, 62.11, -59.97],
						"0.5417": [-43.21636, 60.48143, -59.94292],
						"0.5833": [-38.77, 48.61, -59.96],
						"0.625": [-42.68595, 57.04197, -59.98708],
						"0.6667": [-43.57, 58.11, -59.97],
						"0.7083": [-43.46086, 58.34087, -59.96579],
						"0.75": [-43.02513, 59.20144, -59.96453],
						"0.7917": [-43.5947, 60.50047, -59.96673],
						"0.8333": [-47.08118, 61.36876, -59.9692],
						"0.875": [-53.39, 61.61, -59.97],
						"0.9167": [-56.8155, 54.19671, -58.50104],
						"0.9583": [-46.30654, 15.90459, -50.91339],
						"1.0": [-35.33884, -22.38753, -43.32573],
						"1.0417": [-32.72519, -29.80082, -41.85677]
					},
					"position": {
						"0.0": [-20.01293, 30.52008, 2.16983],
						"0.2083": [-9.04045, 34.70681, -15.47088],
						"0.375": [-9.43186, 34.63078, -15.48307],
						"0.875": [-9.43, 34.63, -15.48],
						"1.0417": [-20.01293, 30.52008, 2.16983]
					}
				},
				"righthand_pos": {
					"rotation": [-22.5, 20, 0],
					"position": [3.73745, 5.79164, 0.30045]
				},
				"gun_and_righthand": {
					"rotation": {
						"0.0": {
							"post": [0, 0, 0],
							"lerp_mode": "catmullrom"
						},
						"0.0417": {
							"post": [-3.24, 1.74, -19.68],
							"lerp_mode": "catmullrom"
						},
						"0.0833": [-3.58778, 2.0009, -19.79956],
						"0.1667": [-7.18054, 4.69621, -21.0347],
						"0.2083": [-7.52832, 4.95712, -21.15426],
						"0.25": [-5.49133, 5.5662, -19.02558],
						"0.2917": [0.96, 7.47, 4.4],
						"0.3333": [4.49692, 8.51002, 36.093],
						"0.375": [3.61951, 8.25534, 59.4379],
						"0.4167": [3.25683, 8.32973, 24.42712],
						"0.4583": [0.46278, 8.9028, 13.68809],
						"0.5": [0.1001, 8.97719, 11.31523],
						"0.5417": [1.96345, 8.41804, 17.58074],
						"0.5833": [3.8268, 7.85889, 59.22323],
						"0.625": [3.56051, 7.88831, 44.59703],
						"0.6667": [2.6011, 7.99429, 24.80645],
						"0.7083": [1.16231, 8.15322, 8.59952],
						"0.75": [0.2029, 8.2592, -1.86302],
						"0.7917": [-0.0634, 8.28862, -5.52386],
						"0.8333": [-0.06715, 8.32084, -4.6166],
						"0.875": [-0.08067, 8.22175, -0.85721],
						"0.9167": [-0.07393, 7.20761, 5.13932],
						"0.9583": [-0.05, 5.99, 7.18],
						"1.0": [-0.02494, 4.6031, 6.37704],
						"1.0417": [-0.00614, 2.83361, 4.20483],
						"1.0833": [0.00104, 1.12891, 1.90965],
						"1.125": [0.00069, 0.22422, 0.45471],
						"1.1667": [0, 0, 0]
					},
					"position": {
						"0.0": {
							"post": [0, 0, 0],
							"lerp_mode": "catmullrom"
						},
						"0.125": {
							"post": [-1.5, -3, 0],
							"lerp_mode": "catmullrom"
						},
						"0.375": {
							"post": [-1.5, -3, 0],
							"lerp_mode": "catmullrom"
						},
						"1.25": {
							"post": [0, 0, 0],
							"lerp_mode": "catmullrom"
						}
					}
				},
				"tube": {
					"rotation": [-70, -87.5, -180],
					"position": [-2.05, 0, -7.45]
				}
			}
		},
		"inspect": {
			"animation_length": 2.9333,
			"bones": {
				"righthand": {
					"rotation": {
						"0.0": [-83.42, 173.71, 3.34],
						"0.6": [-83.42, 173.71, 3.34]
					},
					"position": {
						"0.0": [-6.74, -16.58, 1.1],
						"0.6": [-6.74, -16.58, 1.1]
					},
					"scale": [1, 1.5, 1]
				},
				"lefthand": {
					"rotation": [-77.29, -168.44, -0.67],
					"position": [7.66, -17.5, 0.58],
					"scale": [1, 1.5, 1]
				},
				"camera": {
					"rotation": [0, 0, 0]
				},
				"root": {
					"rotation": {
						"0.0": {
							"post": [0, 0, 0],
							"lerp_mode": "catmullrom"
						}
					},
					"position": {
						"0.0": {
							"post": [-0.2, 0, 0],
							"lerp_mode": "catmullrom"
						}
					}
				},
				"lefthand_pos": {
					"rotation": [0, 0, -70],
					"position": [-25, 0, 16]
				},
				"gun_and_righthand": {
					"rotation": {
						"0.0": [0, 0, 0],
						"0.0167": [-0.58037, 0, 0],
						"0.0333": [-2.22055, 0, 0],
						"0.05": [-4.78044, 0, 0],
						"0.0667": [-8.13023, 0, 0],
						"0.0833": [-12.14741, 0, 0],
						"0.1": [-16.71416, 0, 0],
						"0.1167": [-21.7148, 0, 0],
						"0.1333": [-27.03322, 0, 0],
						"0.1833": [-43.66929, 0, 0],
						"0.2": [-48.9857, 0, 0],
						"0.2167": [-53.91899, 0, 0],
						"0.2333": [-58.26653, 0, 0],
						"0.25": [-61.78441, 0, 0],
						"0.2667": [-64.16413, 0, 0],
						"0.2833": [-65, 0, 0],
						"0.3": [-64.94422, 0, 0],
						"0.3167": [-65.02159, 0, 0],
						"0.3333": [-65.29499, 0, 0],
						"0.35": [-65.71948, 0, 0],
						"0.3667": [-65.96582, 0, 0],
						"0.3833": [-65.92794, 0, 0],
						"0.4": [-65.71078, 0, 0],
						"0.4333": [-65, 0, 0],
						"0.45": [-64.0396, 0, 0],
						"0.4667": [-61.9691, 0, 0],
						"0.4833": [-58.74731, 0, 0],
						"0.5": [-54.31375, 0, 0],
						"0.5167": [-48.58228, 0, 0],
						"0.5333": [-41.42634, 0, 0],
						"0.55": [-32.64838, 0, 0],
						"0.5667": [-21.92165, 0, 0],
						"0.5833": [-8.62975, 0, 0],
						"0.6": [8.68829, 0, 0],
						"0.6167": [37.5, 0, 0],
						"0.6333": [56.17166, 0, 0],
						"0.65": [61.66357, 0, 0],
						"0.6667": [63.895, 0, 0],
						"0.6833": [64.5955, 0, 0],
						"0.7": [64.46536, 0, 0],
						"0.7167": [63.8768, 0, 0],
						"0.7667": [61.33567, 0, 0],
						"0.7833": [60.64154, 0, 0],
						"0.8": [60.17206, 0, 0],
						"0.8167": [60, 0, 0],
						"0.8333": [59.21567, -0.05348, 0.80921],
						"0.85": [57.521, -0.16905, 2.55763],
						"0.8667": [55.34035, -0.31775, 4.80746],
						"0.8833": [52.84948, -0.48761, 7.37734],
						"0.9": [50.1398, -0.67239, 10.17298],
						"0.9167": [47.26708, -0.86828, 13.13683],
						"0.9333": [44.26784, -1.07281, 16.23121],
						"1.15": [0.36672, -4.06652, 61.52493],
						"1.2833": [-27.34833, -5.95647, 90.11913],
						"1.35": [-40.43446, -6.84884, 103.62037],
						"1.3667": [-43.5344, -7.06023, 106.81864],
						"1.3833": [-46.53364, -7.26475, 109.91302],
						"1.4": [-49.40637, -7.46065, 112.87688],
						"1.4167": [-52.11605, -7.64543, 115.67251],
						"1.4333": [-54.60692, -7.81529, 118.24239],
						"1.45": [-56.78757, -7.96399, 120.49222],
						"1.4667": [-58.48224, -8.07955, 122.24065],
						"1.4833": [-59.26657, -8.13304, 123.04985],
						"1.5": [-59.26657, -8.13304, 122.91864],
						"1.7167": [-59.26657, -8.13304, 116.32973],
						"1.9333": [-59.26657, -8.13304, 108.49778],
						"2.05": [-59.26657, -8.13304, 104.77283],
						"2.1": [-59.26657, -8.13304, 103.68106],
						"2.1167": [-59.26657, -8.13304, 103.54985],
						"2.1333": [-59.15246, -7.99507, 103.48987],
						"2.15": [-58.78057, -7.53551, 103.29009],
						"2.1667": [-58.09889, -6.67292, 102.91511],
						"2.1833": [-57.04962, -5.32532, 102.32928],
						"2.2": [-55.57915, -3.46532, 101.52069],
						"2.2167": [-53.66177, -1.23974, 100.55318],
						"2.2333": [-51.33739, 0.98584, 99.58568],
						"2.25": [-48.73937, 2.84585, 98.77709],
						"2.2667": [-46.06807, 4.19345, 98.19126],
						"2.2833": [-43.51356, 5.05603, 97.81628],
						"2.3": [-41.19608, 5.51559, 97.6165],
						"2.3167": [-39.1626, 5.65356, 97.55652],
						"2.3333": [-37.93578, 5.45612, 96.65388],
						"2.35": [-38.02583, 4.74567, 93.40595],
						"2.3667": [-39.34722, 3.24615, 86.55073],
						"2.3833": [-41.64882, 0.48882, 73.94523],
						"2.4": [-44.43512, -3.80602, 54.31085],
						"2.4167": [-46.91283, -8.10085, 34.67646],
						"2.4333": [-48.04341, -10.85818, 22.07096],
						"2.45": [-46.75743, -12.3577, 15.21574],
						"2.4667": [-42.24337, -13.06815, 11.96781],
						"2.4833": [-34.13554, -13.26559, 11.06517],
						"2.5": [-21.59265, -13.12043, 10.94409],
						"2.5167": [0.22029, -12.54642, 10.46529],
						"2.5333": [12.08399, -11.04985, 9.21696],
						"2.55": [12.95553, -6.6328, 5.53259],
						"2.5667": [10.99956, -2.21575, 1.84821],
						"2.5833": [7.87558, -0.71918, 0.59988],
						"2.6": [4.12812, -0.14516, 0.12108],
						"2.6167": [0, 0, 0],
						"2.6333": [-4.08517, 0, 0],
						"2.65": [-7.7198, 0, 0],
						"2.6667": [-10.74738, 0, 0],
						"2.6833": [-12.95075, 0, 0],
						"2.7": [-14.06244, 0, 0],
						"2.7167": [-13.85153, 0, 0],
						"2.7333": [-12.34845, 0, 0],
						"2.75": [-10.00729, 0, 0],
						"2.7667": [-7.46437, 0, 0],
						"2.7833": [-5.16522, 0, 0],
						"2.8": [-3.29258, 0, 0],
						"2.8167": [-1.87714, 0, 0],
						"2.8333": [-0.88774, 0, 0],
						"2.85": [-0.27622, 0, 0],
						"2.8667": [0.00541, 0, 0],
						"2.8833": [0, 0, 0]
					},
					"position": {
						"0.0": [0, 0, 0],
						"0.0167": [0, 0.012, 0.01409],
						"0.0333": [0, 0.05519, 0.06478],
						"0.05": [0, 0.14633, 0.17178],
						"0.0667": [0, 0.31394, 0.36854],
						"0.1": [0, 0.83606, 0.98146],
						"0.1167": [0, 1.00367, 1.17822],
						"0.1333": [0, 1.09481, 1.28522],
						"0.15": [0, 1.138, 1.33591],
						"0.1667": [0, 1.15, 1.35],
						"0.3333": [0, 1.15, 1.35],
						"0.35": [0, 1.13819, 1.34137],
						"0.3667": [0, 1.10387, 1.31629],
						"0.3833": [0, 1.04897, 1.27617],
						"0.4": [0, 0.97578, 1.22269],
						"0.4167": [0, 0.88699, 1.1578],
						"0.5": [0, 0.32485, 0.74701],
						"0.5333": [0, 0.11301, 0.5922],
						"0.55": [0, 0.02422, 0.52731],
						"0.5667": [0, -0.04897, 0.47383],
						"0.5833": [0, -0.10387, 0.43371],
						"0.6": [0, -0.13819, 0.40863],
						"0.6167": [0, -0.15, 0.4],
						"0.6333": [0, -0.2851, 0.42002],
						"0.65": [0, -0.73511, 0.48668],
						"0.6667": [0, -1.57976, 0.61182],
						"0.6833": [0, -2.89935, 0.80731],
						"0.7": [0, -4.72069, 1.07714],
						"0.7333": [0, -9.07931, 1.72286],
						"0.75": [0, -10.90065, 1.99269],
						"0.7667": [0, -12.22024, 2.18818],
						"0.7833": [0, -13.06489, 2.31332],
						"0.8": [0, -13.5149, 2.37998],
						"0.8167": [0, -13.65, 2.4],
						"0.8333": [0.07317, -13.67661, 2.4],
						"0.85": [0.23254, -13.73456, 2.4],
						"0.8667": [0.43839, -13.80942, 2.4],
						"0.8833": [0.67428, -13.89519, 2.4],
						"0.9": [0.9313, -13.98865, 2.4],
						"0.9167": [1.20409, -14.08785, 2.4],
						"1.1333": [5.33334, -15.5894, 2.4],
						"1.2667": [7.9704, -16.54833, 2.4],
						"1.3333": [9.21601, -17.00128, 2.4],
						"1.3667": [9.79591, -17.21215, 2.4],
						"1.3833": [10.0687, -17.31135, 2.4],
						"1.4": [10.32572, -17.40481, 2.4],
						"1.4167": [10.56161, -17.49058, 2.4],
						"1.4333": [10.76746, -17.56544, 2.4],
						"1.45": [10.92683, -17.62339, 2.4],
						"1.4667": [11, -17.65, 2.4],
						"1.4833": [10.92683, -17.53692, 2.43326],
						"1.5": [10.76746, -17.29062, 2.5057],
						"1.5167": [10.56161, -16.97248, 2.59927],
						"1.5333": [10.32572, -16.60793, 2.70649],
						"1.55": [10.0687, -16.21072, 2.82332],
						"1.5667": [9.79591, -15.78913, 2.94731],
						"1.5833": [9.51083, -15.34855, 3.0769],
						"1.6": [9.21601, -14.89293, 3.2109],
						"1.8167": [5.00022, -8.37762, 5.12717],
						"1.9167": [3.0296, -5.33211, 6.02291],
						"1.9833": [1.78399, -3.40707, 6.5891],
						"2.0": [1.48917, -2.95145, 6.7231],
						"2.0167": [1.20409, -2.51087, 6.85269],
						"2.0333": [0.9313, -2.08928, 6.97668],
						"2.05": [0.67428, -1.69207, 7.09351],
						"2.0667": [0.43839, -1.32752, 7.20073],
						"2.0833": [0.23254, -1.00938, 7.2943],
						"2.1": [0.07317, -0.76308, 7.36674],
						"2.1167": [0, -0.65, 7.4],
						"2.1333": [0, -0.646, 7.35443],
						"2.15": [0, -0.63769, 7.25991],
						"2.1667": [0, -0.62726, 7.14112],
						"2.1833": [0, -0.6155, 7.00726],
						"2.4": [0, -0.4221, 4.80543],
						"2.6167": [0, -0.2119, 2.41234],
						"2.75": [0, -0.08876, 1.01045],
						"2.8167": [0, -0.0345, 0.39274],
						"2.8333": [0, -0.02274, 0.25888],
						"2.85": [0, -0.01231, 0.14009],
						"2.8667": [0, -0.004, 0.04557],
						"2.8833": [0, 0, 0]
					}
				},
				"righthand_pos": {
					"rotation": [-22.5, 20, 0],
					"position": [3.73745, 5.79164, 0.30045]
				},
				"tube": {
					"rotation": {
						"0.0": [-70, -87.5, -180],
						"0.5333": [-70, -87.5, -180],
						"0.9167": [-177.5135, 19.12776, -69.16724],
						"1.0": [-177.5135, 19.12776, -69.16724],
						"1.4833": [-171.84943, -73.19522, -77.78935]
					},
					"position": {
						"0.0": [-2.05, 0, -7.45],
						"0.5333": [-2.05, 0, -7.45],
						"0.9167": [-2.05, -52.9799, -55.0355],
						"1.0": [91.80639, -201.86552, -133.01179],
						"1.4833": [-2.05, 0, -7.45]
					}
				}
			}
		},
		"shoot": {
			"loop": true,
			"animation_length": 0.6
		},
		"reload_tactical": {
			"animation_length": 1.4583,
			"bones": {
				"righthand": {
					"rotation": [-83.42, 173.71, 3.34],
					"position": [-6.74, -16.58, 1.1],
					"scale": [1, 1.5, 1]
				},
				"lefthand": {
					"rotation": [90, -38.87345, -180],
					"position": [30.5, -2824.5, -78.5],
					"scale": [1, 1.5, 1]
				},
				"camera": {
					"rotation": [0, 0, 0]
				},
				"root": {
					"rotation": {
						"0.0": {
							"post": [0, 0, 0],
							"lerp_mode": "catmullrom"
						}
					},
					"position": {
						"0.0": {
							"post": [-0.2, 0, 0],
							"lerp_mode": "catmullrom"
						}
					}
				},
				"lefthand_pos": {
					"rotation": {
						"0.0": [-32.72519, -29.80082, -41.85677],
						"0.0417": [-34.78028, -24.3257, -42.94159],
						"0.0833": [-44.95892, -8.00638, -46.17504],
						"0.125": [-49.34326, 15.90212, -50.91219],
						"0.1667": [-51.49634, 39.81062, -55.64934],
						"0.2083": [-52.7137, 56.12993, -58.88279],
						"0.25": [-53.39431, 61.60505, -59.96761],
						"0.2917": [-53.66388, 60.61307, -59.96556],
						"0.3333": [-52.66993, 57.49061, -59.9577],
						"0.375": [-49.15957, 52.00174, -59.95923],
						"0.4167": [-37.1, 45.09, -59.97],
						"0.4583": [-42.59859, 56.58761, -59.98577],
						"0.5": [-43.57, 58.11, -59.97],
						"0.5417": [-43.21636, 56.3213, -59.94292],
						"0.5833": [-38.77, 42.11, -59.96],
						"0.625": [-42.68595, 55.92017, -59.98708],
						"0.6667": [-43.57, 58.11, -59.97],
						"0.7083": [-43.46086, 58.34087, -59.96579],
						"0.75": [-43.02513, 59.20144, -59.96453],
						"0.7917": [-43.5947, 60.50047, -59.96673],
						"0.8333": [-47.08118, 61.36876, -59.9692],
						"0.875": [-53.39, 61.61, -59.97],
						"0.9167": [-56.8155, 54.19671, -58.50104],
						"0.9583": [-46.30654, 15.90459, -50.91339],
						"1.0": [-35.33884, -22.38753, -43.32573],
						"1.0417": [-32.72519, -29.80082, -41.85677]
					},
					"position": {
						"0.0": [-20.01293, 30.52008, 2.16983],
						"0.2083": [-9.04045, 34.70681, -15.47088],
						"0.375": [-9.43186, 34.63078, -15.48307],
						"0.875": [-9.43, 34.63, -15.48],
						"1.0417": [-20.01293, 30.52008, 2.16983]
					}
				},
				"righthand_pos": {
					"rotation": [-22.5, 20, 0],
					"position": [3.73745, 5.79164, 0.30045]
				},
				"gun_and_righthand": {
					"rotation": {
						"0.0": {
							"post": [0, 0, 0],
							"lerp_mode": "catmullrom"
						},
						"0.0417": {
							"post": [-3.24, 1.74, -19.68],
							"lerp_mode": "catmullrom"
						},
						"0.0833": [-3.58778, 2.0009, -19.79956],
						"0.1667": [-7.18054, 4.69621, -21.0347],
						"0.2083": [-7.52832, 4.95712, -21.15426],
						"0.25": [-5.49133, 5.5662, -19.02558],
						"0.2917": [0.96, 7.47, 4.4],
						"0.3333": [4.49692, 8.51002, 36.093],
						"0.375": [3.61951, 8.25534, 59.4379],
						"0.4167": [3.25683, 8.32973, 24.42712],
						"0.4583": [0.46278, 8.9028, 13.68809],
						"0.5": [0.1001, 8.97719, 11.31523],
						"0.5417": [1.96345, 8.41804, 17.58074],
						"0.5833": [3.8268, 7.85889, 59.22323],
						"0.625": [3.56051, 7.88831, 44.59703],
						"0.6667": [2.6011, 7.99429, 24.80645],
						"0.7083": [1.16231, 8.15322, 8.59952],
						"0.75": [0.2029, 8.2592, -1.86302],
						"0.7917": [-0.0634, 8.28862, -5.52386],
						"0.8333": [-0.06715, 8.32084, -4.6166],
						"0.875": [-0.08067, 8.22175, -0.85721],
						"0.9167": [-0.07393, 7.20761, 5.13932],
						"0.9583": [-0.05, 5.99, 7.18],
						"1.0": [-0.02494, 4.6031, 6.37704],
						"1.0417": [-0.00614, 2.83361, 4.20483],
						"1.0833": [0.00104, 1.12891, 1.90965],
						"1.125": [0.00069, 0.22422, 0.45471],
						"1.1667": [0, 0, 0]
					},
					"position": {
						"0.0": {
							"post": [0, 0, 0],
							"lerp_mode": "catmullrom"
						},
						"0.125": {
							"post": [-1.5, -3, 0],
							"lerp_mode": "catmullrom"
						},
						"0.375": {
							"post": [-1.5, -3, 0],
							"lerp_mode": "catmullrom"
						},
						"1.25": {
							"post": [0, 0, 0],
							"lerp_mode": "catmullrom"
						}
					}
				},
				"tube": {
					"rotation": [-70, -87.5, -180],
					"position": [-2.05, 0, -7.45]
				}
			}
		},
		"inspect_empty": {
			"animation_length": 2.9333,
			"bones": {
				"righthand": {
					"rotation": {
						"0.0": [-83.42, 173.71, 3.34],
						"0.6": [-83.42, 173.71, 3.34]
					},
					"position": {
						"0.0": [-6.74, -16.58, 1.1],
						"0.6": [-6.74, -16.58, 1.1]
					},
					"scale": [1, 1.5, 1]
				},
				"lefthand": {
					"rotation": [-77.29, -168.44, -0.67],
					"position": [7.66, -17.5, 0.58],
					"scale": [1, 1.5, 1]
				},
				"camera": {
					"rotation": [0, 0, 0]
				},
				"root": {
					"rotation": {
						"0.0": {
							"post": [0, 0, 0],
							"lerp_mode": "catmullrom"
						}
					},
					"position": {
						"0.0": {
							"post": [-0.2, 0, 0],
							"lerp_mode": "catmullrom"
						}
					}
				},
				"lefthand_pos": {
					"rotation": [0, 0, -70],
					"position": [-25, 0, 16]
				},
				"gun_and_righthand": {
					"rotation": {
						"0.0": [0, 0, 0],
						"0.0167": [-0.58037, 0, 0],
						"0.0333": [-2.22055, 0, 0],
						"0.05": [-4.78044, 0, 0],
						"0.0667": [-8.13023, 0, 0],
						"0.0833": [-12.14741, 0, 0],
						"0.1": [-16.71416, 0, 0],
						"0.1167": [-21.7148, 0, 0],
						"0.1333": [-27.03322, 0, 0],
						"0.1833": [-43.66929, 0, 0],
						"0.2": [-48.9857, 0, 0],
						"0.2167": [-53.91899, 0, 0],
						"0.2333": [-58.26653, 0, 0],
						"0.25": [-61.78441, 0, 0],
						"0.2667": [-64.16413, 0, 0],
						"0.2833": [-65, 0, 0],
						"0.3": [-64.94422, 0, 0],
						"0.3167": [-65.02159, 0, 0],
						"0.3333": [-65.29499, 0, 0],
						"0.35": [-65.71948, 0, 0],
						"0.3667": [-65.96582, 0, 0],
						"0.3833": [-65.92794, 0, 0],
						"0.4": [-65.71078, 0, 0],
						"0.4333": [-65, 0, 0],
						"0.45": [-64.0396, 0, 0],
						"0.4667": [-61.9691, 0, 0],
						"0.4833": [-58.74731, 0, 0],
						"0.5": [-54.31375, 0, 0],
						"0.5167": [-48.58228, 0, 0],
						"0.5333": [-41.42634, 0, 0],
						"0.55": [-32.64838, 0, 0],
						"0.5667": [-21.92165, 0, 0],
						"0.5833": [-8.62975, 0, 0],
						"0.6": [8.68829, 0, 0],
						"0.6167": [37.5, 0, 0],
						"0.6333": [56.17166, 0, 0],
						"0.65": [61.66357, 0, 0],
						"0.6667": [63.895, 0, 0],
						"0.6833": [64.5955, 0, 0],
						"0.7": [64.46536, 0, 0],
						"0.7167": [63.8768, 0, 0],
						"0.7667": [61.33567, 0, 0],
						"0.7833": [60.64154, 0, 0],
						"0.8": [60.17206, 0, 0],
						"0.8167": [60, 0, 0],
						"0.8333": [59.21567, -0.05348, 0.80921],
						"0.85": [57.521, -0.16905, 2.55763],
						"0.8667": [55.34035, -0.31775, 4.80746],
						"0.8833": [52.84948, -0.48761, 7.37734],
						"0.9": [50.1398, -0.67239, 10.17298],
						"0.9167": [47.26708, -0.86828, 13.13683],
						"0.9333": [44.26784, -1.07281, 16.23121],
						"1.15": [0.36672, -4.06652, 61.52493],
						"1.2833": [-27.34833, -5.95647, 90.11913],
						"1.35": [-40.43446, -6.84884, 103.62037],
						"1.3667": [-43.5344, -7.06023, 106.81864],
						"1.3833": [-46.53364, -7.26475, 109.91302],
						"1.4": [-49.40637, -7.46065, 112.87688],
						"1.4167": [-52.11605, -7.64543, 115.67251],
						"1.4333": [-54.60692, -7.81529, 118.24239],
						"1.45": [-56.78757, -7.96399, 120.49222],
						"1.4667": [-58.48224, -8.07955, 122.24065],
						"1.4833": [-59.26657, -8.13304, 123.04985],
						"1.5": [-59.26657, -8.13304, 122.91864],
						"1.7167": [-59.26657, -8.13304, 116.32973],
						"1.9333": [-59.26657, -8.13304, 108.49778],
						"2.05": [-59.26657, -8.13304, 104.77283],
						"2.1": [-59.26657, -8.13304, 103.68106],
						"2.1167": [-59.26657, -8.13304, 103.54985],
						"2.1333": [-59.15246, -7.99507, 103.48987],
						"2.15": [-58.78057, -7.53551, 103.29009],
						"2.1667": [-58.09889, -6.67292, 102.91511],
						"2.1833": [-57.04962, -5.32532, 102.32928],
						"2.2": [-55.57915, -3.46532, 101.52069],
						"2.2167": [-53.66177, -1.23974, 100.55318],
						"2.2333": [-51.33739, 0.98584, 99.58568],
						"2.25": [-48.73937, 2.84585, 98.77709],
						"2.2667": [-46.06807, 4.19345, 98.19126],
						"2.2833": [-43.51356, 5.05603, 97.81628],
						"2.3": [-41.19608, 5.51559, 97.6165],
						"2.3167": [-39.1626, 5.65356, 97.55652],
						"2.3333": [-37.93578, 5.45612, 96.65388],
						"2.35": [-38.02583, 4.74567, 93.40595],
						"2.3667": [-39.34722, 3.24615, 86.55073],
						"2.3833": [-41.64882, 0.48882, 73.94523],
						"2.4": [-44.43512, -3.80602, 54.31085],
						"2.4167": [-46.91283, -8.10085, 34.67646],
						"2.4333": [-48.04341, -10.85818, 22.07096],
						"2.45": [-46.75743, -12.3577, 15.21574],
						"2.4667": [-42.24337, -13.06815, 11.96781],
						"2.4833": [-34.13554, -13.26559, 11.06517],
						"2.5": [-21.59265, -13.12043, 10.94409],
						"2.5167": [0.22029, -12.54642, 10.46529],
						"2.5333": [12.08399, -11.04985, 9.21696],
						"2.55": [12.95553, -6.6328, 5.53259],
						"2.5667": [10.99956, -2.21575, 1.84821],
						"2.5833": [7.87558, -0.71918, 0.59988],
						"2.6": [4.12812, -0.14516, 0.12108],
						"2.6167": [0, 0, 0],
						"2.6333": [-4.08517, 0, 0],
						"2.65": [-7.7198, 0, 0],
						"2.6667": [-10.74738, 0, 0],
						"2.6833": [-12.95075, 0, 0],
						"2.7": [-14.06244, 0, 0],
						"2.7167": [-13.85153, 0, 0],
						"2.7333": [-12.34845, 0, 0],
						"2.75": [-10.00729, 0, 0],
						"2.7667": [-7.46437, 0, 0],
						"2.7833": [-5.16522, 0, 0],
						"2.8": [-3.29258, 0, 0],
						"2.8167": [-1.87714, 0, 0],
						"2.8333": [-0.88774, 0, 0],
						"2.85": [-0.27622, 0, 0],
						"2.8667": [0.00541, 0, 0],
						"2.8833": [0, 0, 0]
					},
					"position": {
						"0.0": [0, 0, 0],
						"0.0167": [0, 0.012, 0.01409],
						"0.0333": [0, 0.05519, 0.06478],
						"0.05": [0, 0.14633, 0.17178],
						"0.0667": [0, 0.31394, 0.36854],
						"0.1": [0, 0.83606, 0.98146],
						"0.1167": [0, 1.00367, 1.17822],
						"0.1333": [0, 1.09481, 1.28522],
						"0.15": [0, 1.138, 1.33591],
						"0.1667": [0, 1.15, 1.35],
						"0.3333": [0, 1.15, 1.35],
						"0.35": [0, 1.13819, 1.34137],
						"0.3667": [0, 1.10387, 1.31629],
						"0.3833": [0, 1.04897, 1.27617],
						"0.4": [0, 0.97578, 1.22269],
						"0.4167": [0, 0.88699, 1.1578],
						"0.5": [0, 0.32485, 0.74701],
						"0.5333": [0, 0.11301, 0.5922],
						"0.55": [0, 0.02422, 0.52731],
						"0.5667": [0, -0.04897, 0.47383],
						"0.5833": [0, -0.10387, 0.43371],
						"0.6": [0, -0.13819, 0.40863],
						"0.6167": [0, -0.15, 0.4],
						"0.6333": [0, -0.2851, 0.42002],
						"0.65": [0, -0.73511, 0.48668],
						"0.6667": [0, -1.57976, 0.61182],
						"0.6833": [0, -2.89935, 0.80731],
						"0.7": [0, -4.72069, 1.07714],
						"0.7333": [0, -9.07931, 1.72286],
						"0.75": [0, -10.90065, 1.99269],
						"0.7667": [0, -12.22024, 2.18818],
						"0.7833": [0, -13.06489, 2.31332],
						"0.8": [0, -13.5149, 2.37998],
						"0.8167": [0, -13.65, 2.4],
						"0.8333": [0.07317, -13.67661, 2.4],
						"0.85": [0.23254, -13.73456, 2.4],
						"0.8667": [0.43839, -13.80942, 2.4],
						"0.8833": [0.67428, -13.89519, 2.4],
						"0.9": [0.9313, -13.98865, 2.4],
						"0.9167": [1.20409, -14.08785, 2.4],
						"1.1333": [5.33334, -15.5894, 2.4],
						"1.2667": [7.9704, -16.54833, 2.4],
						"1.3333": [9.21601, -17.00128, 2.4],
						"1.3667": [9.79591, -17.21215, 2.4],
						"1.3833": [10.0687, -17.31135, 2.4],
						"1.4": [10.32572, -17.40481, 2.4],
						"1.4167": [10.56161, -17.49058, 2.4],
						"1.4333": [10.76746, -17.56544, 2.4],
						"1.45": [10.92683, -17.62339, 2.4],
						"1.4667": [11, -17.65, 2.4],
						"1.4833": [10.92683, -17.53692, 2.43326],
						"1.5": [10.76746, -17.29062, 2.5057],
						"1.5167": [10.56161, -16.97248, 2.59927],
						"1.5333": [10.32572, -16.60793, 2.70649],
						"1.55": [10.0687, -16.21072, 2.82332],
						"1.5667": [9.79591, -15.78913, 2.94731],
						"1.5833": [9.51083, -15.34855, 3.0769],
						"1.6": [9.21601, -14.89293, 3.2109],
						"1.8167": [5.00022, -8.37762, 5.12717],
						"1.9167": [3.0296, -5.33211, 6.02291],
						"1.9833": [1.78399, -3.40707, 6.5891],
						"2.0": [1.48917, -2.95145, 6.7231],
						"2.0167": [1.20409, -2.51087, 6.85269],
						"2.0333": [0.9313, -2.08928, 6.97668],
						"2.05": [0.67428, -1.69207, 7.09351],
						"2.0667": [0.43839, -1.32752, 7.20073],
						"2.0833": [0.23254, -1.00938, 7.2943],
						"2.1": [0.07317, -0.76308, 7.36674],
						"2.1167": [0, -0.65, 7.4],
						"2.1333": [0, -0.646, 7.35443],
						"2.15": [0, -0.63769, 7.25991],
						"2.1667": [0, -0.62726, 7.14112],
						"2.1833": [0, -0.6155, 7.00726],
						"2.4": [0, -0.4221, 4.80543],
						"2.6167": [0, -0.2119, 2.41234],
						"2.75": [0, -0.08876, 1.01045],
						"2.8167": [0, -0.0345, 0.39274],
						"2.8333": [0, -0.02274, 0.25888],
						"2.85": [0, -0.01231, 0.14009],
						"2.8667": [0, -0.004, 0.04557],
						"2.8833": [0, 0, 0]
					}
				},
				"righthand_pos": {
					"rotation": [-22.5, 20, 0],
					"position": [3.73745, 5.79164, 0.30045]
				},
				"tube": {
					"rotation": {
						"0.0": [-70, -87.5, -180],
						"0.5333": [-70, -87.5, -180],
						"0.9167": [-177.5135, 19.12776, -69.16724],
						"1.0": [-177.5135, 19.12776, -69.16724],
						"1.4833": [-171.84943, -73.19522, -77.78935]
					},
					"position": {
						"0.0": [-2.05, 0, -7.45],
						"0.5333": [-2.05, 0, -7.45],
						"0.9167": [-2.05, -52.9799, -55.0355],
						"1.0": [91.80639, -201.86552, -133.01179],
						"1.4833": [-2.05, 0, -7.45]
					}
				}
			}
		}
	}
}